recording,script,speaker,condition,chunk_index,window_time,lexical_current,semantic_current,semantic_next,semantic_delta,time_in_chunk,tokens_seen_ratio,lexical_rolling_mean,asr_confidence,advance
script1_speakerA_literal.wav,1,A,literal,0,1.0,12.8,0.1677176058292389,0.19758965075016022,0.029872044920921326,0.0,0.05263157894736842,12.8,0.6056267808072656,0
script1_speakerA_literal.wav,1,A,literal,0,2.0,25.185185185185187,0.2247193455696106,0.12587827444076538,-0.09884107112884521,1.0,0.10526315789473684,18.992592592592594,0.37561491358121596,0
script1_speakerA_literal.wav,1,A,literal,0,3.0,52.121212121212125,0.5485901832580566,0.16472165286540985,-0.3838685303926468,2.0,0.3684210526315789,30.035465768799103,0.58580870240004,0
script1_speakerA_literal.wav,1,A,literal,0,4.0,59.42857142857143,0.6108167171478271,0.20839975774288177,-0.4024169594049454,3.0,0.47368421052631576,45.578322911656244,0.3710159032097566,0
script1_speakerA_literal.wav,1,A,literal,0,5.0,69.5187165775401,0.698129415512085,0.17007747292518616,-0.5280519425868988,4.0,0.6842105263157895,60.35616670910789,0.45104686687528117,0
script1_speakerA_literal.wav,1,A,literal,0,7.0,69.74358974358974,0.6657635569572449,0.1602397859096527,-0.5055237710475922,6.0,0.7368421052631579,66.23029258323376,0.37634630513888623,0
script1_speakerA_literal.wav,1,A,literal,0,9.0,58.88888888888889,0.5137839317321777,0.31913283467292786,-0.19465109705924988,8.0,0.7368421052631579,66.05039840333959,0.724675506101387,1
script1_speakerA_literal.wav,1,A,literal,1,10.0,47.5,0.4793800413608551,0.19222237169742584,-0.28715766966342926,0.0,0.36363636363636365,58.71082621082621,0.5319926177209695,0
script1_speakerA_literal.wav,1,A,literal,1,11.0,59.183673469387756,0.8630286455154419,0.44059455394744873,-0.42243409156799316,1.0,0.5454545454545454,55.19085411942555,0.5541094607595008,0
script1_speakerA_literal.wav,1,A,literal,1,12.0,56.86274509803921,0.858485221862793,0.44044384360313416,-0.4180413782596588,2.0,0.5454545454545454,54.51547285580899,0.4029206776302355,1
script1_speakerA_literal.wav,1,A,literal,2,13.0,58.82352941176471,0.4152664542198181,0.15683448314666748,-0.25843197107315063,0.0,0.4166666666666667,58.28998265973056,0.48781574387913135,0
script1_speakerA_literal.wav,1,A,literal,2,14.0,72.91666666666667,0.5588049292564392,0.30047574639320374,-0.2583291828632355,1.0,0.5833333333333334,62.86764705882353,0.3918508671397564,0
script1_speakerA_literal.wav,1,A,literal,2,16.0,90.2654867256637,0.8808265924453735,0.5866845846176147,-0.2941420078277588,3.0,0.8333333333333334,74.00189426803169,0.42450076163933076,0
script1_speakerA_literal.wav,1,A,literal,2,17.0,89.07563025210084,0.836002767086029,0.5303325653076172,-0.30567020177841187,4.0,0.8333333333333334,84.08592788147708,0.32092297246584883,1
script1_speakerA_literal.wav,1,A,literal,3,18.0,9.090909090909093,0.45431023836135864,0.061536021530628204,-0.39277421683073044,0.0,0.1111111111111111,62.81067535622454,0.636047293459545,0
script1_speakerA_literal.wav,1,A,literal,3,19.0,48.19277108433735,0.7136244773864746,0.12035852670669556,-0.593265950679779,1.0,0.4444444444444444,48.78643680911576,0.5231092811050672,0
script1_speakerA_literal.wav,1,A,literal,3,20.0,63.829787234042556,0.8057457804679871,0.10292498767375946,-0.7028207927942276,2.0,0.5555555555555556,40.371155803096336,0.37647223160859505,0
script1_speakerA_literal.wav,1,A,literal,3,21.0,70.86614173228347,0.8365106582641602,0.16106382012367249,-0.6754468381404877,3.0,0.5555555555555556,60.962900016887794,0.4361015009361524,0
script1_speakerA_literal.wav,1,A,literal,3,23.0,62.857142857142854,0.7754006385803223,0.39438340067863464,-0.3810172379016876,5.0,0.5555555555555556,65.85102394115628,0.6079841095814728,1
script1_speakerA_literal.wav,1,A,literal,4,24.0,34.210526315789465,0.6981639862060547,0.16785812377929688,-0.5303058624267578,0.0,0.3333333333333333,55.97793696840526,0.5091091546435627,0
script1_speakerA_literal.wav,1,A,literal,4,25.0,76.47058823529412,0.871208667755127,0.23919937014579773,-0.6320092976093292,1.0,0.8333333333333334,57.846085802742145,0.6020924624479028,0
script1_speakerA_literal.wav,1,A,literal,4,26.0,75.47169811320755,0.8641114234924316,0.231392964720726,-0.6327184587717056,2.0,0.8333333333333334,62.05093755476371,0.5262572402255006,1
script1_speakerA_literal.wav,1,A,literal,5,27.0,47.05882352941176,0.4067932367324829,0.0061693377792835236,-0.4006238989531994,0.0,0.4166666666666667,66.33370329263781,0.5686857569957194,0
script1_speakerA_literal.wav,1,A,literal,5,28.0,51.11111111111111,0.42905569076538086,0.01303650438785553,-0.41601918637752533,1.0,0.5,57.88054425124347,0.5533970329927187,0
script1_speakerA_literal.wav,1,A,literal,5,29.0,72.26890756302521,0.8120826482772827,0.027292566373944283,-0.7847900819033384,2.0,0.75,56.81294740118269,0.41250564306332094,0
script1_speakerA_literal.wav,1,A,literal,5,30.0,77.37226277372262,0.7452715635299683,0.07482051104307175,-0.6704510524868965,3.0,0.8333333333333334,66.91742714928631,0.46029564924787897,0
script1_speakerA_literal.wav,1,A,literal,5,31.0,56.19834710743802,0.5904111862182617,0.30389320850372314,-0.2865179777145386,4.0,0.8333333333333334,68.61317248139528,0.39022787225859695,1
script1_speakerA_literal.wav,1,A,literal,6,32.0,24.691358024691358,0.04188525676727295,0.1600235402584076,0.11813828349113464,0.0,0.0,52.75398930195067,0.4234821153156607,0
script1_speakerA_literal.wav,1,A,literal,6,33.0,50.0,0.39930376410484314,0.5135369896888733,0.11423322558403015,1.0,0.2222222222222222,43.62990171070979,0.3883611043640621,0
script1_speakerA_literal.wav,1,A,literal,6,34.0,52.892561983471076,0.4494558274745941,0.5246654152870178,0.0752095878124237,2.0,0.4444444444444444,42.527973336054146,0.3765792083910715,0
script1_speakerA_literal.wav,1,A,literal,6,35.0,63.1578947368421,0.5072486400604248,0.5485196113586426,0.04127097129821777,3.0,0.5555555555555556,55.35015224010439,0.4164124734986819,0
script1_speakerA_literal.wav,1,A,literal,6,36.0,65.11627906976744,0.3989718556404114,0.4035539925098419,0.004582136869430542,4.0,0.5555555555555556,60.38891193002687,0.49871966936518725,1
script1_speakerA_literal.wav,1,A,literal,7,37.0,35.29411764705882,0.26678526401519775,-0.0014542452991008759,-0.26823950931429863,0.0,0.18181818181818182,54.522763817889455,0.5631977651884326,0
script1_speakerA_literal.wav,1,A,literal,7,38.0,59.4059405940594,0.4097108840942383,0.09473203122615814,-0.31497885286808014,1.0,0.36363636363636365,53.27211243696189,0.5404955655129549,0
script1_speakerA_literal.wav,1,A,literal,7,39.0,71.21212121212122,0.3393602967262268,0.06654217094182968,-0.2728181257843971,2.0,0.5454545454545454,55.30405981774648,0.426057452812282,0
script1_speakerA_literal.wav,1,A,literal,7,40.0,72.34042553191489,0.3025630712509155,0.05108978971838951,-0.251473281532526,3.0,0.5454545454545454,67.6528291126985,0.3805302504461956,0
script1_speakerA_literal.wav,1,A,literal,7,41.0,68.14814814814815,0.22820088267326355,0.0788901150226593,-0.14931076765060425,4.0,0.5454545454545454,70.56689829739476,0.681683153109557,1
script1_speakerA_literal.wav,1,A,literal,8,42.0,18.666666666666664,0.2731046974658966,0.013241175562143326,-0.2598635219037533,0.0,0.1,53.051746782243235,0.5605057516830396,0
script1_speakerA_literal.wav,1,A,literal,8,43.0,50.526315789473685,0.7534579038619995,0.3711124062538147,-0.3823454976081848,1.0,0.2,45.78037686809617,0.5557672643061942,0
script1_speakerA_literal.wav,1,A,literal,8,44.0,58.490566037735846,0.8276983499526978,0.4746039807796478,-0.3530943691730499,2.0,0.2,42.561182831292065,0.29623205559284527,0
script1_speakerA_literal.wav,1,A,literal,8,45.0,67.82608695652175,0.8320766687393188,0.46876639127731323,-0.3633102774620056,3.0,0.3,58.94765626124376,0.3702067175722135,0
script1_speakerA_literal.wav,1,A,literal,8,46.0,61.946902654867266,0.6800728440284729,0.5513116121292114,-0.12876123189926147,4.0,0.3,62.75451854970829,0.473277271774204,1
script1_speakerA_literal.wav,1,A,literal,9,47.0,24.17582417582418,0.31401556730270386,0.17752015590667725,-0.1364954113960266,0.0,0.09090909090909091,51.3162712624044,0.3907569942112869,0
script1_speakerA_literal.wav,1,A,literal,9,48.0,45.28301886792453,0.38082414865493774,0.13682642579078674,-0.243997722864151,1.0,0.2727272727272727,43.80191523287199,0.7119199081619422,0
script1_speakerA_literal.wav,1,A,literal,9,49.0,52.991452991452995,0.5276424884796143,0.1996302753686905,-0.32801221311092377,2.0,0.45454545454545453,40.81676534506724,0.37340776690734634,0
script1_speakerA_literal.wav,1,A,literal,9,50.0,63.565891472868216,0.6828675866127014,0.20206642150878906,-0.48080116510391235,3.0,0.5454545454545454,53.946787777415246,0.3697431299013422,0
script1_speakerA_literal.wav,1,A,literal,9,51.0,75.75757575757575,0.6211748719215393,0.22914594411849976,-0.39202892780303955,4.0,0.7272727272727273,64.10497340729898,0.5695818012592703,0
script1_speakerA_literal.wav,1,A,literal,9,52.0,61.78861788617886,0.6204555034637451,0.2602560222148895,-0.3601994812488556,5.0,0.7272727272727273,67.03736170554095,0.38046280354070894,1
script1_speakerA_literal.wav,1,A,literal,10,53.0,37.5,0.22933128476142883,0.09156866371631622,-0.1377626210451126,0.0,0.2,58.34873121458487,0.6207659889883271,0
script1_speakerA_literal.wav,1,A,literal,10,54.0,54.36893203883495,0.4465722143650055,0.14693543314933777,-0.2996367812156677,1.0,0.5,51.21918330833794,0.44326729579397894,0
script1_speakerA_literal.wav,1,A,literal,10,55.0,63.934426229508205,0.5440815687179565,0.21316984295845032,-0.3309117257595062,2.0,0.7,51.93445275611438,0.6258312575907199,0
script1_speakerA_literal.wav,1,A,literal,10,56.0,63.1578947368421,0.5163170099258423,0.20481613278388977,-0.3115008771419525,3.0,0.7,60.48708433506175,0.339784193725766,1
script1_speakerA_literal.wav,1,A,literal,11,57.0,30.136986301369863,0.24036379158496857,0.010249458253383636,-0.23011433333158493,0.0,0.125,52.40976908924006,0.6695218633781702,0
script1_speakerA_literal.wav,1,A,literal,11,58.0,45.97701149425287,0.6051968336105347,0.3041255474090576,-0.30107128620147705,1.0,0.25,46.42396417748828,0.6348646732478511,0
script1_speakerA_literal.wav,1,A,literal,11,59.0,59.25925925925925,0.779939591884613,0.44245558977127075,-0.3374840021133423,2.0,0.625,45.12441901829399,0.551616985522893,0
script1_speakerA_literal.wav,1,A,literal,11,61.0,59.64912280701755,0.7965782880783081,0.4939923882484436,-0.3025858998298645,4.0,0.625,54.96179785350989,0.34643362758085977,0
script1_speakerA_literal.wav,1,A,literal,11,62.0,48.0,0.6011813879013062,0.5679515600204468,-0.033229827880859375,5.0,0.625,55.6361273554256,0.5432845599286701,1
script1_speakerA_literal.wav,1,A,literal,12,63.0,14.28571428571429,0.4078753590583801,0.21642720699310303,-0.1914481520652771,0.0,0.1,40.64494569757728,0.37910806346542864,0
script1_speakerA_literal.wav,1,A,literal,12,64.0,40.44943820224719,0.43463635444641113,0.21156056225299835,-0.22307579219341278,1.0,0.4,34.24505082932049,0.6183941616978798,0
script1_speakerA_literal.wav,1,A,literal,12,65.0,59.81308411214954,0.6800347566604614,0.2337367832660675,-0.4462979733943939,2.0,0.5,38.18274553337034,0.41839820420512047,0
script1_speakerA_literal.wav,1,A,literal,12,67.0,62.01550387596899,0.8486781120300293,0.6670143604278564,-0.18166375160217285,4.0,0.6,54.09267539678857,0.47996532448398843,1
script1_speakerA_literal.wav,1,A,literal,13,68.0,43.90243902439024,0.34742555022239685,0.03396688401699066,-0.3134586662054062,0.0,0.125,55.243675670836254,0.6224540862223479,0
script1_speakerA_literal.wav,1,A,literal,13,69.0,63.1578947368421,0.4656449854373932,0.08243809640407562,-0.38320688903331757,1.0,0.375,56.35861254573378,0.4076013173757453,0
script1_speakerA_literal.wav,1,A,literal,13,70.0,79.62962962962963,0.5642122030258179,0.1426939219236374,-0.4215182811021805,2.0,0.5,62.22998779695399,0.4813291049827443,0
script1_speakerA_literal.wav,1,A,literal,13,71.0,76.66666666666666,0.5421192646026611,0.12755084037780762,-0.4145684242248535,3.0,0.5,73.15139701104613,0.32041686968338473,1
script1_speakerA_literal.wav,1,A,literal,14,72.0,35.29411764705882,0.5113312005996704,0.5045439004898071,-0.006787300109863281,0.0,0.2727272727272727,63.8634713144517,0.4877638038355186,0
script1_speakerA_literal.wav,1,A,literal,14,73.0,52.0,0.607019305229187,0.4154500365257263,-0.1915692687034607,1.0,0.2727272727272727,54.65359477124183,0.44338084193552074,0
script1_speakerA_literal.wav,1,A,literal,14,74.0,72.41379310344827,0.6770813465118408,0.48736733198165894,-0.18971401453018188,2.0,0.45454545454545453,53.23597025016903,0.4461423214732948,0
script1_speakerA_literal.wav,1,A,literal,14,75.0,84.21052631578947,0.7758304476737976,0.572711706161499,-0.20311874151229858,3.0,0.7272727272727273,69.54143980641258,0.5725193429774827,0
script1_speakerA_literal.wav,1,A,literal,14,77.0,71.21212121212122,0.5031970739364624,0.2872063219547272,-0.21599075198173523,5.0,0.7272727272727273,75.94548021045298,0.4547443908622335,1
script1_speakerA_literal.wav,1,A,literal,15,78.0,27.77777777777778,0.5924124121665955,0.5753220319747925,-0.01709038019180298,0.0,0.18181818181818182,61.06680843522949,0.48055392614350145,0
script1_speakerA_literal.wav,1,A,literal,15,79.0,47.82608695652174,0.5031334161758423,0.42496392130851746,-0.07816949486732483,1.0,0.36363636363636365,48.938661982140246,0.613989728467822,0
script1_speakerA_literal.wav,1,A,literal,15,80.0,53.06122448979591,0.48987194895744324,0.4465216398239136,-0.04335030913352966,2.0,0.36363636363636365,42.888363074698475,0.40119527537137023,0
script1_speakerA_literal.wav,1,A,literal,15,81.0,50.0,0.5038924813270569,0.5813015103340149,0.07740902900695801,3.0,0.36363636363636365,50.29577048210589,0.4262710725192108,1
script1_speakerA_literal.wav,1,A,literal,16,82.0,44.18604651162791,0.24323782324790955,0.12714560329914093,-0.11609221994876862,0.0,0.3,49.08242366714127,0.5419036268413343,0
script1_speakerA_literal.wav,1,A,literal,16,83.0,65.34653465346535,0.4075319170951843,0.17463701963424683,-0.2328948974609375,1.0,0.5,53.177527055031085,0.5167643402934056,0
script1_speakerA_literal.wav,1,A,literal,16,84.0,84.03361344537815,0.8001991510391235,0.3943157494068146,-0.40588340163230896,2.0,0.7,64.52206487015714,0.3807717399861483,0
script1_speakerA_literal.wav,1,A,literal,16,85.0,87.3015873015873,0.848770022392273,0.4705389738082886,-0.3782310485839844,3.0,0.8,78.8939118001436,0.3097579561212915,0
script1_speakerA_literal.wav,1,A,literal,16,86.0,68.46846846846847,0.779987633228302,0.4919261336326599,-0.2880614995956421,4.0,0.8,79.93455640514465,0.7078975547887437,1
script1_speakerA_literal.wav,1,A,literal,17,87.0,27.848101265822788,0.24246282875537872,0.004977650940418243,-0.23748517781496048,0.0,0.2222222222222222,61.20605234529285,0.6577218758657108,0
script1_speakerA_literal.wav,1,A,literal,17,88.0,52.08333333333333,0.49641749262809753,0.16730232536792755,-0.32911516726017,1.0,0.3333333333333333,49.46663435587486,0.3306433838772292,0
script1_speakerA_literal.wav,1,A,literal,17,89.0,63.63636363636363,0.5281270742416382,0.18511131405830383,-0.34301576018333435,2.0,0.4444444444444444,47.85593274517325,0.4026158121522864,0
script1_speakerA_literal.wav,1,A,literal,17,90.0,75.55555555555556,0.718766987323761,0.26657867431640625,-0.45218831300735474,3.0,0.6666666666666666,63.75841750841751,0.46984100736641254,0
script1_speakerA_literal.wav,1,A,literal,17,91.0,66.12903225806453,0.6163723468780518,0.2548394799232483,-0.36153286695480347,4.0,0.6666666666666666,68.44031714999457,0.28228819139111977,0
script1_speakerA_literal.wav,1,A,literal,17,92.0,64.46280991735537,0.43442225456237793,0.13505274057388306,-0.2993695139884949,5.0,0.6666666666666666,68.71579924365848,0.40166455249812366,1
script1_speakerA_literal.wav,1,A,literal,18,93.0,31.707317073170728,0.3447081446647644,0.16227826476097107,-0.18242987990379333,0.0,0.25,54.09971974953021,0.37187773750179787,0
script1_speakerA_literal.wav,1,A,literal,18,94.0,53.46534653465347,0.5012280941009521,0.34715622663497925,-0.1540718674659729,1.0,0.3333333333333333,49.87849117505986,0.36318486574843256,0
script1_speakerA_literal.wav,1,A,literal,18,95.0,74.3801652892562,0.6570491790771484,0.439948707818985,-0.21710047125816345,2.0,0.5833333333333334,53.1842762990268,0.5903037247578893,0
script1_speakerA_literal.wav,1,A,literal,18,97.0,71.72413793103448,0.5909055471420288,0.39834845066070557,-0.19255709648132324,4.0,0.5833333333333334,66.52321658498138,0.3599965212718758,1
script1_speakerA_literal.wav,1,A,literal,19,98.0,56.17977528089888,0.5568410158157349,0.17799396812915802,-0.37884704768657684,0.0,0.4,67.42802616706318,0.35239894807256494,0
script1_speakerA_literal.wav,1,A,literal,19,99.0,80.37383177570094,0.5432791709899902,0.12320713698863983,-0.4200720340013504,1.0,0.7,69.4259149958781,0.5548184652630866,0
script1_speakerA_literal.wav,1,A,literal,19,101.0,74.78260869565217,0.5378672480583191,0.1316528022289276,-0.4062144458293915,3.0,0.7,70.44540525075067,0.3939050481104597,1
script1_speakerA_literal.wav,1,A,literal,20,102.0,35.0,0.6690257787704468,0.5317604541778564,-0.13726532459259033,0.0,0.3,63.385480157117705,0.37616400181460685,0
script1_speakerA_literal.wav,1,A,literal,20,103.0,67.3076923076923,0.7699587345123291,0.58661949634552,-0.18333923816680908,1.0,0.6,59.03010033444816,0.4133169718364116,0
script1_speakerA_literal.wav,1,A,literal,20,104.0,70.0,0.840203046798706,0.5389136075973511,-0.301289439201355,2.0,0.7,57.43589743589744,0.40529091959587127,0
script1_speakerA_literal.wav,1,A,literal,20,105.0,73.84615384615385,0.8067420721054077,0.5081915855407715,-0.29855048656463623,3.0,0.7,70.38461538461539,0.37718670902008605,0
script1_speakerA_literal.wav,1,A,literal,20,106.0,60.0,0.3897009789943695,0.27859121561050415,-0.11110976338386536,4.0,0.7,67.94871794871796,0.6080802904952872,1
script1_speakerA_literal.wav,1,A,literal,21,107.0,16.867469879518072,0.4414748251438141,0.06082151085138321,-0.3806533142924309,0.0,0.09090909090909091,50.23787457522398,0.44516174595244357,0
script1_speakerA_literal.wav,1,A,literal,21,108.0,53.333333333333336,0.671927809715271,0.13604828715324402,-0.535879522562027,1.0,0.2727272727272727,43.400267737617135,0.44267145572049477,0
script1_speakerA_literal.wav,1,A,literal,21,109.0,74.01574803149606,0.8697773814201355,0.344326376914978,-0.5254510045051575,2.0,0.5454545454545454,48.07218374811582,0.5822130137675301,0
script1_speakerA_literal.wav,1,A,literal,21,110.0,84.05797101449275,0.9524933695793152,0.3680975139141083,-0.5843958556652069,3.0,0.7272727272727273,70.46901745977405,0.4163115026119567,0
script1_speakerA_literal.wav,1,A,literal,21,112.0,73.23943661971832,0.7092405557632446,0.5079345703125,-0.20130598545074463,5.0,0.7272727272727273,77.10438522190238,0.6417500009452576,1
script1_speakerA_literal.wav,1,A,literal,22,113.0,43.24324324324324,0.4158077538013458,0.0390813872218132,-0.3767263665795326,0.0,0.36363636363636365,66.84688362581811,0.5986459203407895,0
script1_speakerA_literal.wav,1,A,literal,22,114.0,56.09756097560976,0.558985710144043,0.12136153876781464,-0.43762417137622833,1.0,0.45454545454545453,57.52674694619044,0.32877221069635715,0
script1_speakerA_literal.wav,1,A,literal,22,115.0,87.61904761904762,0.6519470810890198,0.11561448127031326,-0.5363325998187065,2.0,0.9090909090909091,62.31995061263354,0.5578270415911959,0
script1_speakerA_literal.wav,1,A,literal,22,116.0,34.96503496503497,0.3393442630767822,0.040626753121614456,-0.29871750995516777,3.0,0.9090909090909091,59.56054785323078,0.24934721936734278,0
script1_speakerA_literal.wav,1,A,literal,22,117.0,31.428571428571427,0.11655857414007187,0.016798390075564384,-0.09976018406450748,4.0,0.9090909090909091,51.33755133755134,0.42097595001500115,1
script1_speakerA_literal.wav,1,A,literal,23,118.0,41.23711340206185,0.34311962127685547,0.18022479116916656,-0.1628948301076889,0.0,0.23076923076923078,35.87690659855608,0.5959536887615711,0
script1_speakerA_literal.wav,1,A,literal,23,119.0,51.5625,0.4463830292224884,0.11748993396759033,-0.32889309525489807,1.0,0.38461538461538464,41.40939494354443,0.41793464211212866,0
script1_speakerA_literal.wav,1,A,literal,23,120.0,66.21621621621621,0.6451799869537354,0.1670108288526535,-0.47816915810108185,2.0,0.6153846153846154,53.00527653942602,0.5079902221932473,0
script1_speakerA_literal.wav,1,A,literal,23,122.0,60.97560975609756,0.6108588576316833,0.33252978324890137,-0.278329074382782,4.0,0.6153846153846154,59.58477532410459,0.5956989055157492,1
script1_speakerA_literal.wav,1,A,literal,24,123.0,31.57894736842105,0.2572813630104065,0.09796206653118134,-0.15931929647922516,0.0,0.18181818181818182,52.923591113578276,0.5531189203205281,0
script1_speakerA_literal.wav,1,A,literal,24,124.0,50.0,0.2838040888309479,0.09088501334190369,-0.1929190754890442,1.0,0.2727272727272727,47.51818570817287,0.48612664164234043,0
script1_speakerA_literal.wav,1,A,literal,24,125.0,73.6842105263158,0.4997543394565582,0.21299123764038086,-0.28676310181617737,2.0,0.45454545454545453,51.75438596491228,0.34618605252099666,0
script1_speakerA_literal.wav,1,A,literal,24,127.0,70.39999999999999,0.4880937337875366,0.5285249948501587,0.04043126106262207,4.0,0.45454545454545453,64.69473684210526,0.6107586315250605,1
script1_speakerA_literal.wav,1,A,literal,25,128.0,15.714285714285714,0.4673188328742981,0.1897377073764801,-0.277581125497818,0.0,0.1,53.266165413533834,0.403260858901511,0
script1_speakerA_literal.wav,1,A,literal,25,129.0,27.81456953642384,0.5230693817138672,0.20768877863883972,-0.31538060307502747,1.0,0.2,37.97628508356985,0.4640017205044078,0
script1_speakerA_literal.wav,1,A,literal,25,130.0,40.49079754601227,0.5166406631469727,0.20784972608089447,-0.3087909370660782,2.0,0.3,28.006550932240607,0.6809708601450625,0
script1_speakerA_literal.wav,1,A,literal,25,131.0,47.12643678160919,0.6457157731056213,0.270755410194397,-0.37496036291122437,3.0,0.4,38.477267954681764,0.3791788802956025,0
script1_speakerA_literal.wav,1,A,literal,25,132.0,51.11111111111111,0.4716782569885254,0.23603259027004242,-0.23564566671848297,4.0,0.5,46.242781812910856,0.3741201505622631,0
script1_speakerA_literal.wav,1,A,literal,25,133.0,47.72727272727273,0.45972758531570435,0.2771282196044922,-0.18259936571121216,5.0,0.55,48.65494020666434,0.28363307870323157,0
script1_speakerA_literal.wav,1,A,literal,25,134.0,54.83870967741935,0.43292170763015747,0.2906818091869354,-0.14223989844322205,6.0,0.65,51.225697838601064,0.6310500609768148,0
script1_speakerA_literal.wav,1,A,literal,25,135.0,56.52173913043479,0.2672991454601288,0.15962886810302734,-0.10767027735710144,7.0,0.75,53.029240511708956,0.4553240816222463,0
script1_speakerA_literal.wav,1,A,literal,25,136.0,48.554913294797686,0.3096391558647156,0.038927383720874786,-0.2707117721438408,8.0,0.8,53.30512070088394,0.4441783932993697,0
script1_speakerA_literal.wav,1,A,literal,25,137.0,45.97701149425287,0.13069862127304077,0.09341718256473541,-0.03728143870830536,9.0,0.8,50.35122130649511,0.7235883766757776,1
script1_speakerA_literal.wav,1,A,literal,26,138.0,23.684210526315784,0.18358540534973145,0.2283606231212616,0.04477521777153015,0.0,0.0,39.40537843845544,0.31792397221232455,0
script1_speakerA_literal.wav,1,A,literal,26,139.0,48.97959183673469,0.5444375872612,0.27726855874061584,-0.2671690285205841,1.0,0.4,39.54693795243445,0.3985192957230362,0
script1_speakerA_literal.wav,1,A,literal,26,140.0,64.46280991735537,0.6118541955947876,0.2995789647102356,-0.312275230884552,2.0,0.7,45.708870760135284,0.5351981385794913,0
script1_speakerA_literal.wav,1,A,literal,26,141.0,75.75757575757575,0.6563756465911865,0.28975385427474976,-0.36662179231643677,3.0,0.8,63.06665917055527,0.4982564393105451,0
script1_speakerA_literal.wav,1,A,literal,26,142.0,71.32867132867133,0.5522812604904175,0.271371066570282,-0.2809101939201355,4.0,0.8,70.51635233453415,0.5270193090127951,1
script1_speakerA_literal.wav,1,A,literal,27,143.0,16.901408450704224,0.13019512593746185,0.0847334936261177,-0.04546163231134415,0.0,0.1,54.662551845650434,0.6075743551537083,0
script1_speakerA_literal.wav,1,A,literal,27,144.0,44.705882352941174,0.43216413259506226,0.09666022658348083,-0.3355039060115814,1.0,0.2,44.31198737743891,0.40052241859279886,0
script1_speakerA_literal.wav,1,A,literal,27,145.0,70.58823529411764,0.588516116142273,0.14691568911075592,-0.44160042703151703,2.0,0.4,44.065175365921014,0.5836586584773489,0
script1_speakerA_literal.wav,1,A,literal,27,147.0,70.58823529411764,0.5835578441619873,0.16254332661628723,-0.4210145175457001,4.0,0.4,61.96078431372548,0.7385026659431982,1
script1_speakerA_literal.wav,1,A,literal,28,148.0,43.0379746835443,0.4143529534339905,0.04881800711154938,-0.3655349463224411,0.0,0.18181818181818182,61.40481509059319,0.6067480736831657,0
script1_speakerA_literal.wav,1,A,literal,28,149.0,73.26732673267327,0.5572582483291626,0.050348035991191864,-0.5069102123379707,1.0,0.45454545454545453,62.29784557011173,0.5407260305076276,0
script1_speakerA_literal.wav,1,A,literal,28,150.0,83.92857142857143,0.8425639271736145,0.29915139079093933,-0.5434125363826752,2.0,0.6363636363636364,66.74462428159633,0.4612450138350863,0
script1_speakerA_literal.wav,1,A,literal,28,151.0,77.68595041322314,0.8343878984451294,0.30584409832954407,-0.5285438001155853,3.0,0.6363636363636364,78.29394952482261,0.40153467721817904,1
script1_speakerA_literal.wav,1,A,literal,29,152.0,25.581395348837212,0.2736930251121521,0.1840992569923401,-0.08959376811981201,0.0,0.09090909090909091,62.398639063543925,0.25811992491558755,0
script1_speakerA_literal.wav,1,A,literal,29,153.0,30.107526881720425,0.3669937252998352,0.2190670222043991,-0.1479267030954361,1.0,0.18181818181818182,44.45829088126026,0.4522696973930502,0
script1_speakerA_literal.wav,1,A,literal,29,154.0,43.80952380952381,0.4355565011501312,0.1940055787563324,-0.24155092239379883,2.0,0.2727272727272727,33.16614868002715,0.4539940441394804,0
script1_speakerA_literal.wav,1,A,literal,29,155.0,58.33333333333333,0.46024584770202637,0.186137393116951,-0.2741084545850754,3.0,0.5454545454545454,44.083461341525854,0.30316306034202123,0
script1_speakerA_literal.wav,1,A,literal,29,156.0,71.54471544715447,0.6888467073440552,0.22585102915763855,-0.4629956781864166,4.0,0.7272727272727273,57.89585753000387,0.454637541790703,0
script1_speakerA_literal.wav,1,A,literal,29,158.0,65.18518518518519,0.5924068093299866,0.26796963810920715,-0.3244371712207794,6.0,0.7272727272727273,65.02107798855766,0.5673824706283234,1
script1_speakerA_literal.wav,1,A,literal,30,159.0,31.707317073170728,0.40558648109436035,0.24537405371665955,-0.1602124273777008,0.0,0.2222222222222222,56.14573923517013,0.3603838388321855,0
script1_speakerA_literal.wav,1,A,literal,30,160.0,60.19417475728155,0.41039609909057617,0.22201453149318695,-0.18838156759738922,1.0,0.3333333333333333,52.36222567187916,0.4494085813250452,0
script1_speakerA_literal.wav,1,A,literal,30,161.0,68.90756302521008,0.4547215402126312,0.2282201051712036,-0.2265014350414276,2.0,0.4444444444444444,53.603018285220784,0.4629933018200125,0
script1_speakerA_literal.wav,1,A,literal,30,162.0,64.56692913385827,0.4671301543712616,0.40867048501968384,-0.05845966935157776,3.0,0.4444444444444444,64.55622230544996,0.4009968265922598,1
script1_speakerA_literal.wav,1,A,literal,31,163.0,44.18604651162791,0.3950580954551697,0.019740145653486252,-0.3753179498016834,0.0,0.3333333333333333,59.22017955689875,0.5257392396247179,0
script1_speakerA_literal.wav,1,A,literal,31,164.0,62.62626262626263,0.6106436252593994,0.01006815955042839,-0.600575465708971,1.0,0.6666666666666666,57.126412757249604,0.5891569580254489,0
script1_speakerA_literal.wav,1,A,literal,31,165.0,87.60330578512396,0.702028751373291,0.0549730584025383,-0.6470556929707527,2.0,0.7777777777777778,64.80520497433817,0.5764961560869786,0
script1_speakerA_literal.wav,1,A,literal,31,167.0,72.97297297297297,0.6245856285095215,0.2695777714252472,-0.3550078570842743,4.0,0.7777777777777778,74.40084712811985,0.5416246376806028,1
script1_speakerA_literal.wav,1,A,literal,32,168.0,38.46153846153846,0.5504400730133057,0.3079068660736084,-0.24253320693969727,0.0,0.25,66.3459390732118,0.40354823414111846,0
script1_speakerA_literal.wav,1,A,literal,32,169.0,66.66666666666667,0.8070800304412842,0.37785252928733826,-0.4292275011539459,1.0,0.5,59.36705936705937,0.5842325110829375,0
script1_speakerA_literal.wav,1,A,literal,32,171.0,68.96551724137932,0.6914764642715454,0.6144578456878662,-0.0770186185836792,3.0,0.5,58.031240789861485,0.5564308765219727,1
script1_speakerA_literal.wav,1,A,literal,33,172.0,23.684210526315784,0.16671833395957947,-0.032152529805898666,-0.19887086376547813,0.0,0.10526315789473684,53.10546481145393,0.5095621074525631,0
script1_speakerA_literal.wav,1,A,literal,33,173.0,38.32335329341318,0.20793181657791138,-0.0034054629504680634,-0.21133727952837944,1.0,0.2631578947368421,43.657693687036094,0.6099695014857038,0
script1_speakerA_literal.wav,1,A,literal,33,174.0,50.27322404371585,0.37537717819213867,0.0846935510635376,-0.2906836271286011,2.0,0.3157894736842105,37.426929287814936,0.40502244927424097,0
script1_speakerA_literal.wav,1,A,literal,33,175.0,52.08333333333333,0.290504515171051,0.08288003504276276,-0.20762448012828827,3.0,0.3157894736842105,46.89330355682078,0.2952901706485425,0
script1_speakerA_literal.wav,1,A,literal,33,176.0,51.81347150259068,0.5384029150009155,0.11437011510133743,-0.4240327998995781,4.0,0.3684210526315789,51.39000962654662,0.42258174623958006,0
script1_speakerA_literal.wav,1,A,literal,33,177.0,47.61904761904761,0.5436971187591553,0.13415871560573578,-0.4095384031534195,5.0,0.47368421052631576,50.50528415165721,0.45780327664326254,0
script1_speakerA_literal.wav,1,A,literal,33,178.0,45.652173913043484,0.4408629238605499,0.05428832396864891,-0.386574599891901,6.0,0.47368421052631576,48.36156434489393,0.24839086779086425,0
script1_speakerA_literal.wav,1,A,literal,33,179.0,49.72972972972973,0.48958247900009155,0.1079760491847992,-0.38160642981529236,7.0,0.47368421052631576,47.66698375394028,0.46117030943730325,0
script1_speakerA_literal.wav,1,A,literal,33,180.0,36.57142857142858,0.13023361563682556,0.09271559864282608,-0.03751801699399948,8.0,0.47368421052631576,43.984444071400596,0.3242958927123974,1
script1_speakerA_literal.wav,1,A,literal,34,181.0,42.22222222222223,0.48187702894210815,0.4505564272403717,-0.03132060170173645,0.0,0.18181818181818182,42.841126841126844,0.4777667702870888,0
script1_speakerA_literal.wav,1,A,literal,34,182.0,63.46153846153846,0.6376757025718689,0.3044634461402893,-0.3332122564315796,1.0,0.45454545454545453,47.41839641839642,0.46981531491770306,0
script1_speakerA_literal.wav,1,A,literal,34,183.0,76.92307692307692,0.655472993850708,0.29032328724861145,-0.36514970660209656,2.0,0.5454545454545454,60.86894586894587,0.4120083032746016,0
script1_speakerA_literal.wav,1,A,literal,34,184.0,75.52447552447552,0.6414936780929565,0.38664060831069946,-0.2548530697822571,3.0,0.6363636363636364,71.96969696969697,0.3572423214317522,0
script1_speakerA_literal.wav,1,A,literal,34,185.0,56.92307692307692,0.3844342827796936,0.24343454837799072,-0.14099973440170288,4.0,0.6363636363636364,69.79020979020979,0.5921389843702364,1
script1_speakerA_literal.wav,1,A,literal,35,186.0,28.260869565217394,0.14356447756290436,0.03329337015748024,-0.11027110740542412,0.0,0.1111111111111111,53.56947400425661,0.26656230649988955,0
script1_speakerA_literal.wav,1,A,literal,35,187.0,43.103448275862064,0.25498050451278687,0.049947164952754974,-0.2050333395600319,1.0,0.2222222222222222,42.76246492138546,0.37396295442714056,0
script1_speakerA_literal.wav,1,A,literal,35,188.0,61.19402985074627,0.34367305040359497,0.08248797059059143,-0.26118507981300354,2.0,0.4444444444444444,44.18611589727524,0.4164557388657545,0
script1_speakerA_literal.wav,1,A,literal,35,189.0,66.66666666666667,0.4422822594642639,0.13322588801383972,-0.3090563714504242,3.0,0.5555555555555556,56.988048264425004,0.3798113846282379,0
script1_speakerA_literal.wav,1,A,literal,35,190.0,65.24822695035462,0.504514753818512,0.2320837378501892,-0.27243101596832275,4.0,0.5555555555555556,64.36964115592252,0.12788699460228403,1
script1_speakerA_literal.wav,1,A,literal,36,191.0,51.21951219512195,0.29779982566833496,0.19930988550186157,-0.09848994016647339,0.0,0.36363636363636365,61.04480193738108,0.4154636670188083,0
script1_speakerA_literal.wav,1,A,literal,36,192.0,81.55339805825243,0.5522911548614502,0.22091542184352875,-0.33137573301792145,1.0,0.6363636363636364,66.00704573457634,0.5430133443000515,0
script1_speakerA_literal.wav,1,A,literal,36,193.0,78.50467289719626,0.5540942549705505,0.23037582635879517,-0.32371842861175537,2.0,0.6363636363636364,70.4258610501902,0.24005234605846804,1
script1_speakerA_literal.wav,1,A,literal,37,194.0,24.691358024691358,0.5093936324119568,0.26112836599349976,-0.24826526641845703,0.0,0.1,61.583142993380015,0.4422009925938809,0
script1_speakerA_literal.wav,1,A,literal,37,195.0,52.33644859813084,0.3934406042098999,0.1899017095565796,-0.2035388946533203,1.0,0.3,51.84415984000616,0.4261358957648363,0
script1_speakerA_literal.wav,1,A,literal,37,196.0,59.13043478260869,0.3907163143157959,0.17574673891067505,-0.21496957540512085,2.0,0.4,45.38608046847696,0.31697693814352995,0
script1_speakerA_literal.wav,1,A,literal,37,197.0,59.67741935483871,0.3664216697216034,0.16821034252643585,-0.19821132719516754,3.0,0.4,57.048100911859414,0.2604337236190964,0
script1_speakerA_literal.wav,1,A,literal,37,199.0,65.04065040650406,0.24659249186515808,0.22980651259422302,-0.01678597927093506,5.0,0.4,61.28283484798382,0.37319263199649083,1
script1_speakerA_literal.wav,1,A,literal,38,200.0,21.301775147928993,0.005845583975315094,0.15786613523960114,0.15202055126428604,0.0,0.1,48.67328163642392,0.3172307136890115,0
script1_speakerA_literal.wav,1,A,literal,38,201.0,29.670329670329664,0.20828944444656372,0.11145376414060593,-0.0968356803059578,1.0,0.2,38.67091840825424,0.44499570245020414,0
script1_speakerA_literal.wav,1,A,literal,38,202.0,40.20618556701031,0.5071642398834229,0.12351163476705551,-0.38365260511636734,2.0,0.25,30.39276346175632,0.3688681987759043,0
script1_speakerA_literal.wav,1,A,literal,38,203.0,47.34299516908212,0.5293845534324646,0.1017145961523056,-0.427669957280159,3.0,0.25,39.07317013547403,0.3376207605534768,0
script1_speakerA_literal.wav,1,A,literal,38,204.0,52.17391304347826,0.5807161331176758,0.09364199638366699,-0.4870741367340088,4.0,0.4,46.57436459319023,0.4310459089753079,0
script1_speakerA_literal.wav,1,A,literal,38,205.0,52.13270142180095,0.44913172721862793,0.05664640665054321,-0.3924853205680847,5.0,0.55,50.54986987812045,0.34354608956087385,0
script1_speakerA_literal.wav,1,A,literal,38,206.0,53.95348837209302,0.4524966776371002,0.12757685780525208,-0.32491981983184814,6.0,0.6,52.75336761245741,0.43303733788971077,0
script1_speakerA_literal.wav,1,A,literal,38,207.0,54.71698113207547,0.5069154500961304,0.2013038992881775,-0.3056115508079529,7.0,0.65,53.60105697532315,0.449684256493955,0
script1_speakerA_literal.wav,1,A,literal,38,208.0,42.71844660194175,0.49329549074172974,0.42272651195526123,-0.0705689787864685,8.0,0.65,50.46297203537008,0.5520702417896307,1
script1_speakerA_literal.wav,1,A,literal,39,209.0,28.57142857142857,0.4062381088733673,0.1224406510591507,-0.2837974578142166,0.0,0.1,42.00228543514859,0.4693358215111149,0
script1_speakerA_literal.wav,1,A,literal,39,210.0,57.94392523364487,0.6328248381614685,0.25843924283981323,-0.3743855953216553,1.0,0.4,43.07793346900506,0.43176310097931603,0
script1_speakerA_literal.wav,1,A,literal,39,211.0,80.31496062992126,0.7306718826293945,0.26057732105255127,-0.47009456157684326,2.0,0.7,55.6101048116649,0.5630713790678763,0
script1_speakerA_literal.wav,1,A,literal,39,213.0,75.49668874172185,0.717093825340271,0.32502472400665283,-0.39206910133361816,4.0,0.7,71.25185820176266,0.5766305910156755,1
script1_speakerA_literal.wav,1,A,literal,40,214.0,31.707317073170728,0.09016212821006775,0.1482020616531372,0.05803993344306946,0.0,0.2,62.50632214827128,0.547205542314995,0
script1_speakerA_literal.wav,1,A,literal,40,215.0,63.366336633663366,0.5433083772659302,0.20086491107940674,-0.34244346618652344,1.0,0.5,56.856780816185314,0.3975930197040995,0
script1_speakerA_literal.wav,1,A,literal,40,216.0,58.92857142857143,0.46515798568725586,0.20677295327186584,-0.25838503241539,2.0,0.5,51.33407504513517,0.321500970273822,1
script1_speakerA_literal.wav,1,A,literal,41,217.0,37.2093023255814,0.5410903692245483,0.48079416155815125,-0.060296207666397095,0.0,0.18181818181818182,53.16807012927207,0.7829083272492594,0
script1_speakerA_literal.wav,1,A,literal,41,219.0,62.13592233009708,0.535253643989563,0.5140271782875061,-0.021226465702056885,2.0,0.36363636363636365,52.7579320280833,0.39882625611255357,0
script1_speakerA_literal.wav,1,A,literal,41,220.0,71.1864406779661,0.6873711347579956,0.5019055604934692,-0.18546557426452637,3.0,0.45454545454545453,56.84388844454819,0.4745860074434783,0
script1_speakerA_literal.wav,1,A,literal,41,222.0,68.18181818181819,0.6269650459289551,0.7230360507965088,0.09607100486755371,5.0,0.45454545454545453,67.16806039662713,0.7533323750904725,1
script1_speakerA_literal.wav,1,A,literal,42,223.0,50.57471264367817,0.3112737834453583,0.12041859328746796,-0.19085519015789032,0.0,0.36363636363636365,63.31432383448749,0.5498826390882897,0
script1_speakerA_literal.wav,1,A,literal,42,224.0,58.00000000000001,0.5345784425735474,0.3796226382255554,-0.15495580434799194,1.0,0.45454545454545453,58.91884360849879,0.4659590194800486,0
script1_speakerA_literal.wav,1,A,literal,42,225.0,78.63247863247864,0.6952185034751892,0.4418867230415344,-0.2533317804336548,2.0,0.6363636363636364,62.40239709205227,0.5509233852226376,0
script1_speakerA_literal.wav,1,A,literal,42,226.0,78.04878048780488,0.6780928373336792,0.44659852981567383,-0.23149430751800537,3.0,0.6363636363636364,71.56041970676117,0.2985485457025327,0
script1_speakerA_literal.wav,1,A,literal,42,227.0,53.21100917431192,0.5782058238983154,0.37573254108428955,-0.20247328281402588,4.0,0.6363636363636364,69.96408943153182,0.26768367974186186,1
script1_speakerA_literal.wav,1,A,literal,43,228.0,32.38095238095238,0.27170297503471375,0.1759626269340515,-0.09574034810066223,0.0,0.18181818181818182,54.54691401435639,0.3854588076580434,0
script1_speakerA_literal.wav,1,A,literal,43,229.0,58.015267175572525,0.6889081001281738,0.4157942235469818,-0.273113876581192,1.0,0.36363636363636365,47.86907624361228,0.45255461230103905,0
script1_speakerA_literal.wav,1,A,literal,43,230.0,70.74829931972789,0.801202654838562,0.3772938847541809,-0.4239087700843811,2.0,0.5454545454545454,53.714839625417596,0.3848820986448906,0
script1_speakerA_literal.wav,1,A,literal,43,231.0,74.39024390243902,0.7999110221862793,0.3807942271232605,-0.4191167950630188,3.0,0.6363636363636364,67.71793679924647,0.5045094858947391,0
script1_speakerA_literal.wav,1,A,literal,43,232.0,64.93506493506493,0.6773973703384399,0.30672943592071533,-0.3706679344177246,4.0,0.6363636363636364,70.02453605241061,0.37166998528686007,1
script1_speakerA_literal.wav,1,A,literal,44,233.0,42.22222222222223,0.21546593308448792,0.035985834896564484,-0.17948009818792343,0.0,0.36363636363636365,60.515843686575394,0.40727796138852085,0
script1_speakerA_literal.wav,1,A,literal,44,234.0,60.952380952380956,0.6010227799415588,0.3433501422405243,-0.25767263770103455,1.0,0.45454545454545453,56.036556036556036,0.3478184208109764,0
script1_speakerA_literal.wav,1,A,literal,44,235.0,76.42276422764228,0.7366496324539185,0.4237368702888489,-0.3129127621650696,2.0,0.6363636363636364,59.86578913408182,0.43628403298156765,0
script1_speakerA_literal.wav,1,A,literal,44,236.0,80.91603053435115,0.7891779541969299,0.3934571444988251,-0.39572080969810486,3.0,0.7272727272727273,72.76372523812479,0.4246311430179779,0
script1_speakerA_literal.wav,1,A,literal,44,237.0,66.66666666666667,0.6509662866592407,0.4182211756706238,-0.23274511098861694,4.0,0.7272727272727273,74.6684871428867,0.45338140622239886,1
script1_speakerA_literal.wav,1,A,literal,45,238.0,46.808510638297875,0.6525429487228394,0.2091086208820343,-0.44343432784080505,0.0,0.2727272727272727,64.7970692797719,0.5278079407022037,0
script1_speakerA_literal.wav,1,A,literal,45,239.0,70.27027027027026,0.6336647272109985,0.26037123799324036,-0.3732934892177582,1.0,0.5454545454545454,61.248482525078266,0.46085739726799546,0
script1_speakerA_literal.wav,1,A,literal,45,240.0,85.71428571428572,0.6754958629608154,0.27004799246788025,-0.4054478704929352,2.0,0.7272727272727273,67.59768887428461,0.3893624596472815,0
script1_speakerA_literal.wav,1,A,literal,45,242.0,74.48275862068965,0.6200524568557739,0.5001468658447266,-0.11990559101104736,4.0,0.7272727272727273,76.82243820174854,0.4550823714738675,1
script1_speakerA_literal.wav,1,A,literal,46,243.0,37.89473684210526,0.16656488180160522,0.11171966791152954,-0.054845213890075684,0.0,0.2,66.03059372569355,0.3369144111526742,0
script1_speakerA_literal.wav,1,A,literal,46,244.0,50.0,0.19151945412158966,0.036172620952129364,-0.1553468331694603,1.0,0.4,54.12583182093164,0.3539346376233878,0
script1_speakerA_literal.wav,1,A,literal,46,246.0,47.933884297520656,0.20353367924690247,0.08282779157161713,-0.12070588767528534,3.0,0.4,45.27620704654197,0.3314373354061467,0
script1_speakerA_literal.wav,1,A,literal,46,247.0,44.44444444444444,0.1894334852695465,0.1910247802734375,0.0015912950038909912,4.0,0.4,47.45944291398837,0.43442177428007334,1
script1_speakerA_literal.wav,1,A,literal,47,248.0,27.027027027027028,0.2092685103416443,0.0333126001060009,-0.1759559102356434,0.0,0.09090909090909091,39.80178525633071,0.385361323359483,0
script1_speakerA_literal.wav,1,A,literal,47,249.0,58.06451612903225,0.42905646562576294,0.02155744843184948,-0.40749901719391346,1.0,0.2727272727272727,43.17866253350124,0.5327537062074463,0
script1_speakerA_literal.wav,1,A,literal,47,250.0,69.3069306930693,0.5681235790252686,0.04848073795437813,-0.5196428410708904,2.0,0.36363636363636365,51.466157949709526,0.49931096771901834,0
script1_speakerA_literal.wav,1,A,literal,47,251.0,67.82608695652175,0.43554437160491943,0.0555579736828804,-0.37998639792203903,3.0,0.36363636363636365,65.06584459287444,0.4143639294913457,1
script1_speakerA_literal.wav,1,A,literal,48,252.0,26.37362637362637,0.0960664376616478,0.07897704839706421,-0.017089389264583588,0.0,0.0,54.502214674405806,0.2954703014984796,0
script1_speakerA_literal.wav,1,A,literal,48,253.0,39.63963963963963,0.28658896684646606,0.1738978624343872,-0.11269110441207886,1.0,0.1,44.61311765659592,0.4984802838357664,0
script1_speakerA_literal.wav,1,A,literal,48,254.0,59.84251968503938,0.5139704942703247,0.3251182436943054,-0.1888522505760193,2.0,0.2,41.95192856610179,0.36794670280598646,0
script1_speakerA_literal.wav,1,A,literal,48,255.0,62.31884057971014,0.5022027492523193,0.3224526643753052,-0.17975008487701416,3.0,0.3,53.93366663479638,0.5122919653096203,1
script1_speakerA_literal.wav,1,A,literal,49,256.0,36.55913978494624,0.3190813660621643,0.19242733716964722,-0.1266540288925171,0.0,0.18181818181818182,52.906833349898584,0.47386414095288504,0
script1_speakerA_literal.wav,1,A,literal,49,257.0,54.54545454545454,0.2798736095428467,0.1222192570567131,-0.15765435248613358,1.0,0.36363636363636365,51.141144970036976,0.4882286281422965,0
script1_speakerA_literal.wav,1,A,literal,49,259.0,61.29032258064516,0.28501084446907043,0.10926159471273422,-0.1757492497563362,3.0,0.36363636363636365,50.79830563701531,0.2652872200933066,1
script1_speakerA_literal.wav,1,A,literal,50,260.0,35.29411764705882,0.38761717081069946,0.07580866664648056,-0.3118085041642189,0.0,0.36363636363636365,50.37663159105284,0.6549502665457555,0
script1_speakerA_literal.wav,1,A,literal,50,261.0,59.4059405940594,0.6132948994636536,0.16735506057739258,-0.445939838886261,1.0,0.5454545454545454,51.99679360725446,0.4865356648747847,0
script1_speakerA_literal.wav,1,A,literal,50,262.0,66.07142857142857,0.5897811055183411,0.10255369544029236,-0.4872274100780487,2.0,0.5454545454545454,53.590495604182266,0.4229691098697106,0
script1_speakerA_literal.wav,1,A,literal,50,263.0,80.2919708029197,0.8150771856307983,0.11280714720487595,-0.7022700384259224,3.0,0.8181818181818182,68.58977998946922,0.5959904744247807,0
script1_speakerA_literal.wav,1,A,literal,50,265.0,68.57142857142857,0.5146300792694092,0.3687605559825897,-0.14586952328681946,5.0,0.8181818181818182,71.64494264859228,0.44195539383818805,1
script1_speakerA_literal.wav,1,A,literal,51,266.0,32.35294117647059,0.16716893017292023,0.12915340065956116,-0.03801552951335907,0.0,0.1,60.40544685027295,0.4538644754218044,0
script1_speakerA_literal.wav,1,A,literal,51,267.0,52.5,0.26388460397720337,0.09344629943370819,-0.17043830454349518,1.0,0.4,51.141456582633054,0.5752201887598362,0
script1_speakerA_literal.wav,1,A,literal,51,268.0,53.76344086021505,0.24753673374652863,0.1714707612991333,-0.07606597244739532,2.0,0.4,46.205460678895214,0.8034480928938299,1
script1_speakerA_literal.wav,1,A,literal,52,269.0,35.44303797468354,0.5277113914489746,-0.030235523357987404,-0.557946914806962,0.0,0.2,47.2354929449662,0.4410734643827012,0
script1_speakerA_literal.wav,1,A,literal,52,270.0,55.55555555555556,0.5521336793899536,-0.05358482152223587,-0.6057185009121895,1.0,0.3,48.254011463484716,0.34706500602901946,0
script1_speakerA_literal.wav,1,A,literal,52,271.0,72.1311475409836,0.7451590299606323,0.07522860169410706,-0.6699304282665253,2.0,0.4,54.37658035707423,0.43504125997901627,0
script1_speakerA_literal.wav,1,A,literal,52,272.0,66.66666666666667,0.7113742828369141,0.09904837608337402,-0.61232590675354,3.0,0.4,64.78445658773528,0.3113353621075872,1
script1_speakerA_literal.wav,1,A,literal,53,273.0,22.857142857142854,0.07290017604827881,0.24680304527282715,0.17390286922454834,0.0,0.1111111111111111,53.88498568826438,0.4223568020024583,0
script1_speakerA_literal.wav,1,A,literal,53,274.0,57.47126436781609,0.512035071849823,0.33069708943367004,-0.18133798241615295,1.0,0.4444444444444444,48.99835796387521,0.38309967018576313,0
script1_speakerA_literal.wav,1,A,literal,53,275.0,80.0,0.5548127889633179,0.30566641688346863,-0.24914637207984924,2.0,0.6666666666666666,53.44280240831965,0.413863415087355,0
script1_speakerA_literal.wav,1,A,literal,53,276.0,77.96610169491525,0.5340623259544373,0.3570767045021057,-0.17698562145233154,3.0,0.6666666666666666,71.81245535424378,0.7422963785280063,1
script1_speakerA_literal.wav,1,A,literal,54,277.0,21.333333333333336,0.30482202768325806,0.18255892395973206,-0.122263103723526,0.0,0.2,59.76647834274953,0.4232986121410638,0
script1_speakerA_literal.wav,1,A,literal,54,278.0,58.94736842105264,0.6296713352203369,0.29696065187454224,-0.3327106833457947,1.0,0.4,52.748934483100406,0.5777710725561417,0
script1_speakerA_literal.wav,1,A,literal,54,279.0,85.24590163934427,0.7977898716926575,0.41303277015686035,-0.3847571015357971,2.0,0.7,55.17553446457675,0.526851046858586,0
script1_speakerA_literal.wav,1,A,literal,54,281.0,80.0,0.7382898330688477,0.5805875062942505,-0.15770232677459717,4.0,0.7,74.7310900201323,0.5393306309921304,1
script1_speakerA_literal.wav,1,A,literal,55,282.0,43.67816091954023,0.5602102279663086,0.23818199336528778,-0.3220282346010208,0.0,0.2,69.64135418629483,0.37352603324116035,0
script1_speakerA_literal.wav,1,A,literal,55,283.0,60.19417475728155,0.6443643569946289,0.2849339246749878,-0.3594304323196411,1.0,0.4,61.290778558940595,0.3347948833239317,0
script1_speakerA_literal.wav,1,A,literal,55,285.0,69.56521739130434,0.7941973805427551,0.4628604054450989,-0.33133697509765625,3.0,0.6,57.812517689375376,0.5610131816834906,1
script1_speakerA_literal.wav,1,A,literal,56,286.0,41.75824175824175,0.32619231939315796,0.18889011442661285,-0.1373022049665451,0.0,0.18181818181818182,57.17254463560921,0.40173268858498484,0
script1_speakerA_literal.wav,1,A,literal,56,287.0,61.261261261261254,0.36938732862472534,0.14635640382766724,-0.2230309247970581,1.0,0.36363636363636365,57.528240136935786,0.3150144754461686,0
script1_speakerA_literal.wav,1,A,literal,56,288.0,67.21311475409837,0.4786917269229889,0.1816752552986145,-0.2970164716243744,2.0,0.36363636363636365,56.744205924533794,0.47120977749073517,0
script1_speakerA_literal.wav,1,A,literal,56,289.0,64.23357664233576,0.45330286026000977,0.21134817600250244,-0.24195468425750732,3.0,0.36363636363636365,64.2359842192318,0.6181405717565432,1
script1_speakerA_literal.wav,1,A,literal,57,290.0,40.0,0.4280998110771179,0.055612076073884964,-0.37248773500323296,0.0,0.3333333333333333,57.14889713214471,0.5527322198062404,0
script1_speakerA_literal.wav,1,A,literal,57,291.0,65.21739130434783,0.606671929359436,0.17847870290279388,-0.42819322645664215,1.0,0.6,56.483655982227866,0.608221602119243,0
script1_speakerA_literal.wav,1,A,literal,57,292.0,73.46938775510203,0.6422816514968872,0.16884320974349976,-0.47343844175338745,2.0,0.7333333333333333,59.56225968648329,0.4747913579038833,0
script1_speakerA_literal.wav,1,A,literal,57,293.0,80.76923076923077,0.7642168402671814,0.17812152206897736,-0.586095318198204,3.0,0.8,73.15200327622688,0.4252007767644732,0
script1_speakerA_literal.wav,1,A,literal,57,294.0,60.810810810810814,0.5728147625923157,0.334161639213562,-0.23865312337875366,4.0,0.8,71.68314311171454,0.7286411879720346,1
script1_speakerA_literal.wav,1,A,literal,58,295.0,54.54545454545454,0.5554320216178894,0.5554320216178894,0.0,0.0,0.3,65.37516537516538,0.4817930036989109,0
script1_speakerA_literal.wav,1,A,literal,58,296.0,59.09090909090908,0.4705609381198883,0.4705609381198883,0.0,1.0,0.4,58.14905814905814,0.34725156968315685,0
script1_speakerA_paraphrase.wav,1,A,paraphrase,0,1.0,8.333333333333337,0.15997666120529175,0.14871418476104736,-0.011262476444244385,0.0,0.05263157894736842,8.333333333333337,0.33403934729759793,0
script1_speakerA_paraphrase.wav,1,A,paraphrase,0,2.0,28.57142857142857,0.4226541221141815,0.1297576129436493,-0.2928965091705322,1.0,0.15789473684210525,18.452380952380953,0.4938139189172585,0
script1_speakerA_paraphrase.wav,1,A,paraphrase,0,3.0,45.28301886792453,0.5010395050048828,0.14958086609840393,-0.3514586389064789,2.0,0.3684210526315789,27.395926924228814,0.5182034923329117,0
script1_speakerA_paraphrase.wav,1,A,paraphrase,0,4.0,61.01694915254237,0.6699109077453613,0.16757239401340485,-0.5023385137319565,3.0,0.5263157894736842,44.95713219729849,0.543819386653456,0
script1_speakerA_paraphrase.wav,1,A,paraphrase,0,5.0,66.31016042780749,0.6410105228424072,0.14438024163246155,-0.4966302812099457,4.0,0.6842105263157895,57.53670948275813,0.4732280360223366,0
script1_speakerA_paraphrase.wav,1,A,paraphrase,0,6.0,71.35135135135135,0.6825522184371948,0.15191341936588287,-0.530638799071312,5.0,0.8421052631578947,66.2261536439004,0.5659476967875426,0
script1_speakerA_paraphrase.wav,1,A,paraphrase,0,7.0,70.58823529411764,0.7836376428604126,0.262103796005249,-0.5215338468551636,6.0,0.9473684210526315,69.41658235775883,0.4582058988797288,0
script1_speakerA_paraphrase.wav,1,A,paraphrase,0,9.0,59.2964824120603,0.5760307312011719,0.4639182984828949,-0.11211243271827698,8.0,0.9473684210526315,67.0786896858431,0.5314915538828763,1
script1_speakerA_paraphrase.wav,1,A,paraphrase,1,10.0,54.761904761904766,0.32359737157821655,0.10398274660110474,-0.21961462497711182,0.0,0.36363636363636365,61.548874156027566,0.41787693763056993,0
script1_speakerA_paraphrase.wav,1,A,paraphrase,1,11.0,63.26530612244898,0.430978387594223,0.1832592487335205,-0.24771913886070251,1.0,0.45454545454545453,59.10789776547135,0.3612303776116081,0
script1_speakerA_paraphrase.wav,1,A,paraphrase,1,12.0,63.1578947368421,0.4549885094165802,0.20826983451843262,-0.24671867489814758,2.0,0.45454545454545453,60.395035207065284,0.7153099006148058,1
script1_speakerA_paraphrase.wav,1,A,paraphrase,2,13.0,44.15584415584416,0.38736727833747864,0.10571983456611633,-0.2816474437713623,0.0,0.25,56.85968167171175,0.5759952265343536,0
script1_speakerA_paraphrase.wav,1,A,paraphrase,2,14.0,49.46236559139785,0.33916088938713074,0.09537483006715775,-0.243786059319973,1.0,0.25,52.258701494694705,0.24362840780584577,0
script1_speakerA_paraphrase.wav,1,A,paraphrase,2,15.0,68.85245901639344,0.6596625447273254,0.3887630105018616,-0.27089953422546387,2.0,0.4166666666666667,54.15688958787848,0.39161446387381277,0
script1_speakerA_paraphrase.wav,1,A,paraphrase,2,16.0,62.22222222222222,0.6557903289794922,0.3996165990829468,-0.2561737298965454,3.0,0.4166666666666667,60.179015610004505,0.3646859364352118,1
script1_speakerA_paraphrase.wav,1,A,paraphrase,3,17.0,32.18390804597702,0.17792066931724548,0.15862902998924255,-0.01929163932800293,0.0,0.1111111111111111,54.419529761530896,0.38090133593621506,0
script1_speakerA_paraphrase.wav,1,A,paraphrase,3,18.0,50.0,0.2838597297668457,0.1960582584142685,-0.08780147135257721,1.0,0.2222222222222222,48.135376756066414,0.3565930169920166,0
script1_speakerA_paraphrase.wav,1,A,paraphrase,3,19.0,54.71698113207547,0.28861817717552185,0.21784323453903198,-0.07077494263648987,2.0,0.2222222222222222,45.633629726017496,0.4012462645328908,0
script1_speakerA_paraphrase.wav,1,A,paraphrase,3,20.0,55.46218487394958,0.37743374705314636,0.1658177673816681,-0.21161597967147827,3.0,0.4444444444444444,53.393055335341685,0.5172510696626347,0
script1_speakerA_paraphrase.wav,1,A,paraphrase,3,21.0,55.55555555555556,0.4412916302680969,0.14538425207138062,-0.2959073781967163,4.0,0.4444444444444444,55.24490718719353,0.29151748656084503,0
script1_speakerA_paraphrase.wav,1,A,paraphrase,3,22.0,46.42857142857143,0.3130057752132416,0.2662031054496765,-0.046802669763565063,5.0,0.4444444444444444,52.48210395269219,0.6375172522407051,1
script1_speakerA_paraphrase.wav,1,A,paraphrase,4,23.0,44.44444444444444,0.7844206094741821,0.1650276780128479,-0.6193929314613342,0.0,0.5,48.80952380952381,0.5708947470551099,0
script1_speakerA_paraphrase.wav,1,A,paraphrase,4,24.0,82.2429906542056,0.8975176811218262,0.23273009061813354,-0.6647875905036926,1.0,0.8333333333333334,57.70533550907383,0.5868755386800801,0
script1_speakerA_paraphrase.wav,1,A,paraphrase,4,25.0,77.68595041322314,0.8457874655723572,0.20993007719516754,-0.6358573883771896,2.0,0.8333333333333334,68.12446183729107,0.4893958281830119,1
script1_speakerA_paraphrase.wav,1,A,paraphrase,5,26.0,45.78313253012048,0.6473491191864014,0.08275321871042252,-0.5645959004759789,0.0,0.16666666666666666,68.57069119918307,0.3978380688390441,0
script1_speakerA_paraphrase.wav,1,A,paraphrase,5,27.0,52.727272727272734,0.6877380609512329,0.025340985506772995,-0.6623970754444599,1.0,0.25,58.732118556872116,0.55809368905719,0
script1_speakerA_paraphrase.wav,1,A,paraphrase,5,28.0,52.63157894736843,0.6627925634384155,0.01725148968398571,-0.6455410737544298,2.0,0.25,50.38066140158722,0.3706470400507222,1
script1_speakerA_paraphrase.wav,1,A,paraphrase,6,30.0,37.03703703703704,0.6200340986251831,0.5862576961517334,-0.03377640247344971,0.0,0.2222222222222222,47.46529623722607,0.3975502915447692,0
script1_speakerA_paraphrase.wav,1,A,paraphrase,6,31.0,58.82352941176471,0.49698391556739807,0.46233460307121277,-0.0346493124961853,1.0,0.4444444444444444,49.497381798723396,0.3984004682376093,0
script1_speakerA_paraphrase.wav,1,A,paraphrase,6,32.0,71.9298245614035,0.6561675071716309,0.5937848687171936,-0.062382638454437256,2.0,0.5555555555555556,55.93013033673508,0.4357825924579391,0
script1_speakerA_paraphrase.wav,1,A,paraphrase,6,33.0,64.56692913385827,0.5630724430084229,0.4883534610271454,-0.07471898198127747,3.0,0.5555555555555556,65.10676103567549,0.501498465566055,1
script1_speakerA_paraphrase.wav,1,A,paraphrase,7,34.0,39.08045977011494,0.2224918156862259,-0.05243115872144699,-0.2749229744076729,0.0,0.18181818181818182,58.52573782179224,0.4623086054509143,0
script1_speakerA_paraphrase.wav,1,A,paraphrase,7,35.0,56.310679611650485,0.3766515851020813,0.07817685604095459,-0.2984747290611267,1.0,0.45454545454545453,53.31935617187457,0.4840694171413319,0
script1_speakerA_paraphrase.wav,1,A,paraphrase,7,36.0,65.57377049180329,0.6495851278305054,0.2346753478050232,-0.4149097800254822,2.0,0.6363636363636364,53.65496995785624,0.4649001735419297,0
script1_speakerA_paraphrase.wav,1,A,paraphrase,7,37.0,58.33333333333333,0.5905938744544983,0.19854457676410675,-0.39204929769039154,3.0,0.6363636363636364,60.072594478929034,0.23652518957319277,1
script1_speakerA_paraphrase.wav,1,A,paraphrase,8,38.0,41.860465116279066,0.6635066270828247,0.456354022026062,-0.2071526050567627,0.0,0.2,55.255856313805225,0.5256261231110633,0
script1_speakerA_paraphrase.wav,1,A,paraphrase,8,39.0,50.943396226415096,0.6040985584259033,0.4822956323623657,-0.1218029260635376,1.0,0.2,50.37906489200916,0.4785774352837244,0
script1_speakerA_paraphrase.wav,1,A,paraphrase,8,40.0,52.63157894736843,0.528160810470581,0.5105684995651245,-0.017592310905456543,2.0,0.4,48.478480096687534,0.495667658815158,0
script1_speakerA_paraphrase.wav,1,A,paraphrase,8,41.0,58.74125874125874,0.6140727996826172,0.49549850821495056,-0.11857429146766663,3.0,0.5,54.10541130501409,0.465373856161922,0
script1_speakerA_paraphrase.wav,1,A,paraphrase,8,42.0,44.61538461538461,0.3126029372215271,0.2668644189834595,-0.04573851823806763,4.0,0.5,51.996074101337264,0.45338113135348196,1
script1_speakerA_paraphrase.wav,1,A,paraphrase,9,43.0,26.96629213483146,0.5246058106422424,0.2074410319328308,-0.3171647787094116,0.0,0.18181818181818182,43.44097849715827,0.38283098258213316,0
script1_speakerA_paraphrase.wav,1,A,paraphrase,9,44.0,45.21739130434783,0.4600619077682495,0.25052064657211304,-0.20954126119613647,1.0,0.18181818181818182,38.933022684854635,0.3752987037310306,0
script1_speakerA_paraphrase.wav,1,A,paraphrase,9,45.0,54.83870967741935,0.449515163898468,0.2834377884864807,-0.1660773754119873,2.0,0.2727272727272727,42.34079770553288,0.5837147221081956,0
script1_speakerA_paraphrase.wav,1,A,paraphrase,9,46.0,66.17647058823529,0.4754819869995117,0.2595774531364441,-0.21590453386306763,3.0,0.36363636363636365,55.410857190000826,0.4222300661019734,0
script1_speakerA_paraphrase.wav,1,A,paraphrase,9,47.0,57.14285714285714,0.31848883628845215,0.27476856112480164,-0.04372027516365051,4.0,0.45454545454545453,59.386012469503925,0.31915980944176586,0
script1_speakerA_paraphrase.wav,1,A,paraphrase,9,48.0,52.38095238095239,0.42417192459106445,0.5244590044021606,0.10028707981109619,5.0,0.45454545454545453,58.566760037348274,0.4714581163619237,1
script1_speakerA_paraphrase.wav,1,A,paraphrase,10,49.0,47.61904761904761,0.46721789240837097,0.13752326369285583,-0.32969462871551514,0.0,0.4,52.38095238095238,0.6008758775724602,0
script1_speakerA_paraphrase.wav,1,A,paraphrase,10,50.0,74.76635514018693,0.697631299495697,0.26300257444381714,-0.4346287250518799,1.0,0.7,58.255451713395644,0.5709766600984892,0
script1_speakerA_paraphrase.wav,1,A,paraphrase,10,51.0,81.73913043478261,0.8756359815597534,0.46848905086517334,-0.4071469306945801,2.0,0.8,68.04151106467239,0.41627977651362863,0
script1_speakerA_paraphrase.wav,1,A,paraphrase,10,52.0,81.30081300813008,0.8356247544288635,0.5119576454162598,-0.32366710901260376,3.0,0.8,79.26876619436653,0.37942206022198854,1
script1_speakerA_paraphrase.wav,1,A,paraphrase,11,53.0,43.0379746835443,0.7049698829650879,0.6088110208511353,-0.09615886211395264,0.0,0.25,68.69263937548567,0.6103928439857791,0
script1_speakerA_paraphrase.wav,1,A,paraphrase,11,54.0,52.74725274725275,0.6489161252975464,0.5042015314102173,-0.1447145938873291,1.0,0.375,59.02868014630904,0.4220707915215354,0
script1_speakerA_paraphrase.wav,1,A,paraphrase,11,55.0,53.46534653465347,0.642569899559021,0.536456823348999,-0.10611307621002197,2.0,0.375,49.75019132181684,0.4623027097082604,0
script1_speakerA_paraphrase.wav,1,A,paraphrase,11,56.0,54.20560747663552,0.6618747115135193,0.5474656820297241,-0.11440902948379517,3.0,0.375,53.47273558618058,0.5289612731957851,1
script1_speakerA_paraphrase.wav,1,A,paraphrase,12,57.0,50.57471264367817,0.8381134271621704,0.5982893109321594,-0.239824116230011,0.0,0.4,52.74855555165572,0.4864583741578382,0
script1_speakerA_paraphrase.wav,1,A,paraphrase,12,58.0,64.81481481481481,0.8588979244232178,0.5888807773590088,-0.270017147064209,1.0,0.7,56.53171164504283,0.42245261714852733,0
script1_speakerA_paraphrase.wav,1,A,paraphrase,12,59.0,73.75886524822694,0.9251906871795654,0.5705858469009399,-0.3546048402786255,2.0,0.9,63.0494642355733,0.3569986038708354,0
script1_speakerA_paraphrase.wav,1,A,paraphrase,12,60.0,69.33333333333334,0.9169684052467346,0.5561932325363159,-0.3607751727104187,3.0,0.9,69.3023377987917,0.32256923217625516,1
script1_speakerA_paraphrase.wav,1,A,paraphrase,13,61.0,41.75824175824175,0.48366618156433105,0.2787052392959595,-0.20496094226837158,0.0,0.0,61.61681344660068,0.3523637542652684,0
script1_speakerA_paraphrase.wav,1,A,paraphrase,13,62.0,58.18181818181818,0.5967868566513062,0.25367262959480286,-0.3431142270565033,1.0,0.125,56.424464424464425,0.3833553716205787,0
script1_speakerA_paraphrase.wav,1,A,paraphrase,13,63.0,66.17647058823529,0.5457866191864014,0.21611613035202026,-0.3296704888343811,2.0,0.125,55.37217684276507,0.38106041843812455,0
script1_speakerA_paraphrase.wav,1,A,paraphrase,13,64.0,63.38028169014085,0.523490309715271,0.2508821487426758,-0.2726081609725952,3.0,0.125,62.57952348673144,0.39909258753268384,1
script1_speakerA_paraphrase.wav,1,A,paraphrase,14,65.0,24.691358024691358,0.5281365513801575,0.47750306129455566,-0.05063349008560181,0.0,0.18181818181818182,51.416036767689164,0.6511249706130788,0
script1_speakerA_paraphrase.wav,1,A,paraphrase,14,66.0,33.333333333333336,0.5789121389389038,0.4962899386882782,-0.08262220025062561,1.0,0.18181818181818182,40.46832434938851,0.4421027349613075,0
script1_speakerA_paraphrase.wav,1,A,paraphrase,14,67.0,45.90163934426229,0.7079753875732422,0.7126069068908691,0.004631519317626953,2.0,0.2727272727272727,34.64211023409566,0.4332534657452554,0
script1_speakerA_paraphrase.wav,1,A,paraphrase,14,68.0,42.25352112676056,0.74025559425354,0.7174900770187378,-0.022765517234802246,3.0,0.2727272727272727,40.496164601452065,0.5718139372432228,0
script1_speakerA_paraphrase.wav,1,A,paraphrase,14,70.0,40.0,0.3872841000556946,0.4817351996898651,0.09445109963417053,5.0,0.2727272727272727,42.71838682367429,0.4334469185973483,1
script1_speakerA_paraphrase.wav,1,A,paraphrase,15,71.0,34.66666666666667,0.743320643901825,0.6062448024749756,-0.13707584142684937,0.0,0.18181818181818182,38.97339593114241,0.510525840078941,0
script1_speakerA_paraphrase.wav,1,A,paraphrase,15,72.0,62.365591397849464,0.7801907062530518,0.5593825578689575,-0.22080814838409424,1.0,0.45454545454545453,45.67741935483871,0.38582817607184583,0
script1_speakerA_paraphrase.wav,1,A,paraphrase,15,73.0,59.79381443298969,0.7959727644920349,0.5718375444412231,-0.22413522005081177,2.0,0.45454545454545453,52.27535749916861,0.30272338881001737,0
script1_speakerA_paraphrase.wav,1,A,paraphrase,15,74.0,62.96296296296296,0.7381561398506165,0.5487382411956787,-0.18941789865493774,3.0,0.45454545454545453,61.70745626460071,0.3858952381431595,1
script1_speakerA_paraphrase.wav,1,A,paraphrase,16,75.0,20.512820512820518,0.011036405339837074,0.026962973177433014,0.01592656783759594,0.0,0.2,47.756532636257724,0.41477615609768526,0
script1_speakerA_paraphrase.wav,1,A,paraphrase,16,76.0,54.36893203883495,0.2767753303050995,0.055539704859256744,-0.22123562544584274,1.0,0.5,45.94823850487281,0.43040036771576834,0
script1_speakerA_paraphrase.wav,1,A,paraphrase,16,77.0,54.6875,0.4522385597229004,0.24587316811084747,-0.20636539161205292,2.0,0.6,43.189750850551825,0.4379837379126076,0
script1_speakerA_paraphrase.wav,1,A,paraphrase,16,79.0,47.05882352941176,0.44242507219314575,0.3795434534549713,-0.06288161873817444,4.0,0.6,52.038418522748906,0.4975548072276752,1
script1_speakerA_paraphrase.wav,1,A,paraphrase,17,80.0,14.084507042253524,0.2315635085105896,0.2953658103942871,0.06380230188369751,0.0,0.0,38.61027685722176,0.38598154810334384,0
script1_speakerA_paraphrase.wav,1,A,paraphrase,17,81.0,47.42268041237113,0.6317683458328247,0.36774706840515137,-0.26402127742767334,1.0,0.2222222222222222,36.18867032801214,0.47161349065852004,0
script1_speakerA_paraphrase.wav,1,A,paraphrase,17,82.0,53.21100917431192,0.5911008715629578,0.2820444703102112,-0.3090564012527466,2.0,0.2222222222222222,38.239398876312194,0.4506780657703886,0
script1_speakerA_paraphrase.wav,1,A,paraphrase,17,83.0,55.172413793103445,0.5987337827682495,0.2917894124984741,-0.3069443702697754,3.0,0.2222222222222222,51.93536779326217,0.47472563906619764,1
script1_speakerA_paraphrase.wav,1,A,paraphrase,18,84.0,27.500000000000004,0.21049071848392487,0.10003063082695007,-0.11046008765697479,0.0,0.08333333333333333,45.294474322471785,0.3771492782145902,0
script1_speakerA_paraphrase.wav,1,A,paraphrase,18,85.0,58.58585858585859,0.4678148925304413,0.2759084105491638,-0.19190648198127747,1.0,0.4166666666666667,47.08609079298735,0.5058918167582398,0
script1_speakerA_paraphrase.wav,1,A,paraphrase,18,86.0,75.0,0.6517260074615479,0.39919254183769226,-0.2525334656238556,2.0,0.6666666666666666,53.6952861952862,0.461656715325634,0
script1_speakerA_paraphrase.wav,1,A,paraphrase,18,87.0,80.31496062992126,0.7085238695144653,0.4549608528614044,-0.2535630166530609,3.0,0.75,71.30027307192661,0.44082704495927194,0
script1_speakerA_paraphrase.wav,1,A,paraphrase,18,88.0,71.7557251908397,0.7810015678405762,0.5236995220184326,-0.25730204582214355,4.0,0.75,75.69022860692031,0.40326211279294993,1
script1_speakerA_paraphrase.wav,1,A,paraphrase,19,89.0,35.0,-0.024434136226773262,-0.03931322693824768,-0.014879090711474419,0.0,0.1,62.356895273586986,0.41315427861384857,0
script1_speakerA_paraphrase.wav,1,A,paraphrase,19,90.0,54.16666666666667,0.2541882395744324,0.11145351827144623,-0.14273472130298615,1.0,0.2,53.640797285835454,0.46978574916247995,0
script1_speakerA_paraphrase.wav,1,A,paraphrase,19,91.0,73.6842105263158,0.26599231362342834,0.07777439057826996,-0.1882179230451584,2.0,0.5,54.28362573099415,0.6368041606129315,0
script1_speakerA_paraphrase.wav,1,A,paraphrase,19,93.0,69.84126984126983,0.24636247754096985,0.1218995749950409,-0.12446290254592896,4.0,0.5,65.89738234475077,0.466353660252697,1
script1_speakerA_paraphrase.wav,1,A,paraphrase,20,94.0,30.952380952380953,0.06605632603168488,-0.002019563689827919,-0.0680758897215128,0.0,0.0,58.159287106655526,0.5223473968798663,0
script1_speakerA_paraphrase.wav,1,A,paraphrase,20,95.0,55.23809523809524,0.19215166568756104,0.04344680532813072,-0.1487048603594303,1.0,0.2,52.01058201058201,0.5798758570069573,0
script1_speakerA_paraphrase.wav,1,A,paraphrase,20,96.0,71.1864406779661,0.5096169710159302,0.20905759930610657,-0.3005593717098236,2.0,0.4,52.45897228948077,0.36236101411867505,0
script1_speakerA_paraphrase.wav,1,A,paraphrase,20,98.0,63.829787234042556,0.4441039562225342,0.45659253001213074,0.012488573789596558,4.0,0.4,63.4181077167013,0.42830675956945136,1
script1_speakerA_paraphrase.wav,1,A,paraphrase,21,99.0,20.93023255813954,0.09366200864315033,0.06483866274356842,-0.02882334589958191,0.0,0.0,51.9821534900494,0.3815151761237361,0
script1_speakerA_paraphrase.wav,1,A,paraphrase,21,100.0,40.36697247706422,0.24079573154449463,0.09666375070810318,-0.14413198083639145,1.0,0.36363636363636365,41.70899742308211,0.6990334992391357,0
script1_speakerA_paraphrase.wav,1,A,paraphrase,21,101.0,60.46511627906976,0.44277313351631165,0.2576856315135956,-0.18508750200271606,2.0,0.5454545454545454,40.58744043809118,0.4722980090888429,0
script1_speakerA_paraphrase.wav,1,A,paraphrase,21,102.0,66.66666666666667,0.5658621191978455,0.2814429700374603,-0.28441914916038513,3.0,0.6363636363636364,55.83291847426688,0.3254320779195198,0
script1_speakerA_paraphrase.wav,1,A,paraphrase,21,103.0,69.11764705882352,0.6825477480888367,0.558454692363739,-0.12409305572509766,4.0,0.6363636363636364,65.41647666818665,0.6582807272060562,1
script1_speakerA_paraphrase.wav,1,A,paraphrase,22,104.0,45.333333333333336,0.40645450353622437,0.04902061074972153,-0.35743389278650284,0.0,0.36363636363636365,60.372549019607845,0.5117366797723126,0
script1_speakerA_paraphrase.wav,1,A,paraphrase,22,105.0,57.831325301204814,0.5131059885025024,0.10312607884407043,-0.409979909658432,1.0,0.45454545454545453,57.427435231120555,0.5526872284603216,0
script1_speakerA_paraphrase.wav,1,A,paraphrase,22,106.0,82.35294117647058,0.6292998790740967,0.11799242347478867,-0.511307455599308,2.0,0.8181818181818182,61.83919993700291,0.620831381630086,0
script1_speakerA_paraphrase.wav,1,A,paraphrase,22,108.0,74.57627118644068,0.5559475421905518,0.18087825179100037,-0.3750692903995514,4.0,0.8181818181818182,71.5868458880387,0.22189884469376547,1
script1_speakerA_paraphrase.wav,1,A,paraphrase,23,109.0,31.46067415730337,0.38776540756225586,0.12213896214962006,-0.2656264454126358,0.0,0.07692307692307693,62.79662884007154,0.3711288400757678,0
script1_speakerA_paraphrase.wav,1,A,paraphrase,23,110.0,50.0,0.4670189619064331,0.13530579209327698,-0.33171316981315613,1.0,0.23076923076923078,52.01231511458135,0.46141898350299443,0
script1_speakerA_paraphrase.wav,1,A,paraphrase,23,111.0,46.95652173913043,0.41901856660842896,0.14851495623588562,-0.27050361037254333,2.0,0.23076923076923078,42.80573196547793,0.4042036583396074,0
script1_speakerA_paraphrase.wav,1,A,paraphrase,23,112.0,52.3076923076923,0.4521667957305908,0.18876487016677856,-0.26340192556381226,3.0,0.23076923076923078,49.75473801560758,0.4901082147014953,1
script1_speakerA_paraphrase.wav,1,A,paraphrase,24,114.0,43.90243902439024,0.6877766847610474,0.25427648425102234,-0.433500200510025,0.0,0.2727272727272727,47.72221769040432,0.38910812325420807,0
script1_speakerA_paraphrase.wav,1,A,paraphrase,24,115.0,74.07407407407408,0.8058179616928101,0.28598466515541077,-0.5198332965373993,1.0,0.45454545454545453,56.761401802052205,0.3928336018542638,0
script1_speakerA_paraphrase.wav,1,A,paraphrase,24,116.0,71.7948717948718,0.799643874168396,0.29504629969596863,-0.5045975744724274,2.0,0.45454545454545453,63.257128297778706,0.4192202563556778,0
script1_speakerA_paraphrase.wav,1,A,paraphrase,24,117.0,69.35483870967742,0.738895058631897,0.2852904200553894,-0.45360463857650757,3.0,0.45454545454545453,71.74126152620777,0.29858051888226084,1
script1_speakerA_paraphrase.wav,1,A,paraphrase,25,118.0,8.888888888888891,0.3170972466468811,0.07739603519439697,-0.23970121145248413,0.0,0.05,50.01286646447937,0.3936277980702554,0
script1_speakerA_paraphrase.wav,1,A,paraphrase,25,119.0,33.54838709677419,0.43436431884765625,0.188017338514328,-0.24634698033332825,1.0,0.2,37.26403823178017,0.41031703195037506,0
script1_speakerA_paraphrase.wav,1,A,paraphrase,25,120.0,50.86705202312138,0.6103070378303528,0.28285565972328186,-0.3274513781070709,2.0,0.3,31.10144266959482,0.5214611027509304,0
script1_speakerA_paraphrase.wav,1,A,paraphrase,25,122.0,55.83756345177665,0.5357333421707153,0.17220522463321686,-0.3635281175374985,4.0,0.35,46.75100085722408,0.28952274458289434,0
script1_speakerA_paraphrase.wav,1,A,paraphrase,25,123.0,60.48780487804878,0.5716407299041748,0.23155559599399567,-0.34008513391017914,5.0,0.45,55.730806784315604,0.45987698848351416,0
script1_speakerA_paraphrase.wav,1,A,paraphrase,25,124.0,57.407407407407405,0.3939753472805023,0.177371084690094,-0.21660426259040833,6.0,0.5,57.91092524574428,0.37393956404922457,0
script1_speakerA_paraphrase.wav,1,A,paraphrase,25,125.0,50.48543689320388,0.24791616201400757,-0.01430027186870575,-0.2622164338827133,7.0,0.55,56.12688305955336,0.5352709743010471,0
script1_speakerA_paraphrase.wav,1,A,paraphrase,25,126.0,49.19786096256684,0.41012346744537354,0.09613804519176483,-0.3139854222536087,8.0,0.6,52.36356842105938,0.38155393021436207,0
script1_speakerA_paraphrase.wav,1,A,paraphrase,25,127.0,39.15343915343915,0.1411062777042389,0.04389041289687157,-0.09721586480736732,9.0,0.6,46.278912336403295,0.5400978504522156,1
script1_speakerA_paraphrase.wav,1,A,paraphrase,26,128.0,34.78260869565217,0.30610013008117676,0.2542451024055481,-0.05185502767562866,0.0,0.2,41.04463627055272,0.5028845963073684,0
script1_speakerA_paraphrase.wav,1,A,paraphrase,26,129.0,46.01769911504425,0.6529806852340698,0.2122371345758438,-0.440743550658226,1.0,0.4,39.984582321378525,0.34989801882603044,0
script1_speakerA_paraphrase.wav,1,A,paraphrase,26,130.0,43.41085271317829,0.6780948042869568,0.17033232748508453,-0.5077624768018723,2.0,0.4,41.40372017462491,0.4563300739404082,0
script1_speakerA_paraphrase.wav,1,A,paraphrase,26,132.0,41.61073825503355,0.6582428216934204,0.2891736626625061,-0.3690691590309143,4.0,0.4,43.679763361085364,0.4695144884847818,1
script1_speakerA_paraphrase.wav,1,A,paraphrase,27,133.0,28.57142857142857,0.28135213255882263,0.04156511649489403,-0.2397870160639286,0.0,0.2,37.864339846546805,0.430355170276474,0
script1_speakerA_paraphrase.wav,1,A,paraphrase,27,134.0,46.808510638297875,0.19854405522346497,0.06281392276287079,-0.13573013246059418,1.0,0.3,38.99689248825333,0.476086572250725,0
script1_speakerA_paraphrase.wav,1,A,paraphrase,27,136.0,49.056603773584904,0.23960429430007935,0.0957944244146347,-0.14380986988544464,3.0,0.3,41.478847661103785,0.7046060569529833,1
script1_speakerA_paraphrase.wav,1,A,paraphrase,28,137.0,31.999999999999996,0.4186188578605652,0.04586876183748245,-0.37275009602308273,0.0,0.18181818181818182,42.621704803960924,0.38167924314354174,0
script1_speakerA_paraphrase.wav,1,A,paraphrase,28,138.0,60.215053763440864,0.57010418176651,0.09697998315095901,-0.473124198615551,1.0,0.2727272727272727,47.09055251234192,0.3849506309828758,0
script1_speakerA_paraphrase.wav,1,A,paraphrase,28,139.0,73.07692307692308,0.7974686622619629,0.29967424273490906,-0.49779441952705383,2.0,0.45454545454545453,55.09732561345464,0.5156258104647253,0
script1_speakerA_paraphrase.wav,1,A,paraphrase,28,140.0,70.79646017699115,0.724622368812561,0.24826695024967194,-0.4763554185628891,3.0,0.45454545454545453,68.02947900578503,0.47466856504570004,1
script1_speakerA_paraphrase.wav,1,A,paraphrase,29,141.0,24.096385542168676,0.4815666675567627,0.2866888642311096,-0.19487780332565308,0.0,0.18181818181818182,55.98992293202763,0.4466347908118374,0
script1_speakerA_paraphrase.wav,1,A,paraphrase,29,142.0,32.98969072164949,0.5202900767326355,0.2757793962955475,-0.244510680437088,1.0,0.36363636363636365,42.62751214693644,0.376375262744606,0
script1_speakerA_paraphrase.wav,1,A,paraphrase,29,143.0,43.2,0.578787088394165,0.22636692225933075,-0.3524201661348343,2.0,0.36363636363636365,33.42869208793939,0.4972744888830347,0
script1_speakerA_paraphrase.wav,1,A,paraphrase,29,145.0,41.666666666666664,0.5661925673484802,0.22515398263931274,-0.3410385847091675,4.0,0.45454545454545453,39.28545246277205,0.42166615026356935,0
script1_speakerA_paraphrase.wav,1,A,paraphrase,29,146.0,38.888888888888886,0.2814614176750183,0.05355527624487877,-0.22790614143013954,5.0,0.45454545454545453,41.25185185185185,0.2532250719184782,0
script1_speakerA_paraphrase.wav,1,A,paraphrase,29,147.0,42.553191489361694,0.13262975215911865,0.0723903626203537,-0.060239389538764954,6.0,0.45454545454545453,41.03624901497241,0.5444858439706766,1
script1_speakerA_paraphrase.wav,1,A,paraphrase,30,148.0,27.906976744186053,0.603426456451416,0.2524566054344177,-0.3509698510169983,0.0,0.2222222222222222,36.44968570747888,0.5579966621711412,0
script1_speakerA_paraphrase.wav,1,A,paraphrase,30,149.0,52.33644859813084,0.6299479007720947,0.2545613944530487,-0.375386506319046,1.0,0.3333333333333333,40.93220561055953,0.3542463825262007,0
script1_speakerA_paraphrase.wav,1,A,paraphrase,30,150.0,55.714285714285715,0.6699168682098389,0.20896580815315247,-0.4609510600566864,2.0,0.3333333333333333,45.31923701886754,0.613890545327733,0
script1_speakerA_paraphrase.wav,1,A,paraphrase,30,152.0,51.49700598802396,0.6138893365859985,0.44118836522102356,-0.17270097136497498,4.0,0.3333333333333333,53.182580100146836,0.5556225469396954,1
script1_speakerA_paraphrase.wav,1,A,paraphrase,31,153.0,30.379746835443033,0.2635655999183655,0.03555239737033844,-0.22801320254802704,0.0,0.3333333333333333,45.863679512584234,0.42913790761592036,0
script1_speakerA_paraphrase.wav,1,A,paraphrase,31,154.0,51.48514851485149,0.42144322395324707,0.04620828106999397,-0.3752349428832531,1.0,0.5555555555555556,44.45396711277283,0.5113132982367197,0
script1_speakerA_paraphrase.wav,1,A,paraphrase,31,155.0,57.94392523364487,0.46771544218063354,0.02735332027077675,-0.4403621219098568,2.0,0.6666666666666666,46.602940194646465,0.2925956209328414,0
script1_speakerA_paraphrase.wav,1,A,paraphrase,31,156.0,59.50413223140496,0.4237055778503418,0.14286957681179047,-0.28083600103855133,3.0,0.6666666666666666,56.311068659967106,0.5249838440327487,1
script1_speakerA_paraphrase.wav,1,A,paraphrase,32,157.0,42.352941176470594,0.4157392382621765,0.4248988628387451,0.009159624576568604,0.0,0.16666666666666666,53.26699954717348,0.5612904084413758,0
script1_speakerA_paraphrase.wav,1,A,paraphrase,32,158.0,60.19417475728155,0.7485982775688171,0.5076884627342224,-0.24090981483459473,1.0,0.25,54.017082721719035,0.5908761680176212,0
script1_speakerA_paraphrase.wav,1,A,paraphrase,32,159.0,66.66666666666667,0.7799745202064514,0.5250490307807922,-0.2549254894256592,2.0,0.4166666666666667,56.404594200139606,0.5537047644328364,0
script1_speakerA_paraphrase.wav,1,A,paraphrase,32,160.0,65.54621848739495,0.7362435460090637,0.5345240831375122,-0.2017194628715515,3.0,0.4166666666666667,64.13568663711439,0.35253633452041633,0
script1_speakerA_paraphrase.wav,1,A,paraphrase,32,161.0,58.62068965517242,0.5829590559005737,0.6044410467147827,0.021481990814208984,4.0,0.4166666666666667,63.61119160307801,0.4515925862237805,1
script1_speakerA_paraphrase.wav,1,A,paraphrase,33,162.0,16.326530612244895,0.1853484958410263,0.012115268036723137,-0.17323322780430317,0.0,0.10526315789473684,46.83114625160409,0.5267092368341152,0
script1_speakerA_paraphrase.wav,1,A,paraphrase,33,163.0,26.923076923076927,0.2098221480846405,-0.028557661920785904,-0.2383798100054264,1.0,0.15789473684210525,33.95676573016475,0.582479463774038,0
script1_speakerA_paraphrase.wav,1,A,paraphrase,33,164.0,44.57142857142857,0.4224759638309479,0.07435153424739838,-0.3481244295835495,2.0,0.2631578947368421,29.27367870225013,0.4811806743130347,0
script1_speakerA_paraphrase.wav,1,A,paraphrase,33,166.0,60.0,0.4574596881866455,0.04843321815133095,-0.40902647003531456,4.0,0.3157894736842105,43.83150183150183,0.30087595098448555,0
script1_speakerA_paraphrase.wav,1,A,paraphrase,33,167.0,57.868020304568525,0.4103178083896637,0.019558489322662354,-0.39075931906700134,5.0,0.3684210526315789,54.1464829586657,0.4327456682011698,0
script1_speakerA_paraphrase.wav,1,A,paraphrase,33,168.0,64.45497630331754,0.4591658115386963,0.12860214710235596,-0.33056366443634033,6.0,0.5263157894736842,60.774332202628685,0.5190768564682153,0
script1_speakerA_paraphrase.wav,1,A,paraphrase,33,169.0,56.07476635514019,0.41410374641418457,0.11678559333086014,-0.29731815308332443,7.0,0.6842105263157895,59.46592098767542,0.44880513494743113,0
script1_speakerA_paraphrase.wav,1,A,paraphrase,33,170.0,51.04166666666667,0.29000335931777954,0.2002740502357483,-0.08972930908203125,8.0,0.6842105263157895,57.190469775041464,0.3497387648789071,1
script1_speakerA_paraphrase.wav,1,A,paraphrase,34,171.0,41.75824175824175,0.23721572756767273,0.34522753953933716,0.10801181197166443,0.0,0.18181818181818182,49.62489159334954,0.4199552375027013,0
script1_speakerA_paraphrase.wav,1,A,paraphrase,34,172.0,57.425742574257434,0.33243340253829956,0.24396663904190063,-0.08846676349639893,1.0,0.36363636363636365,50.07521699972195,0.4540704545264475,0
script1_speakerA_paraphrase.wav,1,A,paraphrase,34,173.0,75.0,0.46892282366752625,0.3103712201118469,-0.15855160355567932,2.0,0.6363636363636364,58.06132811083306,0.5030805195679089,0
script1_speakerA_paraphrase.wav,1,A,paraphrase,34,174.0,76.71232876712328,0.5712265968322754,0.3372817635536194,-0.233944833278656,3.0,0.7272727272727273,69.7126904471269,0.5018045681845057,0
script1_speakerA_paraphrase.wav,1,A,paraphrase,34,175.0,68.11594202898551,0.3585827350616455,0.3607798218727112,0.002197086811065674,4.0,0.7272727272727273,73.2760902653696,0.7483234325816264,1
script1_speakerA_paraphrase.wav,1,A,paraphrase,35,176.0,25.531914893617024,0.29587531089782715,0.07222374528646469,-0.22365156561136246,0.0,0.1111111111111111,56.78672856324194,0.5852803940459974,0
script1_speakerA_paraphrase.wav,1,A,paraphrase,35,177.0,34.78260869565217,0.5667219161987305,0.052568744868040085,-0.5141531713306904,1.0,0.2222222222222222,42.8101552060849,0.6362528807883796,0
script1_speakerA_paraphrase.wav,1,A,paraphrase,35,178.0,54.41176470588236,0.8046876788139343,0.235125333070755,-0.5695623457431793,2.0,0.3333333333333333,38.242096098383854,0.4781188364467598,0
script1_speakerA_paraphrase.wav,1,A,paraphrase,35,179.0,55.172413793103445,0.7896695137023926,0.23356130719184875,-0.5561082065105438,3.0,0.3333333333333333,48.12226239821266,0.31411456189422954,1
script1_speakerA_paraphrase.wav,1,A,paraphrase,36,180.0,48.837209302325576,0.29864978790283203,0.20364408195018768,-0.09500570595264435,0.0,0.2727272727272727,52.8071292671038,0.5491439365568397,0
script1_speakerA_paraphrase.wav,1,A,paraphrase,36,181.0,64.64646464646464,0.6261471509933472,0.3322939872741699,-0.29385316371917725,1.0,0.45454545454545453,56.21869591396455,0.4962184329790065,0
script1_speakerA_paraphrase.wav,1,A,paraphrase,36,182.0,83.33333333333334,0.880365252494812,0.3513304591178894,-0.5290347933769226,2.0,0.7272727272727273,65.60566909404119,0.5892996703332429,0
script1_speakerA_paraphrase.wav,1,A,paraphrase,36,184.0,75.177304964539,0.863146185874939,0.39531320333480835,-0.4678329825401306,4.0,0.7272727272727273,74.38570098144567,0.6426520879602129,1
script1_speakerA_paraphrase.wav,1,A,paraphrase,37,185.0,28.57142857142857,0.23227174580097198,-0.0017414875328540802,-0.23401323333382607,0.0,0.2,62.36068895643364,0.5573788520529371,0
script1_speakerA_paraphrase.wav,1,A,paraphrase,37,186.0,48.88888888888889,0.6044119596481323,0.2389676868915558,-0.36544427275657654,1.0,0.3,50.87920747495215,0.5432231773816938,0
script1_speakerA_paraphrase.wav,1,A,paraphrase,37,187.0,63.366336633663366,0.6913047432899475,0.3461914658546448,-0.34511327743530273,2.0,0.4,46.942218031326945,0.41554479377150216,0
script1_speakerA_paraphrase.wav,1,A,paraphrase,37,188.0,63.06306306306306,0.5785431861877441,0.2502078115940094,-0.32833537459373474,3.0,0.4,58.43942952853844,0.2728937432939773,0
script1_speakerA_paraphrase.wav,1,A,paraphrase,37,189.0,54.71698113207547,0.5154926776885986,0.20309394598007202,-0.3123987317085266,4.0,0.4,60.382126942933965,0.3459420336542677,1
script1_speakerA_paraphrase.wav,1,A,paraphrase,38,190.0,17.177914110429448,-0.07253247499465942,0.031273823231458664,0.10380629822611809,0.0,0.0,44.98598610185599,0.35949940627984905,0
script1_speakerA_paraphrase.wav,1,A,paraphrase,38,191.0,25.730994152046783,-0.02718990668654442,0.03270021826028824,0.05989012494683266,1.0,0.1,32.541963131517235,0.6015973655816392,0
script1_speakerA_paraphrase.wav,1,A,paraphrase,38,192.0,40.21164021164021,0.39454740285873413,0.1203259527683258,-0.2742214500904083,2.0,0.2,27.706849491372147,0.37785666976619514,0
script1_speakerA_paraphrase.wav,1,A,paraphrase,38,193.0,44.33497536945813,0.3564870357513428,0.17713089287281036,-0.1793561428785324,3.0,0.2,36.75920324438171,0.38328142387082437,0
script1_speakerA_paraphrase.wav,1,A,paraphrase,38,194.0,47.76119402985075,0.5983061790466309,0.20244237780570984,-0.395863801240921,4.0,0.2,44.10260320364969,0.40838010561858507,0
script1_speakerA_paraphrase.wav,1,A,paraphrase,38,195.0,52.53456221198156,0.5983214378356934,0.151565283536911,-0.44675615429878235,5.0,0.3,48.21024387043015,0.36020484827629246,0
script1_speakerA_paraphrase.wav,1,A,paraphrase,38,196.0,47.27272727272728,0.18289923667907715,0.058555759489536285,-0.12434347718954086,6.0,0.35,49.189494504853194,0.3292164160073738,0
script1_speakerA_paraphrase.wav,1,A,paraphrase,38,197.0,54.054054054054056,0.38212716579437256,0.07545167952775955,-0.306675486266613,7.0,0.4,51.287114512920965,0.4020280082574863,0
script1_speakerA_paraphrase.wav,1,A,paraphrase,38,198.0,53.81165919282511,0.3695204257965088,0.16834113001823425,-0.20117929577827454,8.0,0.45,51.71281350653548,0.4593075848679098,0
script1_speakerA_paraphrase.wav,1,A,paraphrase,38,199.0,41.545893719806756,0.30646106600761414,0.16638773679733276,-0.14007332921028137,9.0,0.45,49.80386898889531,0.4142216933438034,1
script1_speakerA_paraphrase.wav,1,A,paraphrase,39,200.0,31.46067415730337,0.2747179865837097,0.11045487225055695,-0.16426311433315277,0.0,0.1,42.27274235664508,0.27546778222433194,0
script1_speakerA_paraphrase.wav,1,A,paraphrase,39,201.0,58.490566037735846,0.35704636573791504,0.17100295424461365,-0.1860434114933014,1.0,0.3,43.83237797161532,0.4129522020642305,0
script1_speakerA_paraphrase.wav,1,A,paraphrase,39,202.0,69.84126984126983,0.5109775066375732,0.1918744146823883,-0.31910309195518494,2.0,0.5,53.264170012103015,0.458580816464585,0
script1_speakerA_paraphrase.wav,1,A,paraphrase,39,204.0,66.66666666666667,0.486961305141449,0.20230737328529358,-0.2846539318561554,4.0,0.5,64.99950084855745,0.5665293012728556,1
script1_speakerA_paraphrase.wav,1,A,paraphrase,40,205.0,32.94117647058824,0.17803719639778137,-0.059400007128715515,-0.2374372035264969,0.0,0.2,56.48303765950825,0.5472917205510777,0
script1_speakerA_paraphrase.wav,1,A,paraphrase,40,206.0,44.44444444444444,0.4082825183868408,-0.10839538276195526,-0.5166779011487961,1.0,0.3,48.01742919389979,0.4473882374866778,0
script1_speakerA_paraphrase.wav,1,A,paraphrase,40,207.0,50.847457627118644,0.4654577374458313,-0.06619463115930557,-0.5316523686051369,2.0,0.3,42.744359514050444,0.5319508418832412,0
script1_speakerA_paraphrase.wav,1,A,paraphrase,40,209.0,47.05882352941176,0.41100525856018066,0.3533605933189392,-0.057644665241241455,4.0,0.3,47.45024186699162,0.4000001794684523,1
script1_speakerA_paraphrase.wav,1,A,paraphrase,41,210.0,40.44943820224719,0.5132306218147278,0.21609562635421753,-0.29713499546051025,0.0,0.2727272727272727,46.11857311959253,0.5367953913232351,0
script1_speakerA_paraphrase.wav,1,A,paraphrase,41,211.0,42.201834862385326,0.41714441776275635,0.14205718040466309,-0.27508723735809326,1.0,0.2727272727272727,43.23669886468142,0.43496292961171285,0
script1_speakerA_paraphrase.wav,1,A,paraphrase,41,212.0,51.162790697674424,0.36691948771476746,0.13054785132408142,-0.23637163639068604,2.0,0.36363636363636365,44.60468792076898,0.48321403538589797,0
script1_speakerA_paraphrase.wav,1,A,paraphrase,41,213.0,67.12328767123287,0.442499041557312,0.19639331102371216,-0.24610573053359985,3.0,0.6363636363636364,53.49597107709754,0.6609686449192592,0
script1_speakerA_paraphrase.wav,1,A,paraphrase,41,214.0,44.5945945945946,0.15837764739990234,0.08553634583950043,-0.07284130156040192,4.0,0.6363636363636364,54.29355765450063,0.33012997189574034,1
script1_speakerA_paraphrase.wav,1,A,paraphrase,42,215.0,52.27272727272727,0.5274474620819092,0.3639204204082489,-0.16352704167366028,0.0,0.36363636363636365,54.66353651285158,0.567203173326624,0
script1_speakerA_paraphrase.wav,1,A,paraphrase,42,216.0,74.28571428571429,0.7924343347549438,0.5055607557296753,-0.28687357902526855,1.0,0.6363636363636364,57.05101205101205,0.4515474794036525,0
script1_speakerA_paraphrase.wav,1,A,paraphrase,42,217.0,71.42857142857143,0.7063649892807007,0.431155800819397,-0.2752091884613037,2.0,0.6363636363636364,65.99567099567099,0.41381589045254913,0
script1_speakerA_paraphrase.wav,1,A,paraphrase,42,218.0,64.7887323943662,0.6320455074310303,0.3644322156906128,-0.2676132917404175,3.0,0.6363636363636364,70.16767270288398,0.35477798537691296,1
script1_speakerA_paraphrase.wav,1,A,paraphrase,43,219.0,27.450980392156865,0.3107375502586365,0.21538510918617249,-0.09535244107246399,0.0,0.09090909090909091,54.556094738364834,0.5072312214034532,0
script1_speakerA_paraphrase.wav,1,A,paraphrase,43,220.0,48.38709677419355,0.42831844091415405,0.25596198439598083,-0.17235645651817322,1.0,0.2727272727272727,46.87560318690554,0.48253970483346176,0
script1_speakerA_paraphrase.wav,1,A,paraphrase,43,221.0,61.64383561643836,0.5645779371261597,0.30181193351745605,-0.2627660036087036,2.0,0.45454545454545453,45.827304260929594,0.538518682670557,0
script1_speakerA_paraphrase.wav,1,A,paraphrase,43,222.0,59.493670886075954,0.554997444152832,0.28388941287994385,-0.2711080312728882,3.0,0.45454545454545453,56.50820109223596,0.37909191046760715,0
script1_speakerA_paraphrase.wav,1,A,paraphrase,43,223.0,53.16455696202531,0.5083370208740234,0.28449612855911255,-0.2238408923149109,4.0,0.45454545454545453,58.100687821513205,0.4642198906199063,0
script1_speakerA_paraphrase.wav,1,A,paraphrase,43,224.0,48.05194805194806,0.41517770290374756,0.2518457770347595,-0.16333192586898804,5.0,0.45454545454545453,53.570058633349774,0.3838035234962468,0
script1_speakerA_paraphrase.wav,1,A,paraphrase,43,226.0,41.0958904109589,0.2020408660173416,0.1564313769340515,-0.0456094890832901,7.0,0.45454545454545453,47.43746514164409,0.49592606252589977,1
script1_speakerA_paraphrase.wav,1,A,paraphrase,44,227.0,33.734939759036145,0.4774896204471588,0.3328705430030823,-0.14461907744407654,0.0,0.09090909090909091,40.960926073981035,0.49761109562990535,0
script1_speakerA_paraphrase.wav,1,A,paraphrase,44,228.0,44.44444444444444,0.5577032566070557,0.270796000957489,-0.28690725564956665,1.0,0.36363636363636365,39.75842487147983,0.5116688404560329,0
script1_speakerA_paraphrase.wav,1,A,paraphrase,44,229.0,71.66666666666667,0.7059035897254944,0.29300910234451294,-0.41289448738098145,2.0,0.6363636363636364,49.94868362338242,0.6228568558736892,0
script1_speakerA_paraphrase.wav,1,A,paraphrase,44,230.0,68.70229007633588,0.700291633605957,0.31859323382377625,-0.3816983997821808,3.0,0.6363636363636364,61.604467062482335,0.3118582777525629,0
script1_speakerA_paraphrase.wav,1,A,paraphrase,44,231.0,55.072463768115945,0.6034117937088013,0.6893194913864136,0.0859076976776123,4.0,0.6363636363636364,65.14714017037284,0.41666935156240953,1
script1_speakerA_paraphrase.wav,1,A,paraphrase,45,232.0,30.58823529411765,0.5065324306488037,0.1677486151456833,-0.3387838155031204,0.0,0.18181818181818182,51.45432971285649,0.5015947009627783,0
script1_speakerA_paraphrase.wav,1,A,paraphrase,45,233.0,60.19417475728155,0.6111924648284912,0.28028741478919983,-0.3309050500392914,1.0,0.45454545454545453,48.618291273171714,0.3746036566768115,0
script1_speakerA_paraphrase.wav,1,A,paraphrase,45,234.0,77.96610169491525,0.63804030418396,0.284145712852478,-0.35389459133148193,2.0,0.6363636363636364,56.249503915438154,0.39304321743876064,0
script1_speakerA_paraphrase.wav,1,A,paraphrase,45,236.0,74.24242424242425,0.5631323456764221,0.412759006023407,-0.15037333965301514,4.0,0.6363636363636364,70.80090023154035,0.5037804379474363,1
script1_speakerA_paraphrase.wav,1,A,paraphrase,46,237.0,34.40860215053764,0.29753708839416504,0.10951896011829376,-0.18801812827587128,0.0,0.0,62.20570936262571,0.43828063317493754,0
script1_speakerA_paraphrase.wav,1,A,paraphrase,46,238.0,47.78761061946902,0.49511170387268066,0.18931347131729126,-0.3057982325553894,1.0,0.0,52.14621233747697,0.38033113960293885,0
script1_speakerA_paraphrase.wav,1,A,paraphrase,46,239.0,52.892561983471076,0.47907519340515137,0.22364023327827454,-0.25543496012687683,2.0,0.1,45.02959158449258,0.31072284474771944,0
script1_speakerA_paraphrase.wav,1,A,paraphrase,46,240.0,61.9718309859155,0.5689175128936768,0.20164421200752258,-0.3672733008861542,3.0,0.2,54.21733452961853,0.38185832650764,0
script1_speakerA_paraphrase.wav,1,A,paraphrase,46,241.0,50.76923076923077,0.39218196272850037,0.11356611549854279,-0.2786158472299576,4.0,0.2,55.211207912872446,0.3778817721337294,1
script1_speakerA_paraphrase.wav,1,A,paraphrase,47,242.0,56.81818181818181,0.21786324679851532,0.10391033440828323,-0.11395291239023209,0.0,0.45454545454545453,56.519747857776025,0.5133553025431319,0
script1_speakerA_paraphrase.wav,1,A,paraphrase,47,243.0,66.66666666666667,0.21338899433612823,0.1364794224500656,-0.07690957188606262,1.0,0.5454545454545454,58.084693084693086,0.4325157575187409,0
script1_speakerA_paraphrase.wav,1,A,paraphrase,47,244.0,65.57377049180329,0.20362821221351624,0.14030924439430237,-0.06331896781921387,2.0,0.5454545454545454,63.01953965888392,0.42535787358696386,0
script1_speakerA_paraphrase.wav,1,A,paraphrase,47,245.0,58.57142857142856,0.20085735619068146,0.1620226502418518,-0.03883470594882965,3.0,0.5454545454545454,63.60395524329951,0.3108183327221441,0
script1_speakerA_paraphrase.wav,1,A,paraphrase,47,246.0,44.8,0.20170879364013672,0.16989374160766602,-0.0318150520324707,4.0,0.5454545454545454,56.31506635441062,0.5805248445636004,1
script1_speakerA_paraphrase.wav,1,A,paraphrase,48,247.0,37.77777777777778,0.05169086903333664,0.0041085220873355865,-0.04758234694600105,0.0,0.1,47.049735449735444,0.4735742115888588,0
script1_speakerA_paraphrase.wav,1,A,paraphrase,48,248.0,55.855855855855864,0.2572191655635834,0.1752806454896927,-0.08193852007389069,1.0,0.1,46.144544544544544,0.37081975515817645,0
script1_speakerA_paraphrase.wav,1,A,paraphrase,48,249.0,70.1492537313433,0.5630426406860352,0.3550131916999817,-0.20802944898605347,2.0,0.3,54.594295788325645,0.5587192324167715,0
script1_speakerA_paraphrase.wav,1,A,paraphrase,48,251.0,64.19753086419753,0.5281460285186768,0.5047343969345093,-0.02341163158416748,4.0,0.4,63.40088015046556,0.43141257297458735,1
script1_speakerA_paraphrase.wav,1,A,paraphrase,49,252.0,31.32530120481928,0.2930293083190918,0.2203598916530609,-0.07266941666603088,0.0,0.18181818181818182,55.224028600120036,0.3726413168905847,0
script1_speakerA_paraphrase.wav,1,A,paraphrase,49,253.0,64.76190476190476,0.7328875064849854,0.2528623938560486,-0.48002511262893677,1.0,0.36363636363636365,53.42824561030719,0.3479736715069976,0
script1_speakerA_paraphrase.wav,1,A,paraphrase,49,254.0,75.43859649122807,0.7549644112586975,0.28196677565574646,-0.47299763560295105,2.0,0.5454545454545454,57.17526748598404,0.49016891885367053,0
script1_speakerA_paraphrase.wav,1,A,paraphrase,49,255.0,79.36507936507937,0.8140850067138672,0.3858608901500702,-0.428224116563797,3.0,0.7272727272727273,73.1885268727374,0.8099464599054885,1
script1_speakerA_paraphrase.wav,1,A,paraphrase,50,256.0,22.78481012658228,0.12807181477546692,0.2087322175502777,0.08066040277481079,0.0,0.0,59.196161994296574,0.322206620764515,0
script1_speakerA_paraphrase.wav,1,A,paraphrase,50,257.0,37.77777777777778,0.3237115144729614,0.23109936714172363,-0.09261214733123779,1.0,0.18181818181818182,46.64255575647981,0.383923796328706,0
script1_speakerA_paraphrase.wav,1,A,paraphrase,50,258.0,53.21100917431192,0.35184645652770996,0.1359645575284958,-0.21588189899921417,2.0,0.18181818181818182,37.924532359557325,0.6117065188339237,0
script1_speakerA_paraphrase.wav,1,A,paraphrase,50,259.0,65.57377049180329,0.3969877362251282,0.12802261114120483,-0.26896512508392334,3.0,0.36363636363636365,52.18751914796433,0.5620421781360654,0
script1_speakerA_paraphrase.wav,1,A,paraphrase,50,260.0,65.57377049180329,0.4239637553691864,0.12137134373188019,-0.3025924116373062,4.0,0.36363636363636365,61.4528500526395,0.42992200218335896,1
script1_speakerA_paraphrase.wav,1,A,paraphrase,51,261.0,30.303030303030297,0.23378394544124603,0.2449101209640503,0.01112617552280426,0.0,0.0,53.81685709554562,0.6570789904682836,0
script1_speakerA_paraphrase.wav,1,A,paraphrase,51,262.0,42.22222222222223,0.35074383020401,0.2292346954345703,-0.1215091347694397,1.0,0.1,46.033007672351935,0.5180562776113177,0
script1_speakerA_paraphrase.wav,1,A,paraphrase,51,263.0,42.85714285714286,0.4109218418598175,0.24012477695941925,-0.17079706490039825,2.0,0.1,38.460798460798465,0.3936013337730685,0
script1_speakerA_paraphrase.wav,1,A,paraphrase,51,264.0,39.63963963963963,0.3934365510940552,0.27919629216194153,-0.11424025893211365,3.0,0.1,41.57300157300158,0.6296190148490529,1
script1_speakerA_paraphrase.wav,1,A,paraphrase,52,265.0,35.44303797468354,0.5277113914489746,-0.030235523357987404,-0.557946914806962,0.0,0.2,39.313273490488676,0.4521994115006621,0
script1_speakerA_paraphrase.wav,1,A,paraphrase,52,266.0,60.60606060606061,0.39338189363479614,-0.05126950144767761,-0.44465139508247375,1.0,0.4,45.22957940679459,0.36994679147569426,0
script1_speakerA_paraphrase.wav,1,A,paraphrase,52,267.0,71.30434782608695,0.4997705817222595,0.015134342014789581,-0.48463623970746994,2.0,0.5,55.78448213561037,0.41053539842875814,0
script1_speakerA_paraphrase.wav,1,A,paraphrase,52,268.0,70.49180327868852,0.49179667234420776,0.014549853280186653,-0.4772468190640211,3.0,0.5,67.46740390361202,0.45319496602505166,1
script1_speakerA_paraphrase.wav,1,A,paraphrase,53,269.0,31.32530120481928,0.10503759980201721,0.17361131310462952,0.0685737133026123,0.0,0.1111111111111111,57.70715076986492,0.4444147596309297,0
script1_speakerA_paraphrase.wav,1,A,paraphrase,53,270.0,38.38383838383839,0.23173391819000244,0.17575117945671082,-0.055982738733291626,1.0,0.2222222222222222,46.73364762244873,0.44880047076629337,0
script1_speakerA_paraphrase.wav,1,A,paraphrase,53,271.0,46.7741935483871,0.28304341435432434,0.2705698609352112,-0.01247355341911316,2.0,0.3333333333333333,38.82777771234826,0.5656189984513271,0
script1_speakerA_paraphrase.wav,1,A,paraphrase,53,273.0,51.00671140939597,0.303781121969223,0.3119071424007416,0.008126020431518555,4.0,0.4444444444444444,45.38824778054049,0.5729806025658194,1
script1_speakerA_paraphrase.wav,1,A,paraphrase,54,274.0,29.629629629629626,0.3394656777381897,0.2563042938709259,-0.0831613838672638,0.0,0.1,42.47017819580423,0.40876674805214686,0
script1_speakerA_paraphrase.wav,1,A,paraphrase,54,275.0,70.37037037037037,0.6101125478744507,0.3889666795730591,-0.2211458683013916,1.0,0.4,50.335570469798654,0.4779889678746546,0
script1_speakerA_paraphrase.wav,1,A,paraphrase,54,277.0,74.19354838709677,0.6583004593849182,0.5077958106994629,-0.15050464868545532,3.0,0.4,58.064516129032256,0.4735095963238437,1
script1_speakerA_paraphrase.wav,1,A,paraphrase,55,278.0,35.0,0.45312201976776123,0.17668914794921875,-0.2764328718185425,0.0,0.2,59.854639585822376,0.607362089801029,0
script1_speakerA_paraphrase.wav,1,A,paraphrase,55,279.0,56.310679611650485,0.7898757457733154,0.31823304295539856,-0.47164270281791687,1.0,0.3,55.16807599958242,0.5376142040766265,0
script1_speakerA_paraphrase.wav,1,A,paraphrase,55,280.0,68.90756302521008,0.8439757823944092,0.3775476813316345,-0.46642810106277466,2.0,0.5,53.406080878953524,0.4374073707567177,0
script1_speakerA_paraphrase.wav,1,A,paraphrase,55,281.0,74.80916030534351,0.9289239048957825,0.5314221978187561,-0.39750170707702637,3.0,0.7,66.67580098073469,0.5275647719955323,1
script1_speakerA_paraphrase.wav,1,A,paraphrase,56,282.0,21.42857142857143,-0.019965123385190964,0.06330417841672897,0.08326930180191994,0.0,0.0,55.04843158637501,0.4097735707476281,0
script1_speakerA_paraphrase.wav,1,A,paraphrase,56,283.0,60.71428571428572,0.4119817316532135,0.1475260853767395,-0.264455646276474,1.0,0.36363636363636365,52.31733914940022,0.6075612087171159,0
script1_speakerA_paraphrase.wav,1,A,paraphrase,56,285.0,59.01639344262295,0.37832120060920715,0.13851618766784668,-0.23980501294136047,3.0,0.36363636363636365,47.05308352849337,0.3131945571687206,0
script1_speakerA_paraphrase.wav,1,A,paraphrase,56,286.0,57.57575757575757,0.3386611342430115,0.16521823406219482,-0.17344290018081665,4.0,0.36363636363636365,59.10214557755541,0.7184018103190716,1
script1_speakerA_paraphrase.wav,1,A,paraphrase,57,287.0,44.827586206896555,0.4794444441795349,0.08271738886833191,-0.396727055311203,0.0,0.4,53.80657907509236,0.552161337363385,0
script1_speakerA_paraphrase.wav,1,A,paraphrase,57,288.0,64.74820143884892,0.6361775994300842,0.2077912986278534,-0.42838630080223083,1.0,0.6,55.71718174050102,0.5649131368091883,0
script1_speakerA_paraphrase.wav,1,A,paraphrase,57,289.0,81.98757763975155,0.8579508066177368,0.18464559316635132,-0.6733052134513855,2.0,0.8,63.854455095165676,0.48800628296935566,0
script1_speakerA_paraphrase.wav,1,A,paraphrase,57,290.0,86.70520231213872,0.926960825920105,0.20143482089042664,-0.7255260050296783,3.0,0.8666666666666667,77.81366046357974,0.3161895759152703,0
script1_speakerA_paraphrase.wav,1,A,paraphrase,57,291.0,70.73170731707317,0.7757841348648071,0.32111233472824097,-0.45467180013656616,4.0,0.8666666666666667,79.80816242298782,0.7442058735534415,1
script1_speakerA_paraphrase.wav,1,A,paraphrase,58,292.0,65.85365853658536,0.48709529638290405,0.48709529638290405,0.0,0.0,0.5,74.43018938859909,0.5860558600125533,0
script1_speakerA_paraphrase.wav,1,A,paraphrase,58,293.0,66.66666666666667,0.4621976912021637,0.4621976912021637,0.0,1.0,0.5,67.75067750677506,0.38695941103920434,0
script1_speakerA_skip.wav,1,A,skip,0,2.0,19.696969696969703,0.10817011445760727,0.1112774908542633,0.0031073763966560364,0.0,0.05263157894736842,19.696969696969703,0.4059328637943871,0
script1_speakerA_skip.wav,1,A,skip,0,3.0,36.60130718954249,0.29587918519973755,0.13197588920593262,-0.16390329599380493,1.0,0.2631578947368421,28.149138443256096,0.49453536686040234,0
script1_speakerA_skip.wav,1,A,skip,0,4.0,53.80116959064327,0.5619072914123535,0.14254039525985718,-0.41936689615249634,2.0,0.42105263157894735,36.699815492385156,0.5288623746823392,0
script1_speakerA_skip.wav,1,A,skip,0,5.0,60.439560439560445,0.6481561064720154,0.14982426166534424,-0.49833184480667114,3.0,0.5789473684210527,50.280679073248734,0.7148622623879222,0
script1_speakerA_skip.wav,1,A,skip,0,6.0,67.03296703296704,0.7602536678314209,0.1524600386619568,-0.6077936291694641,4.0,0.6842105263157895,60.424565687723586,0.40678604853233047,0
script1_speakerA_skip.wav,1,A,skip,0,7.0,63.687150837988824,0.7466621398925781,0.28134846687316895,-0.4653136730194092,5.0,0.7894736842105263,63.7198927701721,0.5043582637738897,0
script1_speakerA_skip.wav,1,A,skip,0,8.0,57.14285714285714,0.7186861634254456,0.2752406597137451,-0.44344550371170044,6.0,0.8421052631578947,62.620991671271,0.5471424340099031,0
script1_speakerA_skip.wav,1,A,skip,0,9.0,51.764705882352935,0.5035108923912048,0.2885652780532837,-0.21494561433792114,7.0,0.8421052631578947,57.531571287732966,0.5892179087748883,1
script1_speakerA_skip.wav,1,A,skip,1,10.0,58.53658536585367,0.43907880783081055,0.16128189861774445,-0.2777969092130661,0.0,0.5454545454545454,55.81471613035458,0.7124203458581829,0
script1_speakerA_skip.wav,1,A,skip,1,11.0,73.26732673267327,0.4125244617462158,0.055356383323669434,-0.3571680784225464,1.0,0.7272727272727273,61.18953932695996,0.46289119795564937,0
script1_speakerA_skip.wav,1,A,skip,1,12.0,82.56880733944953,0.5319778919219971,0.15104368329048157,-0.3809342086315155,2.0,0.8181818181818182,71.45757314599216,0.438997380370161,0
script1_speakerA_skip.wav,1,A,skip,1,13.0,73.6,0.5379447937011719,0.16080862283706665,-0.3771361708641052,3.0,0.8181818181818182,76.47871135737427,0.7296948252215293,1
script1_speakerA_skip.wav,1,A,skip,2,14.0,24.65753424657534,0.35670042037963867,0.06606896966695786,-0.2906314507126808,0.0,0.16666666666666666,60.27544719534163,0.45456971089520326,0
script1_speakerA_skip.wav,1,A,skip,2,15.0,34.48275862068966,0.3388253450393677,0.09218182414770126,-0.2466435208916664,1.0,0.16666666666666666,44.24676428908833,0.27745266849615013,0
script1_speakerA_skip.wav,1,A,skip,2,16.0,59.61538461538461,0.7589178085327148,0.47286495566368103,-0.2860528528690338,2.0,0.4166666666666667,39.58522582754987,0.36194676442624285,0
script1_speakerA_skip.wav,1,A,skip,2,17.0,58.18181818181818,0.727898120880127,0.4321487843990326,-0.29574933648109436,3.0,0.4166666666666667,50.759987139297486,0.4587479532858755,0
script1_speakerA_skip.wav,1,A,skip,2,18.0,53.84615384615385,0.5570448637008667,0.5092207789421082,-0.047824084758758545,4.0,0.4166666666666667,57.214452214452216,0.6488913632042032,1
script1_speakerA_skip.wav,1,A,skip,3,19.0,31.999999999999996,0.5582147240638733,0.0973888635635376,-0.4608258605003357,0.0,0.2222222222222222,48.009324009324004,0.5276628118605255,0
script1_speakerA_skip.wav,1,A,skip,3,20.0,57.77777777777777,0.798748791217804,0.19988110661506653,-0.5988676846027374,1.0,0.4444444444444444,47.87464387464387,0.41094310475549434,0
script1_speakerA_skip.wav,1,A,skip,3,21.0,76.19047619047619,0.87565016746521,0.19556477665901184,-0.6800853908061981,2.0,0.6666666666666666,55.322751322751316,0.5972450117358173,0
script1_speakerA_skip.wav,1,A,skip,3,22.0,77.06422018348624,0.8603242635726929,0.19318357110023499,-0.6671406924724579,3.0,0.6666666666666666,70.34415805058006,0.22117096437996134,1
script1_speakerA_skip.wav,1,A,skip,4,23.0,41.02564102564102,0.7515149116516113,0.3658085763454437,-0.3857063353061676,0.0,0.5,64.76011246653448,0.6582554443810634,0
script1_speakerA_skip.wav,1,A,skip,4,24.0,63.26530612244898,0.9253060221672058,0.3386267423629761,-0.5866792798042297,1.0,0.6666666666666666,60.45172244385875,0.5658389701544987,0
script1_speakerA_skip.wav,1,A,skip,4,25.0,88.70967741935483,0.9934470653533936,0.34778350591659546,-0.6456635594367981,2.0,1.0,64.33354152248161,0.6202491911108952,0
script1_speakerA_skip.wav,1,A,skip,4,26.0,83.96946564885496,0.9753870964050293,0.35169607400894165,-0.6236910223960876,3.0,1.0,78.64814973021959,0.4374525680559175,1
script1_speakerA_skip.wav,1,A,skip,5,27.0,37.03703703703704,0.3651399314403534,0.0018809586763381958,-0.3632589727640152,0.0,0.3333333333333333,69.90539336841562,0.4506901171232777,0
script1_speakerA_skip.wav,1,A,skip,5,28.0,58.33333333333333,0.4610038995742798,-0.005070891231298447,-0.46607479080557823,1.0,0.3333333333333333,59.77994533974178,0.3694214724090189,0
script1_speakerA_skip.wav,1,A,skip,5,29.0,63.24786324786324,0.4785987436771393,-0.06261666119098663,-0.5412154048681259,2.0,0.5833333333333334,52.8727445394112,0.4562577315592718,0
script1_speakerA_skip.wav,1,A,skip,5,31.0,54.92957746478873,0.3984784781932831,0.1447346806526184,-0.2537437975406647,4.0,0.5833333333333334,58.8369246819951,0.3717646360526725,1
script1_speakerA_skip.wav,1,A,skip,6,32.0,31.16883116883117,0.2593604624271393,0.1392328441143036,-0.1201276183128357,0.0,0.1111111111111111,49.78209062716105,0.4054705234565682,0
script1_speakerA_skip.wav,1,A,skip,6,33.0,52.17391304347826,0.47370824217796326,0.42292648553848267,-0.05078175663948059,1.0,0.2222222222222222,46.09077389236605,0.48041152620672384,0
script1_speakerA_skip.wav,1,A,skip,6,34.0,72.07207207207207,0.6149019002914429,0.5313851833343506,-0.08351671695709229,2.0,0.4444444444444444,51.8049387614605,0.550591215873654,0
script1_speakerA_skip.wav,1,A,skip,6,36.0,71.21212121212122,0.6492666006088257,0.5879976749420166,-0.06126892566680908,4.0,0.5555555555555556,65.15270210922385,0.5293631192870769,1
script1_speakerA_skip.wav,1,A,skip,7,37.0,23.076923076923073,0.07742564380168915,-0.04823851212859154,-0.12566415593028069,0.0,0.0,55.45370545370545,0.31588557476234097,0
script1_speakerA_skip.wav,1,A,skip,7,38.0,44.21052631578948,0.1436789482831955,-0.0060419440269470215,-0.14972089231014252,1.0,0.18181818181818182,46.16652353494459,0.38188201119924825,0
script1_speakerA_skip.wav,1,A,skip,7,39.0,56.363636363636374,0.32101523876190186,0.10583728551864624,-0.21517795324325562,2.0,0.36363636363636365,41.21702858544964,0.49010868819132525,0
script1_speakerA_skip.wav,1,A,skip,7,40.0,54.385964912280706,0.31994861364364624,0.09818129241466522,-0.22176732122898102,3.0,0.36363636363636365,51.653375863902184,0.38680454033157285,1
script1_speakerA_skip.wav,1,A,skip,8,41.0,28.915662650602414,0.24802838265895844,0.09262994676828384,-0.1553984358906746,0.0,0.2,46.555087975506495,0.5450117763814397,0
script1_speakerA_skip.wav,1,A,skip,8,42.0,39.56043956043956,0.39708495140075684,0.18024246394634247,-0.21684248745441437,1.0,0.3,40.954022374440896,0.4257197316114654,0
script1_speakerA_skip.wav,1,A,skip,8,43.0,69.4915254237288,0.7836912274360657,0.4857979714870453,-0.2978932559490204,2.0,0.5,45.98920921159026,0.4041493003276468,0
script1_speakerA_skip.wav,1,A,skip,8,44.0,73.2824427480916,0.8212502002716064,0.5092369318008423,-0.31201326847076416,3.0,0.6,60.77813591075332,0.3720713678208301,0
script1_speakerA_skip.wav,1,A,skip,8,45.0,59.67741935483871,0.7517916560173035,0.5140773057937622,-0.23771435022354126,4.0,0.6,67.4837958422197,0.3946418521463558,1
script1_speakerA_skip.wav,1,A,skip,9,46.0,22.680412371134018,0.05177702754735947,0.031127244234085083,-0.020649783313274384,0.0,0.09090909090909091,51.880091491354776,0.5156867265353898,0
script1_speakerA_skip.wav,1,A,skip,9,47.0,30.476190476190478,0.08473467826843262,0.07595821470022202,-0.008776463568210602,1.0,0.09090909090909091,37.6113407340544,0.4003256738634388,0
script1_speakerA_skip.wav,1,A,skip,9,48.0,43.548387096774185,0.18158495426177979,0.10175733268260956,-0.07982762157917023,2.0,0.09090909090909091,32.23499664803289,0.5331911041033336,0
script1_speakerA_skip.wav,1,A,skip,9,49.0,50.35971223021583,0.37465301156044006,0.12177938967943192,-0.25287362188100815,3.0,0.2727272727272727,41.46142993439349,0.508062117272578,0
script1_speakerA_skip.wav,1,A,skip,9,50.0,60.29411764705883,0.5828559994697571,0.19107851386070251,-0.39177748560905457,4.0,0.45454545454545453,51.40073899134961,0.413809518619741,0
script1_speakerA_skip.wav,1,A,skip,9,51.0,62.59541984732824,0.6442357301712036,0.20167586207389832,-0.4425598680973053,5.0,0.45454545454545453,57.74974990820097,0.39076420670307366,1
script1_speakerA_skip.wav,1,A,skip,10,52.0,25.31645569620253,0.09246465563774109,0.15777680277824402,0.06531214714050293,0.0,0.0,49.401997730196534,0.3453009527113592,0
script1_speakerA_skip.wav,1,A,skip,10,53.0,54.0,0.40166497230529785,0.20953719317913055,-0.1921277791261673,1.0,0.4,47.303958514510256,0.639754332738677,0
script1_speakerA_skip.wav,1,A,skip,10,54.0,71.54471544715447,0.5806846618652344,0.23524275422096252,-0.34544190764427185,2.0,0.7,50.287057047785666,0.6070552221143793,0
script1_speakerA_skip.wav,1,A,skip,10,55.0,74.80916030534351,0.810779333114624,0.43584349751472473,-0.3749358355998993,3.0,0.8,66.78462525083266,0.387636754797146,0
script1_speakerA_skip.wav,1,A,skip,10,56.0,80.31496062992126,0.8491395711898804,0.5246893167495728,-0.3244502544403076,4.0,0.8,75.55627879413974,0.7369337273994498,1
script1_speakerA_skip.wav,1,A,skip,11,57.0,22.535211267605636,0.580575168132782,0.4522029161453247,-0.12837225198745728,0.0,0.125,59.2197774009568,0.59192064979605,0
script1_speakerA_skip.wav,1,A,skip,11,58.0,43.67816091954023,0.7326442003250122,0.5582947134971619,-0.17434948682785034,1.0,0.5,48.842777605689044,0.5087918420429365,0
script1_speakerA_skip.wav,1,A,skip,11,59.0,71.69811320754718,0.9088993668556213,0.6062982082366943,-0.302601158618927,2.0,0.75,45.97049513156435,0.550728626274135,0
script1_speakerA_skip.wav,1,A,skip,11,60.0,67.85714285714286,0.8550810813903809,0.5724978446960449,-0.28258323669433594,3.0,0.75,61.07780566141009,0.28118966524795774,1
script1_speakerA_skip.wav,1,A,skip,12,61.0,45.45454545454546,0.220646470785141,0.038734354078769684,-0.1819121167063713,0.0,0.3,61.66993383974517,0.5350823986605656,0
script1_speakerA_skip.wav,1,A,skip,12,62.0,55.10204081632652,0.48101550340652466,0.2492239773273468,-0.23179152607917786,1.0,0.4,56.13790970933828,0.2915396820894833,0
script1_speakerA_skip.wav,1,A,skip,12,63.0,74.13793103448276,0.49462372064590454,0.1847732961177826,-0.30985042452812195,2.0,0.7,58.23150576845158,0.5555960000700005,0
script1_speakerA_skip.wav,1,A,skip,12,64.0,82.25806451612902,0.7069733738899231,0.2869780361652374,-0.41999533772468567,3.0,0.8,70.49934545564611,0.3540299530087794,0
script1_speakerA_skip.wav,1,A,skip,12,65.0,57.14285714285714,0.7339622378349304,0.6357897520065308,-0.09817248582839966,4.0,0.9,71.17961756448965,0.3912757555799566,1
script1_speakerA_skip.wav,1,A,skip,13,66.0,38.63636363636363,0.43273553252220154,0.16018322110176086,-0.2725523114204407,0.0,0.125,59.3457617651166,0.3139135063320083,0
script1_speakerA_skip.wav,1,A,skip,13,67.0,57.94392523364487,0.44190800189971924,0.11295866966247559,-0.32894933223724365,1.0,0.375,51.241048670955216,0.4132228674770598,0
script1_speakerA_skip.wav,1,A,skip,13,68.0,51.96850393700787,0.6018213033676147,0.20557406544685364,-0.3962472379207611,2.0,0.5,49.516264269005454,0.499047497110323,0
script1_speakerA_skip.wav,1,A,skip,13,70.0,46.896551724137936,0.7650531530380249,0.49473121762275696,-0.27032193541526794,4.0,0.625,52.26966029826356,0.7306482282248927,1
script1_speakerA_skip.wav,1,A,skip,14,71.0,27.500000000000004,0.27212613821029663,-0.04980456456542015,-0.3219307027757168,0.0,0.18181818181818182,42.121685220381934,0.5223422379466891,0
script1_speakerA_skip.wav,1,A,skip,14,72.0,62.0,0.3915448784828186,0.05289716646075249,-0.3386477120220661,1.0,0.45454545454545453,45.46551724137932,0.5608915605371739,0
script1_speakerA_skip.wav,1,A,skip,14,73.0,77.87610619469027,0.5722222328186035,0.17764544486999512,-0.3945767879486084,2.0,0.6363636363636364,55.79203539823009,0.4477443313486164,0
script1_speakerA_skip.wav,1,A,skip,14,74.0,79.38931297709924,0.5444337129592896,0.2978307902812958,-0.24660292267799377,3.0,0.6363636363636364,73.08847305726317,0.6141568366481891,1
script1_speakerA_skip.wav,1,A,skip,15,75.0,45.56962025316456,0.48075199127197266,0.4630677402019501,-0.017684251070022583,0.0,0.18181818181818182,67.61167980831802,0.3496085232970898,0
script1_speakerA_skip.wav,1,A,skip,15,76.0,67.9245283018868,0.6918414831161499,0.48215633630752563,-0.20968514680862427,1.0,0.36363636363636365,64.29448717738353,0.37767616705614826,0
script1_speakerA_skip.wav,1,A,skip,15,77.0,64.46280991735537,0.6970008611679077,0.5223303437232971,-0.1746705174446106,2.0,0.45454545454545453,59.318986157468906,0.3578359386626729,0
script1_speakerA_skip.wav,1,A,skip,15,79.0,60.150375939849624,0.6994421482086182,0.5935893058776855,-0.10585284233093262,4.0,0.45454545454545453,64.1792380530306,0.48600366405329043,1
script1_speakerA_skip.wav,1,A,skip,16,80.0,41.379310344827594,0.10712458938360214,0.09299823641777039,-0.014126352965831757,0.0,0.3,55.3308320673442,0.3893464427191042,0
script1_speakerA_skip.wav,1,A,skip,16,81.0,38.095238095238095,0.10788125544786453,0.07842531055212021,-0.029455944895744324,1.0,0.3,46.54164145997177,0.5221930245480042,0
script1_speakerA_skip.wav,1,A,skip,16,82.0,41.93548387096774,0.24256926774978638,0.21796463429927826,-0.024604633450508118,2.0,0.4,40.47001077034447,0.4061220941054475,0
script1_speakerA_skip.wav,1,A,skip,16,83.0,43.75,0.27077797055244446,0.2330067753791809,-0.03777119517326355,3.0,0.4,41.260240655401944,0.3045437787198426,1
script1_speakerA_skip.wav,1,A,skip,17,84.0,30.000000000000004,0.26154834032058716,-0.007986051961779594,-0.26953439228236675,0.0,0.2222222222222222,38.56182795698925,0.5060868952889737,0
script1_speakerA_skip.wav,1,A,skip,17,85.0,51.61290322580645,0.824528694152832,0.5199742317199707,-0.30455446243286133,1.0,0.4444444444444444,41.78763440860215,0.3775580333441946,0
script1_speakerA_skip.wav,1,A,skip,17,86.0,71.55963302752293,0.8668232560157776,0.5019530057907104,-0.36487025022506714,2.0,0.6666666666666666,51.05751208444313,0.6460720470093608,0
script1_speakerA_skip.wav,1,A,skip,17,87.0,88.0,0.9570590853691101,0.49485307931900024,-0.46220600605010986,3.0,0.8888888888888888,70.39084541777646,0.4614918465656158,0
script1_speakerA_skip.wav,1,A,skip,17,89.0,81.203007518797,0.6795898675918579,0.5171952247619629,-0.16239464282989502,5.0,0.8888888888888888,80.25421351543997,0.4662406003682123,1
script1_speakerA_skip.wav,1,A,skip,21,90.0,34.78260869565217,0.19366846978664398,0.027603592723608017,-0.16606487706303596,0.0,0.18181818181818182,67.99520540481639,0.6201875037099575,0
script1_speakerA_skip.wav,1,A,skip,21,91.0,67.24137931034483,0.5899956226348877,0.2551320791244507,-0.334863543510437,1.0,0.45454545454545453,61.07566517493133,0.4590154104057542,0
script1_speakerA_skip.wav,1,A,skip,21,92.0,75.36231884057972,0.624289870262146,0.3032136559486389,-0.3210762143135071,2.0,0.6363636363636364,59.128768948858905,0.4633803338546018,0
script1_speakerA_skip.wav,1,A,skip,21,94.0,71.7948717948718,0.6147794723510742,0.48069778084754944,-0.13408169150352478,4.0,0.6363636363636364,71.46618998193212,0.5100067906617296,1
script1_speakerA_skip.wav,1,A,skip,22,95.0,54.32098765432099,0.5414295196533203,0.1317327916622162,-0.4096967279911041,0.0,0.36363636363636365,67.1593927632575,0.5181619814172754,0
script1_speakerA_skip.wav,1,A,skip,22,96.0,66.66666666666667,0.5397454500198364,0.11370500922203064,-0.4260404407978058,1.0,0.5454545454545454,64.26084203861981,0.3887770962715691,0
script1_speakerA_skip.wav,1,A,skip,22,97.0,78.0952380952381,0.6248557567596436,0.10846931487321854,-0.516386441886425,2.0,0.7272727272727273,66.36096413874192,0.5124103587458924,0
script1_speakerA_skip.wav,1,A,skip,22,99.0,71.1864406779661,0.5293253660202026,0.21119368076324463,-0.318131685256958,4.0,0.7272727272727273,71.98278181329029,0.38011129172224634,1
script1_speakerA_skip.wav,1,A,skip,23,100.0,35.95505617977528,0.49266916513442993,0.2619120478630066,-0.23075711727142334,0.0,0.23076923076923078,61.74557831765983,0.43946246384362636,0
script1_speakerA_skip.wav,1,A,skip,23,101.0,53.703703703703695,0.5660170316696167,0.16328343749046326,-0.40273359417915344,1.0,0.38461538461538464,53.61506685381503,0.33820443411471385,0
script1_speakerA_skip.wav,1,A,skip,23,102.0,63.33333333333333,0.5856295824050903,0.18025727570056915,-0.4053723067045212,2.0,0.5384615384615384,50.9973644056041,0.6533644283848385,0
script1_speakerA_skip.wav,1,A,skip,23,103.0,71.875,0.6857191324234009,0.18896086513996124,-0.49675826728343964,3.0,0.6153846153846154,62.97067901234568,0.46732329238956116,0
script1_speakerA_skip.wav,1,A,skip,23,104.0,50.76923076923077,0.41744858026504517,0.07138632982969284,-0.3460622504353523,4.0,0.6153846153846154,61.99252136752136,0.4465302553142078,1
script1_speakerA_skip.wav,1,A,skip,24,105.0,16.216216216216218,0.09432341903448105,-0.033968184143304825,-0.12829160317778587,0.0,0.09090909090909091,46.28681566181566,0.431391622701561,0
script1_speakerA_skip.wav,1,A,skip,24,106.0,29.885057471264364,0.09262271970510483,-0.11334387958049774,-0.20596659928560257,1.0,0.18181818181818182,32.290168152237115,0.3032803792317721,0
script1_speakerA_skip.wav,1,A,skip,24,107.0,65.48672566371681,0.4175364673137665,0.07308907061815262,-0.34444739669561386,2.0,0.36363636363636365,37.19599978373246,0.3714493434391689,0
script1_speakerA_skip.wav,1,A,skip,24,108.0,62.295081967213115,0.44973671436309814,0.09557628631591797,-0.3541604280471802,3.0,0.36363636363636365,52.55562170073143,0.5062823203121573,0
script1_speakerA_skip.wav,1,A,skip,24,109.0,60.86956521739131,0.5016404390335083,0.12888556718826294,-0.37275487184524536,4.0,0.36363636363636365,62.88379094944041,0.27527068858304526,1
script1_speakerA_skip.wav,1,A,skip,25,110.0,14.388489208633093,0.2570986747741699,0.18277394771575928,-0.07432472705841064,0.0,0.05,45.85104546441251,0.27510796533042337,0
script1_speakerA_skip.wav,1,A,skip,25,111.0,31.16883116883117,0.4067063629627228,0.2513870596885681,-0.15531930327415466,1.0,0.2,35.475628531618526,0.44483000117158217,0
script1_speakerA_skip.wav,1,A,skip,25,112.0,49.71098265895954,0.4227531850337982,0.27224016189575195,-0.15051302313804626,2.0,0.35,31.756101012141265,0.41861795443171695,0
script1_speakerA_skip.wav,1,A,skip,25,113.0,51.11111111111111,0.5076391696929932,0.3130078911781311,-0.19463127851486206,3.0,0.4,43.99697497963394,0.5089947516691419,0
script1_speakerA_skip.wav,1,A,skip,25,114.0,57.14285714285714,0.5085415840148926,0.2178535759449005,-0.29068800806999207,4.0,0.55,52.654983637642594,0.5248401255704588,0
script1_speakerA_skip.wav,1,A,skip,25,115.0,53.03867403314917,0.5184903144836426,0.358766108751297,-0.15972420573234558,5.0,0.6,53.7642140957058,0.5346888910329145,0
script1_speakerA_skip.wav,1,A,skip,25,116.0,48.08743169398907,0.5337741374969482,0.3058491051197052,-0.22792503237724304,6.0,0.7,52.75632095666513,0.4349368115817243,0
script1_speakerA_skip.wav,1,A,skip,25,117.0,61.224489795918366,0.5548915863037109,0.21480408310890198,-0.34008750319480896,7.0,0.8,54.1168651743522,0.6768095307862366,0
script1_speakerA_skip.wav,1,A,skip,25,119.0,47.87234042553191,0.3964630961418152,0.04162020608782768,-0.3548428900539875,9.0,0.8,52.39475397181312,0.628162078876549,1
script1_speakerA_skip.wav,1,A,skip,26,120.0,29.629629629629626,0.4248458743095398,0.11564964056015015,-0.30919623374938965,0.0,0.1,46.2421532836933,0.45343537370826653,0
script1_speakerA_skip.wav,1,A,skip,26,121.0,48.0,0.6514809727668762,0.2578623592853546,-0.3936186134815216,1.0,0.5,41.833990018387176,0.5788550347537312,0
script1_speakerA_skip.wav,1,A,skip,26,122.0,75.40983606557377,0.675142765045166,0.24936097860336304,-0.425781786441803,2.0,0.8,51.013155231734466,0.5479178262218449,0
script1_speakerA_skip.wav,1,A,skip,26,124.0,66.19718309859155,0.6476012468338013,0.3590354919433594,-0.2885657548904419,4.0,0.8,63.20233972138844,0.3911579257838945,1
script1_speakerA_skip.wav,1,A,skip,27,125.0,28.947368421052634,0.2785632908344269,0.019901424646377563,-0.2586618661880493,0.0,0.3,56.85146252840599,0.5047649545035966,0
script1_speakerA_skip.wav,1,A,skip,27,126.0,63.26530612244898,0.582992672920227,0.11770477145910263,-0.4652879014611244,1.0,0.4,52.80328588069772,0.4033654838249115,0
script1_speakerA_skip.wav,1,A,skip,27,127.0,64.81481481481481,0.46118366718292236,0.140836700797081,-0.32034696638584137,2.0,0.4,52.34249645277214,0.4085856681193401,0
script1_speakerA_skip.wav,1,A,skip,27,128.0,60.9375,0.4304160475730896,0.16347022354602814,-0.26694582402706146,3.0,0.4,63.0058736457546,0.6549345089454277,1
script1_speakerA_skip.wav,1,A,skip,28,129.0,42.50000000000001,0.44970929622650146,0.05274162441492081,-0.39696767181158066,0.0,0.18181818181818182,56.08410493827161,0.38417361437896974,0
script1_speakerA_skip.wav,1,A,skip,28,130.0,65.42056074766356,0.5668721795082092,0.1012336015701294,-0.46563857793807983,1.0,0.36363636363636365,56.28602024922119,0.46242428322672696,0
script1_speakerA_skip.wav,1,A,skip,28,131.0,74.78260869565217,0.8604962825775146,0.3639024496078491,-0.4965938329696655,2.0,0.45454545454545453,60.90105648110524,0.40223579010460936,0
script1_speakerA_skip.wav,1,A,skip,28,132.0,70.3125,0.8396351337432861,0.39815759658813477,-0.44147753715515137,3.0,0.45454545454545453,70.17188981443857,0.5243946375637711,1
script1_speakerA_skip.wav,1,A,skip,29,133.0,7.8947368421052655,-0.017939720302820206,-0.03806374967098236,-0.020124029368162155,0.0,0.0,50.99661517925248,0.3479189649099978,0
script1_speakerA_skip.wav,1,A,skip,29,134.0,22.988505747126442,-0.10987473279237747,-0.10365428030490875,0.0062204524874687195,1.0,0.09090909090909091,33.73191419641057,0.40553163839038897,0
script1_speakerA_skip.wav,1,A,skip,29,135.0,38.38383838383839,0.370193749666214,0.12153700739145279,-0.2486567422747612,2.0,0.18181818181818182,23.089026991023367,0.4590740967583945,0
script1_speakerA_skip.wav,1,A,skip,29,136.0,55.28455284552846,0.42649292945861816,0.15697000920772552,-0.26952292025089264,3.0,0.2727272727272727,38.88563232549777,0.40198628770354705,0
script1_speakerA_skip.wav,1,A,skip,29,137.0,54.400000000000006,0.44373565912246704,0.19457536935806274,-0.2491602897644043,4.0,0.2727272727272727,49.35613040978895,0.2804878472644147,0
script1_speakerA_skip.wav,1,A,skip,29,138.0,53.2258064516129,0.616215705871582,0.2962450385093689,-0.31997066736221313,5.0,0.2727272727272727,54.30345309904712,0.634127659190538,1
script1_speakerA_skip.wav,1,A,skip,30,139.0,25.882352941176467,0.6323835253715515,0.25706925988197327,-0.37531426548957825,0.0,0.2222222222222222,44.502719797596455,0.7434411939494053,0
script1_speakerA_skip.wav,1,A,skip,30,140.0,61.81818181818181,0.7824668288230896,0.2421952486038208,-0.5402715802192688,1.0,0.4444444444444444,46.975447070323725,0.5078183381714976,0
script1_speakerA_skip.wav,1,A,skip,30,141.0,68.11594202898551,0.8544572591781616,0.23733314871788025,-0.6171241104602814,2.0,0.5555555555555556,51.9388255961146,0.5185352950307631,0
script1_speakerA_skip.wav,1,A,skip,30,143.0,63.03030303030304,0.779362142086029,0.4556683897972107,-0.32369375228881836,4.0,0.5555555555555556,64.32147562582345,0.4753110195903434,1
script1_speakerA_skip.wav,1,A,skip,31,144.0,24.32432432432432,0.3057594895362854,0.061537761241197586,-0.24422172829508781,0.0,0.2222222222222222,51.823523127870956,0.5183277067364834,0
script1_speakerA_skip.wav,1,A,skip,31,145.0,58.06451612903225,0.699883222579956,0.06758495420217514,-0.6322982683777809,1.0,0.6666666666666666,48.47304782788653,0.42333871108235993,0
script1_speakerA_skip.wav,1,A,skip,31,146.0,75.47169811320755,0.765398383140564,0.06920373439788818,-0.6961946487426758,2.0,0.8888888888888888,52.62017952218804,0.4161159720853463,1
script1_speakerA_skip.wav,1,A,skip,32,147.0,27.397260273972602,0.2072260081768036,-0.00037183333188295364,-0.20759784150868654,0.0,0.16666666666666666,53.64449150540413,0.6796705268179857,0
script1_speakerA_skip.wav,1,A,skip,32,148.0,63.829787234042556,0.4985347092151642,0.08157550543546677,-0.4169592037796974,1.0,0.5,55.56624854040757,0.4339923129941514,0
script1_speakerA_skip.wav,1,A,skip,32,149.0,83.63636363636364,0.7219650149345398,0.3681369423866272,-0.3538280725479126,2.0,0.75,58.28780371479293,0.43271613621451027,0
script1_speakerA_skip.wav,1,A,skip,32,150.0,98.4375,0.9652809500694275,0.42318645119667053,-0.542094498872757,3.0,1.0,81.96788362346874,0.6498956470084408,0
script1_speakerA_skip.wav,1,A,skip,32,152.0,77.37226277372262,0.7722611427307129,0.7401907444000244,-0.03207039833068848,5.0,1.0,86.48204213669543,0.5854385510651925,1
script1_speakerA_skip.wav,1,A,skip,33,153.0,27.09677419354839,0.23161223530769348,-0.015126848593354225,-0.2467390839010477,0.0,0.15789473684210525,67.63551232242366,0.618678980109522,0
script1_speakerA_skip.wav,1,A,skip,33,154.0,42.10526315789473,0.28670692443847656,0.026166610419750214,-0.26054031401872635,1.0,0.3157894736842105,48.85810004172192,0.5409268080994444,0
script1_speakerA_skip.wav,1,A,skip,33,155.0,51.64835164835164,0.4666769206523895,0.09666639566421509,-0.37001052498817444,2.0,0.3684210526315789,40.28346299993159,0.39742772868144555,0
script1_speakerA_skip.wav,1,A,skip,33,156.0,55.61497326203209,0.32575520873069763,0.06874001026153564,-0.257015198469162,3.0,0.3684210526315789,49.78952935609282,0.37478670519118745,0
script1_speakerA_skip.wav,1,A,skip,33,157.0,46.927374301675975,0.4510174095630646,0.10011190176010132,-0.35090550780296326,4.0,0.42105263157894735,51.39689973735324,0.32279691470955074,0
script1_speakerA_skip.wav,1,A,skip,33,158.0,46.327683615819204,0.5037758946418762,0.08605098724365234,-0.4177249073982239,5.0,0.5263157894736842,49.62334372650909,0.5718396626420527,0
script1_speakerA_skip.wav,1,A,skip,33,159.0,56.08465608465609,0.5413855910301208,0.14796501398086548,-0.39342057704925537,6.0,0.6842105263157895,49.779904667383754,0.5214527907350199,0
script1_speakerA_skip.wav,1,A,skip,33,160.0,52.3076923076923,0.6235073804855347,0.18460679054260254,-0.43890058994293213,7.0,0.6842105263157895,51.57334400272253,0.3547817459344517,0
script1_speakerA_skip.wav,1,A,skip,33,161.0,47.95918367346938,0.29697537422180176,0.24037691950798035,-0.05659845471382141,8.0,0.6842105263157895,52.11717735527259,0.4716334295202475,1
script1_speakerA_skip.wav,1,A,skip,34,162.0,31.818181818181824,0.42115092277526855,0.41935211420059204,-0.0017988085746765137,0.0,0.18181818181818182,44.02835259978117,0.3981526198386951,0
script1_speakerA_skip.wav,1,A,skip,34,163.0,60.17699115044248,0.5945135354995728,0.3858400583267212,-0.20867347717285156,1.0,0.45454545454545453,46.65145221403123,0.5004311131356923,0
script1_speakerA_skip.wav,1,A,skip,34,164.0,71.64179104477613,0.7016743421554565,0.3903847336769104,-0.31128960847854614,2.0,0.5454545454545454,54.54565467113348,0.4244127271863716,0
script1_speakerA_skip.wav,1,A,skip,34,166.0,66.66666666666667,0.6423696279525757,0.49626415967941284,-0.14610546827316284,4.0,0.5454545454545454,66.1618162872951,0.3264360675513756,1
script1_speakerA_skip.wav,1,A,skip,35,167.0,38.775510204081634,0.4116784632205963,0.2781757116317749,-0.1335027515888214,0.0,0.1111111111111111,59.02798930517481,0.30426191565033084,0
script1_speakerA_skip.wav,1,A,skip,35,168.0,51.72413793103448,0.35491490364074707,0.14022521674633026,-0.2146896868944168,1.0,0.2222222222222222,52.38877160059426,0.3315412996441143,0
script1_speakerA_skip.wav,1,A,skip,35,169.0,61.31386861313868,0.4896259903907776,0.21246753633022308,-0.2771584540605545,2.0,0.3333333333333333,50.6045055827516,0.38701607497146673,0
script1_speakerA_skip.wav,1,A,skip,35,170.0,56.3758389261745,0.5330661535263062,0.24942530691623688,-0.2836408466100693,3.0,0.3333333333333333,56.47128182344922,0.5238770795046251,1
script1_speakerA_skip.wav,1,A,skip,36,171.0,44.15584415584416,0.26531946659088135,0.06462253630161285,-0.2006969302892685,0.0,0.2727272727272727,53.948517231719116,0.5353158413924508,0
script1_speakerA_skip.wav,1,A,skip,36,172.0,68.75,0.5609780550003052,0.23260429501533508,-0.3283737599849701,1.0,0.6363636363636364,56.42722769400622,0.5541241127768269,0
script1_speakerA_skip.wav,1,A,skip,36,173.0,83.33333333333334,0.901187539100647,0.2771855592727661,-0.6240019798278809,2.0,0.7272727272727273,65.41305916305916,0.3909609238019543,0
script1_speakerA_skip.wav,1,A,skip,36,175.0,77.68595041322314,0.8210015296936035,0.4686454236507416,-0.35235610604286194,4.0,0.7272727272727273,76.58976124885216,0.3205246431495006,1
script1_speakerA_skip.wav,1,A,skip,37,176.0,57.77777777777777,0.5694599151611328,0.21752004325389862,-0.3519398719072342,0.0,0.3,72.93235384144475,0.45526978661410833,0
script1_speakerA_skip.wav,1,A,skip,37,177.0,66.66666666666667,0.3801598846912384,0.10834437608718872,-0.2718155086040497,1.0,0.4,67.3767982858892,0.34946789543345547,0
script1_speakerA_skip.wav,1,A,skip,37,178.0,69.56521739130434,0.2579321265220642,0.09364748746156693,-0.16428463906049728,2.0,0.4,64.66988727858293,0.3105309387943836,0
script1_speakerA_skip.wav,1,A,skip,37,179.0,67.79661016949152,0.2689405679702759,0.10688784718513489,-0.162052720785141,3.0,0.4,68.00949807582084,0.4654321752699369,1
script1_speakerA_skip.wav,1,A,skip,38,180.0,18.292682926829272,0.3958131670951843,0.060955312103033066,-0.33485785499215126,0.0,0.05,51.884836829208375,0.3814095251994066,0
script1_speakerA_skip.wav,1,A,skip,38,181.0,26.74418604651163,0.4581972360610962,0.07510468363761902,-0.3830925524234772,1.0,0.15,37.61115971427747,0.5432192466308984,0
script1_speakerA_skip.wav,1,A,skip,38,182.0,46.15384615384615,0.7954959869384766,0.11856342852115631,-0.6769325584173203,2.0,0.3,30.396905042395684,0.4782998173632082,0
script1_speakerA_skip.wav,1,A,skip,38,183.0,48.57142857142858,0.7728896737098694,0.17383989691734314,-0.5990497767925262,3.0,0.3,40.48982025726212,0.44135482983628727,0
script1_speakerA_skip.wav,1,A,skip,38,184.0,40.0,0.6106466054916382,0.22046741843223572,-0.39017918705940247,4.0,0.35,44.90842490842491,0.6208214645209911,0
script1_speakerA_skip.wav,1,A,skip,38,185.0,39.23444976076556,0.6951496601104736,0.13861586153507233,-0.5565337985754013,5.0,0.35,42.60195944406471,0.4679673887745382,0
script1_speakerA_skip.wav,1,A,skip,38,186.0,34.78260869565217,0.4506058096885681,0.05687319487333298,-0.39373261481523514,6.0,0.5,38.00568615213924,0.45448376972897847,0
script1_speakerA_skip.wav,1,A,skip,38,187.0,38.27751196172249,0.3060157895088196,0.1094963401556015,-0.19651944935321808,7.0,0.5,37.43152347271341,0.2975248519577077,0
script1_speakerA_skip.wav,1,A,skip,38,188.0,40.54054054054054,0.30452635884284973,0.12302140146493912,-0.18150495737791061,8.0,0.55,37.86688706597173,0.4755367338421397,0
script1_speakerA_skip.wav,1,A,skip,38,190.0,39.81900452488688,0.1699347198009491,0.2720853388309479,0.10215061902999878,10.0,0.55,39.54568567571663,0.41864105072143404,1
script1_speakerA_skip.wav,1,A,skip,39,191.0,26.82926829268293,0.4856572151184082,0.22981852293014526,-0.25583869218826294,0.0,0.2,35.72960445270345,0.4376666418386218,0
script1_speakerA_skip.wav,1,A,skip,39,192.0,52.08333333333333,0.5891001224517822,0.21256282925605774,-0.3765372931957245,1.0,0.4,39.57720205030105,0.6003811459032824,0
script1_speakerA_skip.wav,1,A,skip,39,193.0,73.21428571428572,0.6988807916641235,0.24866509437561035,-0.4502156972885132,2.0,0.6,50.70896244676733,0.456525407369261,0
script1_speakerA_skip.wav,1,A,skip,39,195.0,72.18045112781954,0.6516780257225037,0.3486389219760895,-0.3030391037464142,4.0,0.6,65.82602339181287,0.49163827602308396,1
script1_speakerA_skip.wav,1,A,skip,40,196.0,45.97701149425287,0.4951462745666504,-0.11373907327651978,-0.6088853478431702,0.0,0.3,63.790582778786046,0.44814706494061607,0
script1_speakerA_skip.wav,1,A,skip,40,197.0,73.58490566037736,0.7869250774383545,0.015336541458964348,-0.7715885359793901,1.0,0.6,63.91412276081659,0.42971071699063595,0
script1_speakerA_skip.wav,1,A,skip,40,198.0,69.64285714285714,0.7569570541381836,0.017512474209070206,-0.7394445799291134,2.0,0.6,63.068258099162456,0.36805785003809643,0
script1_speakerA_skip.wav,1,A,skip,40,199.0,65.11627906976744,0.6023966670036316,0.35650140047073364,-0.24589526653289795,3.0,0.6,69.44801395766731,0.7245293522572671,1
script1_speakerA_skip.wav,1,A,skip,41,200.0,29.268292682926834,0.36745092272758484,0.1079709455370903,-0.25947997719049454,0.0,0.18181818181818182,54.67580963185047,0.6754124511395942,0
script1_speakerA_skip.wav,1,A,skip,41,201.0,59.25925925925925,0.6500014066696167,0.22527801990509033,-0.42472338676452637,1.0,0.45454545454545453,51.21461033731784,0.5759578242708544,0
script1_speakerA_skip.wav,1,A,skip,41,202.0,78.4,0.7077870965003967,0.30008262395858765,-0.4077044725418091,2.0,0.7272727272727273,55.64251731406203,0.5845207074062662,0
script1_speakerA_skip.wav,1,A,skip,41,204.0,70.27027027027026,0.5681611895561218,0.4948579668998718,-0.07330322265625,4.0,0.7272727272727273,69.30984317650984,0.5051963825195861,1
script1_speakerA_skip.wav,1,A,skip,42,205.0,53.93258426966292,0.4843381941318512,0.26227623224258423,-0.22206196188926697,0.0,0.36363636363636365,67.5342848466444,0.3765854876755404,0
script1_speakerA_skip.wav,1,A,skip,42,206.0,67.3076923076923,0.4217489957809448,0.19648021459579468,-0.22526878118515015,1.0,0.36363636363636365,63.836848949208495,0.3298046838922686,0
script1_speakerA_skip.wav,1,A,skip,42,207.0,66.66666666666667,0.6224151849746704,0.32871192693710327,-0.29370325803756714,2.0,0.45454545454545453,62.6356477480073,0.42064500082324313,0
script1_speakerA_skip.wav,1,A,skip,42,208.0,66.66666666666667,0.6293454170227051,0.3500116169452667,-0.27933380007743835,3.0,0.45454545454545453,66.88034188034189,0.3243094430040629,0
script1_speakerA_skip.wav,1,A,skip,42,209.0,48.78048780487805,0.5654078125953674,0.5103044509887695,-0.0551033616065979,4.0,0.45454545454545453,60.704607046070464,0.28075683443672567,1
script1_speakerA_skip.wav,1,A,skip,43,210.0,34.54545454545455,0.2415711134672165,0.25112441182136536,0.009553298354148865,0.0,0.18181818181818182,49.99753633899976,0.4772339246240969,0
script1_speakerA_skip.wav,1,A,skip,43,211.0,50.76923076923077,0.5250091552734375,0.441428542137146,-0.0835806131362915,1.0,0.2727272727272727,44.69839103985446,0.4551462484108254,0
script1_speakerA_skip.wav,1,A,skip,43,212.0,56.57894736842105,0.5105684399604797,0.45776504278182983,-0.0528033971786499,2.0,0.36363636363636365,47.297877561035456,0.4575986352479244,0
script1_speakerA_skip.wav,1,A,skip,43,213.0,62.111801242236034,0.5070914626121521,0.4541603922843933,-0.05293107032775879,3.0,0.36363636363636365,56.48665979329595,0.3834923771480535,0
script1_speakerA_skip.wav,1,A,skip,43,214.0,56.95364238410596,0.4875352382659912,0.49556082487106323,0.008025586605072021,4.0,0.36363636363636365,58.54813033158768,0.49693584500258353,1
script1_speakerA_skip.wav,1,A,skip,44,215.0,46.31578947368421,0.5600343942642212,0.29018670320510864,-0.26984769105911255,0.0,0.18181818181818182,55.12707770000873,0.5271064391753711,0
script1_speakerA_skip.wav,1,A,skip,44,216.0,46.601941747572816,0.5280947685241699,0.2825133204460144,-0.24558144807815552,1.0,0.18181818181818182,49.957124535121,0.429978045055648,0
script1_speakerA_skip.wav,1,A,skip,44,217.0,69.42148760330579,0.685857892036438,0.3821909725666046,-0.3036669194698334,2.0,0.45454545454545453,54.11307294152094,0.36298217592140397,0
script1_speakerA_skip.wav,1,A,skip,44,218.0,69.23076923076923,0.6544208526611328,0.3812675476074219,-0.27315330505371094,3.0,0.45454545454545453,61.751399527215945,0.371537904456481,0
script1_speakerA_skip.wav,1,A,skip,44,219.0,55.93220338983051,0.48513078689575195,0.5450620055198669,0.05993121862411499,4.0,0.45454545454545453,64.86148674130185,0.4647037417482869,1
script1_speakerA_skip.wav,1,A,skip,45,220.0,21.42857142857143,-0.018322378396987915,0.0006287721917033195,0.018951150588691235,0.0,0.0,48.86384801639039,0.32432365940670715,0
script1_speakerA_skip.wav,1,A,skip,45,221.0,39.252336448598136,0.11812544614076614,0.08041060715913773,-0.03771483898162842,1.0,0.18181818181818182,38.871037089000026,0.25102447226290564,0
script1_speakerA_skip.wav,1,A,skip,45,222.0,47.61904761904761,0.19847062230110168,0.025421541184186935,-0.17304908111691475,2.0,0.36363636363636365,36.09998516540573,0.35888439314943393,0
script1_speakerA_skip.wav,1,A,skip,45,223.0,43.79562043795621,0.18081097304821014,0.009156588464975357,-0.1716543845832348,3.0,0.36363636363636365,43.555668168533984,0.2239236382815342,0
script1_speakerA_skip.wav,1,A,skip,45,224.0,50.0,0.32307615876197815,0.33909374475479126,0.01601758599281311,4.0,0.36363636363636365,47.13822268566794,0.4985269086885369,1
script1_speakerA_skip.wav,1,A,skip,46,225.0,37.11340206185567,0.23877345025539398,0.13921615481376648,-0.0995572954416275,0.0,0.2,43.63634083327063,0.42151357988124194,0
script1_speakerA_skip.wav,1,A,skip,46,226.0,52.63157894736843,0.25997430086135864,0.1281943917274475,-0.13177990913391113,1.0,0.4,46.581660336408035,0.608780091573966,0
script1_speakerA_skip.wav,1,A,skip,46,228.0,62.295081967213115,0.3563709259033203,0.16046905517578125,-0.19590187072753906,3.0,0.4,50.68002099214574,0.25880234021663734,0
script1_speakerA_skip.wav,1,A,skip,46,229.0,54.16666666666667,0.3544473648071289,0.23208612203598022,-0.12236124277114868,4.0,0.4,56.36444252708274,0.4879080089992819,1
script1_speakerA_skip.wav,1,A,skip,47,230.0,54.761904761904766,0.5792670249938965,0.18871259689331055,-0.39055442810058594,0.0,0.36363636363636365,57.07455113192818,0.4847767184281525,0
script1_speakerA_skip.wav,1,A,skip,47,231.0,53.93258426966292,0.48139476776123047,0.12582795321941376,-0.3555668145418167,1.0,0.36363636363636365,54.28705189941145,0.35093326740451364,0
script1_speakerA_skip.wav,1,A,skip,47,232.0,69.90291262135922,0.6438860893249512,0.13455724716186523,-0.5093288421630859,2.0,0.5454545454545454,59.5324672176423,0.6492555435456164,0
script1_speakerA_skip.wav,1,A,skip,47,234.0,70.96774193548387,0.37918683886528015,0.2510986328125,-0.12808820605278015,4.0,0.5454545454545454,64.93441294216868,0.43802083954410365,1
script1_speakerA_skip.wav,1,A,skip,48,235.0,32.18390804597702,0.21556206047534943,0.10958230495452881,-0.10597975552082062,0.0,0.1,57.68485420094004,0.3271867905781358,0
script1_speakerA_skip.wav,1,A,skip,48,236.0,61.261261261261254,0.37235701084136963,0.27352187037467957,-0.09883514046669006,1.0,0.3,54.804303747574046,0.43712756958077637,0
script1_speakerA_skip.wav,1,A,skip,48,237.0,56.19834710743802,0.4003928303718567,0.2758094072341919,-0.1245834231376648,2.0,0.3,49.88117213822543,0.40434400977804746,1
script1_speakerA_skip.wav,1,A,skip,49,238.0,26.190476190476186,0.3398095667362213,0.2216421365737915,-0.11816743016242981,0.0,0.2727272727272727,47.883361519725156,0.5415527059430222,0
script1_speakerA_skip.wav,1,A,skip,49,239.0,52.52525252525253,0.6456865072250366,0.32632339000701904,-0.3193631172180176,1.0,0.45454545454545453,44.971358607722244,0.5027604565914252,0
script1_speakerA_skip.wav,1,A,skip,49,240.0,70.58823529411764,0.6635594367980957,0.3693523705005646,-0.29420706629753113,2.0,0.6363636363636364,49.76798800328212,0.5544154252414919,0
script1_speakerA_skip.wav,1,A,skip,49,241.0,63.829787234042556,0.5932892560958862,0.3685217499732971,-0.2247675061225891,3.0,0.6363636363636364,62.31442501780424,0.3316263932760434,0
script1_speakerA_skip.wav,1,A,skip,49,242.0,56.060606060606055,0.49770432710647583,0.25573495030403137,-0.24196937680244446,4.0,0.7272727272727273,63.492876196255416,0.42254128356032733,1
script1_speakerA_skip.wav,1,A,skip,50,243.0,35.29411764705882,0.3900061249732971,0.15556734800338745,-0.23443877696990967,0.0,0.2727272727272727,51.728170313902474,0.537639254150158,0
script1_speakerA_skip.wav,1,A,skip,50,244.0,58.490566037735846,0.52499920129776,0.25334808230400085,-0.27165111899375916,1.0,0.45454545454545453,49.94842991513357,0.4041823795605726,0
script1_speakerA_skip.wav,1,A,skip,50,245.0,69.62962962962963,0.5379348993301392,0.16648492217063904,-0.3714499771595001,2.0,0.45454545454545453,54.47143777147477,0.3671404748701947,0
script1_speakerA_skip.wav,1,A,skip,50,246.0,70.27027027027026,0.5723949670791626,0.18163400888442993,-0.39076095819473267,3.0,0.6363636363636364,66.13015531254524,0.5119763548617021,0
script1_speakerA_skip.wav,1,A,skip,50,247.0,58.57142857142856,0.37043631076812744,0.09150519222021103,-0.2789311185479164,4.0,0.6363636363636364,66.15710949044282,0.34649951258477585,1
script1_speakerA_skip.wav,1,A,skip,51,248.0,25.71428571428571,-0.03968891501426697,0.22617624700069427,0.26586516201496124,0.0,0.0,51.51866151866151,0.45413112064229594,0
script1_speakerA_skip.wav,1,A,skip,51,249.0,58.94736842105264,0.273327499628067,0.23738598823547363,-0.035941511392593384,1.0,0.4,47.744360902255636,0.3913130742668752,0
script1_speakerA_skip.wav,1,A,skip,51,250.0,56.56565656565656,0.24720191955566406,0.23366421461105347,-0.013537704944610596,2.0,0.4,47.07577023366497,0.21720846281534967,0
script1_speakerA_skip.wav,1,A,skip,51,251.0,53.57142857142857,0.22482618689537048,0.2632199227809906,0.03839373588562012,3.0,0.4,56.36148451937925,0.5866283354097841,1
script1_speakerA_skip.wav,1,A,skip,52,252.0,26.82926829268293,0.5222631692886353,-0.003958098590373993,-0.5262212678790092,0.0,0.2,45.655451143256016,0.7113947193156023,0
script1_speakerA_skip.wav,1,A,skip,52,253.0,56.00000000000001,0.7317627668380737,0.09810714423656464,-0.6336556226015091,1.0,0.5,45.46689895470384,0.4545647068328925,0
script1_speakerA_skip.wav,1,A,skip,52,254.0,74.13793103448276,0.8719463348388672,0.16599613428115845,-0.7059502005577087,2.0,0.7,52.3223997757219,0.42182096884809167,0
script1_speakerA_skip.wav,1,A,skip,52,255.0,79.36507936507937,0.8342069387435913,0.17816190421581268,-0.6560450345277786,3.0,0.7,69.83433679985404,0.3328588938181215,1
script1_speakerA_skip.wav,1,A,skip,53,256.0,40.86021505376344,-0.04987388849258423,0.049142979085445404,0.09901686757802963,0.0,0.2222222222222222,64.78774181777518,0.44629660613082034,0
script1_speakerA_skip.wav,1,A,skip,53,257.0,68.37606837606837,0.5530150532722473,0.13039547204971313,-0.4226195812225342,1.0,0.6666666666666666,62.86712093163706,0.5150032441012412,0
script1_speakerA_skip.wav,1,A,skip,53,258.0,71.21212121212122,0.5710006952285767,0.15099981427192688,-0.4200008809566498,2.0,0.7777777777777778,60.14946821398434,0.39599529939361355,0
script1_speakerA_skip.wav,1,A,skip,53,259.0,63.1578947368421,0.43803489208221436,0.2980329096317291,-0.14000198245048523,3.0,0.7777777777777778,67.5820281083439,0.6061630235404113,1
script1_speakerA_skip.wav,1,A,skip,54,260.0,45.97701149425287,0.45831605792045593,0.1771414577960968,-0.28117460012435913,0.0,0.3,60.1156758144054,0.5737053930385794,0
script1_speakerA_skip.wav,1,A,skip,54,261.0,63.26530612244898,0.6361944675445557,0.2699556350708008,-0.3662388324737549,1.0,0.4,57.46673745118132,0.6467356705835334,0
script1_speakerA_skip.wav,1,A,skip,54,262.0,76.36363636363637,0.6985551714897156,0.32112863659858704,-0.37742653489112854,2.0,0.5,61.86865132677941,0.3692301117091802,0
script1_speakerA_skip.wav,1,A,skip,54,264.0,79.36507936507937,0.7350826859474182,0.46744558215141296,-0.26763710379600525,4.0,0.5,72.99800728372158,0.5796840690290752,1
script1_speakerA_skip.wav,1,A,skip,55,265.0,25.97402597402597,0.4625941812992096,0.2030237913131714,-0.2595703899860382,0.0,0.1,60.56758056758057,0.34557921743362385,0
script1_speakerA_skip.wav,1,A,skip,55,266.0,58.00000000000001,0.43369850516319275,0.20755653083324432,-0.22614197432994843,1.0,0.3,54.446368446368446,0.4374412809679352,0
script1_speakerA_skip.wav,1,A,skip,55,267.0,56.07476635514019,0.48662614822387695,0.23029553890228271,-0.25633060932159424,2.0,0.3,46.68293077638872,0.25162008253384843,0
script1_speakerA_skip.wav,1,A,skip,55,268.0,62.18487394957983,0.6827988624572754,0.4446824789047241,-0.23811638355255127,3.0,0.5,58.75321343490668,0.5789362160820558,1
script1_speakerA_skip.wav,1,A,skip,56,269.0,36.7816091954023,0.023235123604536057,0.11326458305120468,0.09002945944666862,0.0,0.2727272727272727,51.68041650004077,0.6009069031113081,0
script1_speakerA_skip.wav,1,A,skip,56,270.0,62.264150943396224,0.562239408493042,0.15802143514156342,-0.4042179733514786,1.0,0.45454545454545453,53.743544696126115,0.5103379496404385,0
script1_speakerA_skip.wav,1,A,skip,56,271.0,82.53968253968253,0.7851165533065796,0.12370671331882477,-0.6614098399877548,2.0,0.7272727272727273,60.52848089282702,0.6088043501931946,0
script1_speakerA_skip.wav,1,A,skip,56,272.0,81.25,0.776462972164154,0.14446879923343658,-0.6319941729307175,3.0,0.7272727272727273,75.35127782769291,0.6155747100150368,1
script1_speakerA_skip.wav,1,A,skip,57,273.0,41.44144144144144,0.5024333000183105,0.0980895534157753,-0.40434374660253525,0.0,0.3333333333333333,68.41037466037466,0.5878955875449305,0
script1_speakerA_skip.wav,1,A,skip,57,274.0,68.11594202898551,0.5911800265312195,0.07064224779605865,-0.5205377787351608,1.0,0.6666666666666666,63.602461156808985,0.5665340325334729,0
script1_speakerA_skip.wav,1,A,skip,57,275.0,85.0,0.8212010860443115,0.14700853824615479,-0.6741925477981567,2.0,0.7333333333333333,64.85246115680899,0.5487657194795228,0
script1_speakerA_skip.wav,1,A,skip,57,276.0,96.62921348314607,0.8835285902023315,0.1462993323802948,-0.7372292578220367,3.0,0.9333333333333333,83.24838517071053,0.576215003003302,0
script1_speakerA_skip.wav,1,A,skip,57,277.0,79.26829268292683,0.7638835906982422,0.2660254240036011,-0.4978581666946411,4.0,0.9333333333333333,86.96583538869096,0.5446101294892116,1
script1_speakerA_skip.wav,1,A,skip,58,278.0,65.88235294117646,0.6018310189247131,0.6018310189247131,0.0,0.0,0.6,80.59328636908312,0.6418602142607872,0
script1_speakerA_skip.wav,1,A,skip,58,279.0,88.49557522123894,0.8103334903717041,0.8103334903717041,0.0,1.0,0.9,77.88207361511408,0.5499854172389647,0
script2_speakerA_literal.wav,2,A,literal,0,1.0,34.210526315789465,0.7141945958137512,0.11902616173028946,-0.5951684340834618,0.0,0.18181818181818182,34.210526315789465,0.45944960149436653,0
script2_speakerA_literal.wav,2,A,literal,0,2.0,51.162790697674424,0.8111329674720764,0.14017558097839355,-0.6709573864936829,1.0,0.2727272727272727,42.686658506731945,0.38915473863717626,0
script2_speakerA_literal.wav,2,A,literal,0,3.0,74.28571428571429,0.9027572870254517,0.14293316006660461,-0.759824126958847,2.0,0.6363636363636364,53.21967709972606,0.63542117799866,0
script2_speakerA_literal.wav,2,A,literal,0,4.0,96.06299212598425,0.9702319502830505,0.1477109044790268,-0.8225210458040237,3.0,1.0,73.83716570312433,0.7069582706166975,1
script2_speakerA_literal.wav,2,A,literal,1,5.0,25.806451612903224,0.24793489277362823,-0.04673897475004196,-0.2946738675236702,0.0,0.23076923076923078,65.38505267486725,0.7704464724080549,0
script2_speakerA_literal.wav,2,A,literal,1,6.0,67.74193548387098,0.4533100128173828,-0.02479412592947483,-0.47810413874685764,1.0,0.6923076923076923,63.203793074252815,0.6829672214715946,0
script2_speakerA_literal.wav,2,A,literal,1,7.0,80.26315789473684,0.3588041067123413,0.09372495114803314,-0.26507915556430817,2.0,0.8461538461538461,57.93718166383701,0.5291153418253309,0
script2_speakerA_literal.wav,2,A,literal,1,8.0,85.54913294797689,0.5346526503562927,0.14259308576583862,-0.3920595645904541,3.0,0.9230769230769231,77.85140877552823,0.368711924252283,1
script2_speakerA_literal.wav,2,A,literal,2,9.0,14.457831325301207,0.1076771467924118,0.10726175457239151,-0.0004153922200202942,0.0,0.15384615384615385,60.090040722671645,0.3695639339180101,0
script2_speakerA_literal.wav,2,A,literal,2,10.0,46.15384615384615,0.3121059238910675,0.05345043167471886,-0.25865549221634865,1.0,0.3076923076923077,48.72027014237475,0.512817156823295,0
script2_speakerA_literal.wav,2,A,literal,2,11.0,61.53846153846154,0.32251226902008057,0.05550249665975571,-0.26700977236032486,2.0,0.5384615384615384,40.716713005869636,0.5776896729776558,0
script2_speakerA_literal.wav,2,A,literal,2,12.0,88.43537414965986,0.462456077337265,0.09444522857666016,-0.36801084876060486,3.0,0.7692307692307693,65.37589394732252,0.5368645791912647,0
script2_speakerA_literal.wav,2,A,literal,2,13.0,81.08108108108108,0.5476069450378418,0.1569480299949646,-0.3906589150428772,4.0,0.7692307692307693,77.01830558973415,0.23769659562092174,1
script2_speakerA_literal.wav,2,A,literal,3,14.0,50.0,0.6493905186653137,0.1761176437139511,-0.4732728749513626,0.0,0.5,73.17215174358032,0.6273609993369219,0
script2_speakerA_literal.wav,2,A,literal,3,15.0,64.0,0.7710336446762085,0.17179594933986664,-0.5992376953363419,1.0,0.7,65.02702702702703,0.3876220233602707,0
script2_speakerA_literal.wav,2,A,literal,3,16.0,79.33884297520662,0.7995098829269409,0.1821911334991455,-0.6173187494277954,2.0,0.9,64.44628099173553,0.6361941032361533,1
script2_speakerA_literal.wav,2,A,literal,4,17.0,12.765957446808507,0.013561738654971123,0.04814698174595833,0.034585243090987206,0.0,0.0,52.034933474005044,0.42877513463082234,0
script2_speakerA_literal.wav,2,A,literal,4,18.0,26.16822429906542,0.025041062384843826,0.055955804884433746,0.03091474249958992,1.0,0.07142857142857142,39.42434157369352,0.40392773378744423,0
script2_speakerA_literal.wav,2,A,literal,4,19.0,56.060606060606055,0.4481081962585449,0.25460222363471985,-0.19350597262382507,2.0,0.21428571428571427,31.66492926882666,0.5693365107750095,0
script2_speakerA_literal.wav,2,A,literal,4,20.0,68.42105263157895,0.5981701612472534,0.16267189383506775,-0.43549826741218567,3.0,0.35714285714285715,50.21662766375014,0.5359128772542354,0
script2_speakerA_literal.wav,2,A,literal,4,21.0,79.76878612716763,0.7344124913215637,0.24385009706020355,-0.49056239426136017,4.0,0.7142857142857143,68.08348160645087,0.7257894239581473,0
script2_speakerA_literal.wav,2,A,literal,4,22.0,90.36144578313254,0.8700464963912964,0.21192938089370728,-0.6581171154975891,5.0,0.7857142857142857,79.51709484729304,0.4617932774455909,1
script2_speakerA_literal.wav,2,A,literal,5,23.0,24.761904761904763,0.13180512189865112,0.10860612243413925,-0.02319899946451187,0.0,0.0,64.96404555740165,0.44122307452798715,0
script2_speakerA_literal.wav,2,A,literal,5,24.0,43.75,0.28300875425338745,0.12418478727340698,-0.15882396697998047,1.0,0.15384615384615385,52.95778351501244,0.5083390117055876,0
script2_speakerA_literal.wav,2,A,literal,5,25.0,64.47368421052632,0.4774487614631653,0.1669957935810089,-0.31045296788215637,2.0,0.46153846153846156,44.32852965747703,0.475976741607769,0
script2_speakerA_literal.wav,2,A,literal,5,26.0,61.34969325153374,0.5053895711898804,0.1545025110244751,-0.3508870601654053,3.0,0.46153846153846156,56.52445915402002,0.44645344642869383,0
script2_speakerA_literal.wav,2,A,literal,5,27.0,60.12269938650307,0.6217132806777954,0.1730482429265976,-0.4486650377511978,4.0,0.5384615384615384,61.98202561618771,0.4040346383556691,1
script2_speakerA_literal.wav,2,A,literal,6,28.0,31.06796116504854,0.1731570065021515,0.05633845180273056,-0.11681855469942093,0.0,0.23076923076923078,50.84678460102845,0.588819386298466,0
script2_speakerA_literal.wav,2,A,literal,6,29.0,47.86324786324786,0.2680133581161499,0.09346085786819458,-0.17455250024795532,1.0,0.3076923076923077,46.351302804933155,0.5911384532034912,0
script2_speakerA_literal.wav,2,A,literal,6,30.0,67.64705882352942,0.3877115845680237,0.10829203575849533,-0.27941954880952835,2.0,0.46153846153846156,48.85942261727527,0.40526567953661413,0
script2_speakerA_literal.wav,2,A,literal,6,31.0,82.5,0.591951310634613,0.09416574239730835,-0.4977855682373047,3.0,0.5384615384615384,66.00343556225909,0.4525821896043321,0
script2_speakerA_literal.wav,2,A,literal,6,32.0,79.2207792207792,0.7820037603378296,0.23241811990737915,-0.5495856404304504,4.0,0.6923076923076923,76.45594601476954,0.4776947353882729,1
script2_speakerA_literal.wav,2,A,literal,7,33.0,20.618556701030933,0.021830512210726738,0.073844775557518,0.05201426334679127,0.0,0.0,60.77977864060338,0.7281881876949429,0
script2_speakerA_literal.wav,2,A,literal,7,34.0,55.73770491803278,0.2568204700946808,0.1768261045217514,-0.07999436557292938,1.0,0.25,51.85901361328097,0.4766445028511981,0
script2_speakerA_literal.wav,2,A,literal,7,35.0,64.7887323943662,0.26605647802352905,0.15030476450920105,-0.115751713514328,2.0,0.25,47.04833133780998,0.3400937911262223,0
script2_speakerA_literal.wav,2,A,literal,7,36.0,64.90066225165563,0.23441341519355774,0.14608134329319,-0.08833207190036774,3.0,0.3125,61.809033188018205,0.24901469421979558,0
script2_speakerA_literal.wav,2,A,literal,7,37.0,68.35443037974683,0.4771261215209961,0.15046800673007965,-0.32665811479091644,4.0,0.5625,66.0146083419229,0.4970359891957444,0
script2_speakerA_literal.wav,2,A,literal,7,38.0,54.42176870748299,0.36366480588912964,0.10339335352182388,-0.26027145236730576,5.0,0.625,62.55895377962848,0.5396860323809052,1
script2_speakerA_literal.wav,2,A,literal,8,39.0,21.978021978021978,0.33474069833755493,0.017814790830016136,-0.3169259075075388,0.0,0.06666666666666667,48.2514070217506,0.45906518043277766,0
script2_speakerA_literal.wav,2,A,literal,8,40.0,47.05882352941176,0.13727159798145294,-0.08699186146259308,-0.22426345944404602,1.0,0.2,41.152871404972245,0.5620503042568256,0
script2_speakerA_literal.wav,2,A,literal,8,41.0,61.42857142857143,0.5095012784004211,0.2940247654914856,-0.21547651290893555,2.0,0.3333333333333333,43.488472312001726,0.6314973814445434,0
script2_speakerA_literal.wav,2,A,literal,8,42.0,58.13953488372092,0.6141720414161682,0.2944304347038269,-0.3197416067123413,3.0,0.4,55.542309947234706,0.6495108571884867,0
script2_speakerA_literal.wav,2,A,literal,8,43.0,58.68263473053892,0.5565654039382935,0.299338161945343,-0.25722724199295044,4.0,0.4666666666666667,59.41691368094376,0.3660984959652527,1
script2_speakerA_literal.wav,2,A,literal,9,44.0,32.72727272727273,0.5499187111854553,0.3045191168785095,-0.2453995943069458,0.0,0.25,49.84981411384419,0.6814917210637758,0
script2_speakerA_literal.wav,2,A,literal,9,45.0,42.97520661157025,0.4159949719905853,0.22055695950984955,-0.19543801248073578,1.0,0.25,44.7950380231273,0.45605227141324967,0
script2_speakerA_literal.wav,2,A,literal,9,46.0,54.41176470588236,0.5618301630020142,0.3460790812969208,-0.21575108170509338,2.0,0.3333333333333333,43.37141468157511,0.26314166484235746,0
script2_speakerA_literal.wav,2,A,literal,9,47.0,70.06369426751593,0.5987297892570496,0.34291160106658936,-0.2558181881904602,3.0,0.5833333333333334,55.81688852832285,0.6160060143668882,0
script2_speakerA_literal.wav,2,A,literal,9,49.0,64.93506493506493,0.38457128405570984,0.1473923921585083,-0.23717889189720154,5.0,0.75,63.136841302821075,0.482150409240562,1
script2_speakerA_literal.wav,2,A,literal,10,50.0,22.413793103448278,0.46194958686828613,0.350211501121521,-0.11173808574676514,0.0,0.13333333333333333,52.47085076867638,0.3780577697601089,0
script2_speakerA_literal.wav,2,A,literal,10,51.0,38.51851851851852,0.5079115629196167,0.4917638897895813,-0.0161476731300354,1.0,0.2,41.95579218567724,0.3954246606044555,0
script2_speakerA_literal.wav,2,A,literal,10,52.0,51.94805194805194,0.4828036427497864,0.4517698287963867,-0.031033813953399658,2.0,0.26666666666666666,37.62678785667291,0.32430440856109494,0
script2_speakerA_literal.wav,2,A,literal,10,53.0,55.294117647058826,0.3614806532859802,0.36918890476226807,0.007708251476287842,3.0,0.3333333333333333,48.58689603787643,0.3753106275097963,0
script2_speakerA_literal.wav,2,A,literal,10,54.0,52.32558139534884,0.2370738387107849,0.2976539731025696,0.06058013439178467,4.0,0.4,53.1892503301532,0.3150284775318118,0
script2_speakerA_literal.wav,2,A,literal,10,55.0,46.34146341463414,0.09228355437517166,0.11524965614080429,0.02296610176563263,5.0,0.4,51.320387485680605,0.33970670216964743,1
script2_speakerA_literal.wav,2,A,literal,11,56.0,30.252100840336137,0.08149453997612,0.007648967206478119,-0.07384557276964188,0.0,0.14285714285714285,42.97304855010637,0.42081937096375904,0
script2_speakerA_literal.wav,2,A,literal,11,57.0,44.27480916030534,0.37875938415527344,0.0530719980597496,-0.32568738609552383,1.0,0.21428571428571427,40.28945780509187,0.605302186451377,0
script2_speakerA_literal.wav,2,A,literal,11,58.0,52.702702702702695,0.19184726476669312,-0.00028600171208381653,-0.19213326647877693,2.0,0.2857142857142857,42.40987090111472,0.4129489372231856,0
script2_speakerA_literal.wav,2,A,literal,11,59.0,57.14285714285714,0.18403024971485138,0.027637934312224388,-0.156392315402627,3.0,0.2857142857142857,51.37345633528839,0.3600412452210147,0
script2_speakerA_literal.wav,2,A,literal,11,60.0,55.952380952380956,0.31672412157058716,0.037214480340480804,-0.27950964123010635,4.0,0.42857142857142855,55.26598026598026,0.3685788778708572,0
script2_speakerA_literal.wav,2,A,literal,11,61.0,56.14035087719298,0.1244053989648819,0.053502779453992844,-0.07090261951088905,5.0,0.5,56.411862990810356,0.4349151740091629,1
script2_speakerA_literal.wav,2,A,literal,12,62.0,25.24271844660194,0.18308407068252563,0.06611136347055435,-0.11697270721197128,0.0,0.14285714285714285,45.77848342539196,0.4117340545287435,0
script2_speakerA_literal.wav,2,A,literal,12,63.0,45.90163934426229,0.22808779776096344,-0.027235092595219612,-0.25532289035618305,1.0,0.21428571428571427,42.42823622268574,0.37709090256556793,0
script2_speakerA_literal.wav,2,A,literal,12,64.0,57.55395683453237,0.29969680309295654,0.05035052075982094,-0.2493462823331356,2.0,0.2857142857142857,42.89943820846553,0.4782396836750405,0
script2_speakerA_literal.wav,2,A,literal,12,65.0,60.0,0.40189486742019653,0.07489851862192154,-0.326996348798275,3.0,0.5,54.48519872626489,0.49449190920064506,0
script2_speakerA_literal.wav,2,A,literal,12,66.0,69.56521739130434,0.3649017810821533,0.07914254069328308,-0.28575924038887024,4.0,0.7142857142857143,62.373058075278905,0.5520309080442866,0
script2_speakerA_literal.wav,2,A,literal,12,67.0,59.863945578231295,0.3569740951061249,0.18385633826255798,-0.1731177568435669,5.0,0.7142857142857143,63.143054323178546,0.4081267704785416,1
script2_speakerA_literal.wav,2,A,literal,13,68.0,34.862385321100916,0.24448779225349426,0.09725967049598694,-0.14722812175750732,0.0,0.26666666666666666,54.76384943021218,0.5244586414631839,0
script2_speakerA_literal.wav,2,A,literal,13,69.0,62.5,0.2243189811706543,0.02457481063902378,-0.19974417053163052,1.0,0.3333333333333333,52.40877696644407,0.35864564269702953,0
script2_speakerA_literal.wav,2,A,literal,13,70.0,75.30864197530865,0.3781750202178955,0.09673783928155899,-0.2814371809363365,2.0,0.4666666666666667,57.557009098803185,0.5776750342243419,0
script2_speakerA_literal.wav,2,A,literal,13,71.0,72.1311475409836,0.5259319543838501,0.10327906906604767,-0.42265288531780243,3.0,0.6,69.97992983876408,0.5763918004857809,0
script2_speakerA_literal.wav,2,A,literal,13,72.0,66.66666666666667,0.4721386432647705,0.07484763860702515,-0.39729100465774536,4.0,0.6666666666666666,71.36881872765298,0.303622229656046,1
script2_speakerA_literal.wav,2,A,literal,14,73.0,29.824561403508774,0.5448910593986511,0.1614805907011032,-0.3834104686975479,0.0,0.21428571428571427,56.207458537053014,0.6079365559433048,0
script2_speakerA_literal.wav,2,A,literal,14,74.0,48.1203007518797,0.46788713335990906,0.22139471769332886,-0.2464924156665802,1.0,0.2857142857142857,48.20384294068505,0.33009030747765095,0
script2_speakerA_literal.wav,2,A,literal,14,75.0,55.94405594405594,0.6150619983673096,0.28454315662384033,-0.33051884174346924,2.0,0.35714285714285715,44.62963936648147,0.4930557604128471,0
script2_speakerA_literal.wav,2,A,literal,14,76.0,64.63414634146342,0.6725589036941528,0.2782364785671234,-0.3943224251270294,3.0,0.5,56.23283434579969,0.6095828425767793,0
script2_speakerA_literal.wav,2,A,literal,14,77.0,65.4320987654321,0.5068091750144958,0.29046446084976196,-0.2163447141647339,4.0,0.6428571428571429,62.003433683650485,0.4637657342535577,0
script2_speakerA_literal.wav,2,A,literal,14,78.0,62.8930817610063,0.6007722616195679,0.25653722882270813,-0.34423503279685974,5.0,0.7142857142857143,64.31977562263394,0.40517494011899885,1
script2_speakerA_literal.wav,2,A,literal,15,80.0,31.57894736842105,0.5984804630279541,0.18816961348056793,-0.41031084954738617,0.0,0.2,53.30137596495315,0.6854700952351944,0
script2_speakerA_literal.wav,2,A,literal,15,81.0,48.1203007518797,0.6629785299301147,0.23571991920471191,-0.42725861072540283,1.0,0.26666666666666666,47.53077662710235,0.31857924342148436,0
script2_speakerA_literal.wav,2,A,literal,15,82.0,69.93865030674846,0.6679466962814331,0.22408056259155273,-0.44386613368988037,2.0,0.3333333333333333,49.87929947568307,0.39518652234480744,0
script2_speakerA_literal.wav,2,A,literal,15,83.0,76.57142857142857,0.7157610654830933,0.2202564775943756,-0.49550458788871765,3.0,0.4,64.8767932100189,0.39708257397822805,0
script2_speakerA_literal.wav,2,A,literal,15,84.0,72.61904761904762,0.49499815702438354,0.19021493196487427,-0.3047832250595093,4.0,0.5333333333333333,73.04304216574155,0.43843224571148226,0
script2_speakerA_literal.wav,2,A,literal,15,85.0,70.88607594936708,0.5563969016075134,0.2965238690376282,-0.25987303256988525,5.0,0.6,73.35885071328109,0.3294671880442668,1
script2_speakerA_literal.wav,2,A,literal,16,86.0,23.376623376623375,0.3982289731502533,0.17429187893867493,-0.22393709421157837,0.0,0.16666666666666666,55.62724898167936,0.6769422351771525,0
script2_speakerA_literal.wav,2,A,literal,16,87.0,60.60606060606061,0.8755204677581787,0.47878706455230713,-0.3967334032058716,1.0,0.4166666666666667,51.62291997735036,0.6212086467239563,0
script2_speakerA_literal.wav,2,A,literal,16,88.0,72.41379310344827,0.9182345271110535,0.485378623008728,-0.43285590410232544,2.0,0.4166666666666667,52.13215902871075,0.37205336777709197,0
script2_speakerA_literal.wav,2,A,literal,16,89.0,75.75757575757575,0.8951971530914307,0.41588452458381653,-0.47931262850761414,3.0,0.5833333333333334,69.59247648902821,0.49879541946483763,0
script2_speakerA_literal.wav,2,A,literal,16,90.0,65.11627906976744,0.8838508725166321,0.43413323163986206,-0.44971764087677,4.0,0.5833333333333334,71.09588264359715,0.36335232738415896,1
script2_speakerA_literal.wav,2,A,literal,17,91.0,36.206896551724135,0.21398864686489105,0.05187397450208664,-0.1621146723628044,0.0,0.2222222222222222,59.02691712635578,0.66577574167564,0
script2_speakerA_literal.wav,2,A,literal,17,92.0,53.73134328358209,0.5187316536903381,0.12057284265756607,-0.39815881103277206,1.0,0.3888888888888889,51.68483963502456,0.5963207917936979,0
script2_speakerA_literal.wav,2,A,literal,17,93.0,72.9559748427673,0.7482373714447021,0.2383103370666504,-0.5099270343780518,2.0,0.5555555555555556,54.298071559357844,0.5018099397077848,0
script2_speakerA_literal.wav,2,A,literal,17,94.0,82.68156424581005,0.9002020359039307,0.3804503083229065,-0.5197517275810242,3.0,0.7222222222222222,69.78962745738649,0.48786755559710854,0
script2_speakerA_literal.wav,2,A,literal,17,95.0,84.70588235294117,0.8521907925605774,0.3874053955078125,-0.4647853970527649,4.0,0.8888888888888888,80.11447381383951,0.5344284969081299,1
script2_speakerA_literal.wav,2,A,literal,18,96.0,6.25,0.13879841566085815,0.1875295341014862,0.04873111844062805,0.0,0.06666666666666667,57.87914886625041,0.5421580272931684,0
script2_speakerA_literal.wav,2,A,literal,18,97.0,27.586206896551722,0.1636761724948883,0.15527580678462982,-0.008400365710258484,1.0,0.2,39.51402974983097,0.49563990414624637,0
script2_speakerA_literal.wav,2,A,literal,18,98.0,50.0,0.19754420220851898,0.29869014024734497,0.10114593803882599,2.0,0.3333333333333333,27.945402298850574,0.45275963729550595,0
script2_speakerA_literal.wav,2,A,literal,18,99.0,64.0,0.3816411793231964,0.327339231967926,-0.054301947355270386,3.0,0.4666666666666667,47.195402298850574,0.2686212853578977,0
script2_speakerA_literal.wav,2,A,literal,18,100.0,69.56521739130434,0.443992555141449,0.3368452787399292,-0.10714727640151978,4.0,0.6,61.188405797101446,0.32377769557325203,0
script2_speakerA_literal.wav,2,A,literal,18,101.0,64.36781609195403,0.4473283290863037,0.34499311447143555,-0.10233521461486816,5.0,0.6,65.97767782775279,0.3627655618127945,0
script2_speakerA_literal.wav,2,A,literal,18,102.0,55.757575757575765,0.5615215301513672,0.24278786778450012,-0.31873366236686707,6.0,0.6,63.230203080278045,0.5031378216704314,1
script2_speakerA_literal.wav,2,A,literal,19,103.0,19.512195121951216,0.4423631727695465,0.13080820441246033,-0.3115549683570862,0.0,0.07692307692307693,46.545862323827,0.4502958723816987,0
script2_speakerA_literal.wav,2,A,literal,19,104.0,59.81308411214954,0.5038373470306396,0.06229746714234352,-0.4415398798882961,1.0,0.46153846153846156,45.02761833055884,0.6530491032470749,0
script2_speakerA_literal.wav,2,A,literal,19,105.0,84.61538461538461,0.674496054649353,0.1367541253566742,-0.5377419292926788,2.0,0.7692307692307693,54.646887949828454,0.6700448266841176,1
script2_speakerA_literal.wav,2,A,literal,20,106.0,12.345679012345679,0.22403959929943085,0.07813360542058945,-0.1459059938788414,0.0,0.07692307692307693,52.25804924662661,0.6749964050950108,0
script2_speakerA_literal.wav,2,A,literal,20,108.0,37.5,0.25651904940605164,0.08074361085891724,-0.1757754385471344,2.0,0.3076923076923077,44.820354542576766,0.5217554221643625,0
script2_speakerA_literal.wav,2,A,literal,20,110.0,53.703703703703695,0.6094183921813965,0.2806561589241028,-0.3287622332572937,4.0,0.46153846153846156,34.51646090534979,0.4300564281462345,0
script2_speakerA_literal.wav,2,A,literal,20,111.0,68.21705426356588,0.692123293876648,0.2948974370956421,-0.39722585678100586,5.0,0.6153846153846154,53.14025265575653,0.4746230953603183,1
script2_speakerA_literal.wav,2,A,literal,21,112.0,11.428571428571432,0.2089877873659134,0.11798824369907379,-0.0909995436668396,0.0,0.09090909090909091,44.44977646528034,0.7268704382119858,0
script2_speakerA_literal.wav,2,A,literal,21,113.0,29.268292682926834,0.5590319633483887,0.1332729011774063,-0.42575906217098236,1.0,0.18181818181818182,36.304639458354714,0.48805401917998836,0
script2_speakerA_literal.wav,2,A,literal,21,114.0,49.64539007092199,0.5751019716262817,0.27934423089027405,-0.2957577407360077,2.0,0.2727272727272727,30.11408472747342,0.47412542519346196,0
script2_speakerA_literal.wav,2,A,literal,21,115.0,60.130718954248366,0.6729031801223755,0.3337724208831787,-0.3391307592391968,3.0,0.36363636363636365,46.34813390269906,0.3877344363517581,0
script2_speakerA_literal.wav,2,A,literal,21,116.0,65.86826347305389,0.5224752426147461,0.19867491722106934,-0.32380032539367676,4.0,0.45454545454545453,58.54812416607475,0.3100348641792841,0
script2_speakerA_literal.wav,2,A,literal,21,117.0,55.294117647058826,0.48357492685317993,0.2688356041908264,-0.21473932266235352,5.0,0.45454545454545453,60.43103335812036,0.3491290345307147,0
script2_speakerA_literal.wav,2,A,literal,21,118.0,44.72049689440993,0.6059861183166504,0.17239946126937866,-0.43358665704727173,6.0,0.5454545454545454,55.29429267150755,0.46045762867348183,1
script2_speakerA_literal.wav,2,A,literal,22,119.0,9.259259259259256,0.17614668607711792,-0.036482520401477814,-0.21262920647859573,0.0,0.07692307692307693,36.42462460024267,0.7508555934964476,0
script2_speakerA_literal.wav,2,A,literal,22,120.0,28.099173553719005,0.5041220188140869,0.0873115211725235,-0.4168104976415634,1.0,0.15384615384615385,27.359643235796064,0.3596294635415094,0
script2_speakerA_literal.wav,2,A,literal,22,121.0,56.75675675675676,0.5715092420578003,0.12449502944946289,-0.4470142126083374,2.0,0.3076923076923077,31.37172985657834,0.4662630582917187,0
script2_speakerA_literal.wav,2,A,literal,22,122.0,62.7906976744186,0.5819826722145081,0.11758850514888763,-0.4643941670656204,3.0,0.38461538461538464,49.21554266163145,0.40565497358184116,0
script2_speakerA_literal.wav,2,A,literal,22,123.0,65.1685393258427,0.5744035840034485,0.19249822199344635,-0.38190536201000214,4.0,0.5384615384615384,61.57199791900602,0.4134130137791728,0
script2_speakerA_literal.wav,2,A,literal,22,124.0,64.48087431693989,0.6019394397735596,0.21198101341724396,-0.3899584263563156,5.0,0.6923076923076923,64.1467037724004,0.351867382030758,0
script2_speakerA_literal.wav,2,A,literal,22,125.0,49.735449735449734,0.38022303581237793,0.13878819346427917,-0.24143484234809875,6.0,0.6923076923076923,59.794954459410775,0.3838792867590392,0
script2_speakerA_literal.wav,2,A,literal,22,126.0,42.285714285714285,0.3385049104690552,0.13340353965759277,-0.2051013708114624,7.0,0.6923076923076923,52.1673461127013,0.3871908333091348,1
script2_speakerA_literal.wav,2,A,literal,23,127.0,16.867469879518072,0.5637395977973938,0.3465573191642761,-0.21718227863311768,0.0,0.09090909090909091,36.29621130022736,0.6235246964821467,0
script2_speakerA_literal.wav,2,A,literal,23,128.0,39.21568627450981,0.7493417263031006,0.4200657606124878,-0.3292759656906128,1.0,0.2727272727272727,32.789623479914056,0.40411089712400283,0
script2_speakerA_literal.wav,2,A,literal,23,129.0,50.847457627118644,0.7329388856887817,0.3887803554534912,-0.3441585302352905,2.0,0.45454545454545453,35.64353792704884,0.43378395366856204,0
script2_speakerA_literal.wav,2,A,literal,23,130.0,69.56521739130434,0.7560151815414429,0.3793032169342041,-0.37671196460723877,3.0,0.7272727272727273,53.20945376431093,0.5537710983155654,0
script2_speakerA_literal.wav,2,A,literal,23,132.0,65.73426573426573,0.5753518342971802,0.4022877812385559,-0.17306405305862427,5.0,0.7272727272727273,62.04898025089624,0.6753161548309147,1
script2_speakerA_literal.wav,2,A,literal,24,133.0,26.530612244897956,0.5384508967399597,0.6406534910202026,0.10220259428024292,0.0,0.16666666666666666,53.94336512348934,0.4474942579431365,0
script2_speakerA_literal.wav,2,A,literal,24,134.0,54.83870967741935,0.6772235631942749,0.6237865686416626,-0.053436994552612305,1.0,0.3333333333333333,49.03452921886101,0.4006501049059798,0
script2_speakerA_literal.wav,2,A,literal,24,135.0,71.42857142857143,0.7151168584823608,0.5715205669403076,-0.14359629154205322,2.0,0.5833333333333334,50.93263111696291,0.6015974639350112,1
script2_speakerA_literal.wav,2,A,literal,25,136.0,23.684210526315784,0.09152816236019135,0.08993901312351227,-0.0015891492366790771,0.0,0.0,49.98383054410219,0.34311949814041587,0
script2_speakerA_literal.wav,2,A,literal,25,137.0,38.834951456310684,0.050108008086681366,0.12064911425113678,0.07054110616445541,1.0,0.0,44.649244470399296,0.3978609995913458,0
script2_speakerA_literal.wav,2,A,literal,25,138.0,48.275862068965516,0.19993284344673157,0.15043550729751587,-0.0494973361492157,2.0,0.0,36.931674683863996,0.44671525003024387,0
script2_speakerA_literal.wav,2,A,literal,25,139.0,57.36434108527132,0.4626834988594055,0.24818333983421326,-0.21450015902519226,3.0,0.125,48.15838487018251,0.373920881050289,1
script2_speakerA_literal.wav,2,A,literal,26,140.0,6.122448979591832,0.17663638293743134,0.004670083522796631,-0.1719662994146347,0.0,0.06666666666666667,37.25421737794289,0.40485022106020957,0
script2_speakerA_literal.wav,2,A,literal,26,141.0,39.097744360902254,0.26217159628868103,-0.03171356022357941,-0.29388515651226044,1.0,0.2,34.19484480858847,0.27749244147592916,0
script2_speakerA_literal.wav,2,A,literal,26,142.0,54.054054054054056,0.3138025999069214,0.0008866414427757263,-0.31291595846414566,2.0,0.3333333333333333,33.091415798182716,0.5210395238918255,0
script2_speakerA_literal.wav,2,A,literal,26,143.0,61.81818181818181,0.38500285148620605,0.09807773679494858,-0.2869251146912575,3.0,0.4,51.65666007771271,0.36851056057235565,0
script2_speakerA_literal.wav,2,A,literal,26,144.0,59.25925925925925,0.3046726584434509,0.06466241925954819,-0.24001023918390274,4.0,0.4,58.37716504383171,0.3576665248774407,0
script2_speakerA_literal.wav,2,A,literal,26,145.0,56.97674418604651,0.3732946515083313,0.06016000360250473,-0.31313464790582657,5.0,0.5333333333333333,59.35139508782919,0.32871668455321357,1
script2_speakerA_literal.wav,2,A,literal,27,146.0,30.188679245283023,0.32270801067352295,0.36368823051452637,0.04098021984100342,0.0,0.25,48.8082275635296,0.6356457641502739,0
script2_speakerA_literal.wav,2,A,literal,27,147.0,44.628099173553714,0.3070647716522217,0.44690024852752686,0.13983547687530518,1.0,0.3333333333333333,43.93117420162775,0.6228622634421357,0
script2_speakerA_literal.wav,2,A,literal,27,148.0,64.28571428571428,0.5878301858901978,0.4365657567977905,-0.15126442909240723,2.0,0.5,46.36749756818367,0.4901621261006909,0
script2_speakerA_literal.wav,2,A,literal,27,149.0,75.64102564102564,0.6411307454109192,0.4645707607269287,-0.17655998468399048,3.0,0.6666666666666666,61.51827970009788,0.6135378176138555,0
script2_speakerA_literal.wav,2,A,literal,27,150.0,64.19753086419753,0.6830637454986572,0.44881030917167664,-0.2342534363269806,4.0,0.75,68.04142359697914,0.33412022929986934,0
script2_speakerA_literal.wav,2,A,literal,27,151.0,64.47368421052632,0.7089221477508545,0.4145050048828125,-0.294417142868042,5.0,0.75,68.10408023858317,0.1767495792524569,1
script2_speakerA_literal.wav,2,A,literal,28,152.0,16.666666666666664,0.22006961703300476,0.12553560733795166,-0.0945340096950531,0.0,0.14285714285714285,48.445960580463506,0.5577584843487856,0
script2_speakerA_literal.wav,2,A,literal,28,154.0,43.47826086956522,0.46099090576171875,0.30197396874427795,-0.1590169370174408,2.0,0.2857142857142857,41.5395372489194,0.43107626248305214,0
script2_speakerA_literal.wav,2,A,literal,28,155.0,56.48854961832062,0.4278212785720825,0.221719890832901,-0.20610138773918152,3.0,0.42857142857142855,38.87782571818417,0.42974619577934164,0
script2_speakerA_literal.wav,2,A,literal,28,156.0,70.0,0.46090245246887207,0.1475079208612442,-0.31339453160762787,4.0,0.6428571428571429,56.65560349596195,0.6428182464162839,0
script2_speakerA_literal.wav,2,A,literal,28,157.0,73.61963190184049,0.489824116230011,0.12319532781839371,-0.3666287884116173,5.0,0.7142857142857143,66.70272717338703,0.4217389704007176,1
script2_speakerA_literal.wav,2,A,literal,29,158.0,19.354838709677423,0.22114935517311096,0.03450627997517586,-0.1866430751979351,0.0,0.16666666666666666,54.32482353717264,0.4094524493760534,0
script2_speakerA_literal.wav,2,A,literal,29,159.0,47.45762711864406,0.65091472864151,0.15121611952781677,-0.49969860911369324,1.0,0.3333333333333333,46.810699243387326,0.5483419996132193,0
script2_speakerA_literal.wav,2,A,literal,29,160.0,62.77372262773723,0.7018737196922302,0.10849970579147339,-0.5933740139007568,2.0,0.5833333333333334,43.19539615201957,0.4837206081036089,0
script2_speakerA_literal.wav,2,A,literal,29,162.0,72.61146496815287,0.7818654775619507,0.128053680062294,-0.6538117974996567,4.0,0.75,60.947604904844724,0.468841911059574,0
script2_speakerA_literal.wav,2,A,literal,29,163.0,73.20261437908498,0.6454082727432251,0.16626334190368652,-0.4791449308395386,5.0,0.75,69.5292673249917,0.3958226759867323,1
script2_speakerA_literal.wav,2,A,literal,30,164.0,26.96629213483146,0.018302150070667267,0.055156268179416656,0.03685411810874939,0.0,0.09090909090909091,57.593457160689766,0.5317888179396828,0
script2_speakerA_literal.wav,2,A,literal,30,165.0,36.53846153846154,0.003147616982460022,0.03642713278532028,0.03327951580286026,1.0,0.09090909090909091,45.56912268412599,0.41941962383328163,0
script2_speakerA_literal.wav,2,A,literal,30,166.0,54.28571428571429,0.04867573454976082,0.11169939488172531,0.06302366033196449,2.0,0.5454545454545454,39.2634893196691,0.4134458241983814,0
script2_speakerA_literal.wav,2,A,literal,30,167.0,52.348993288590606,0.0630912259221077,0.12591150403022766,0.06282027810811996,3.0,0.5454545454545454,47.72438970425548,0.37585139450194444,1
script2_speakerA_literal.wav,2,A,literal,31,168.0,32.38095238095238,0.23175466060638428,-0.017022814601659775,-0.24877747520804405,0.0,0.3076923076923077,46.338553318419095,0.5922221001824277,0
script2_speakerA_literal.wav,2,A,literal,31,169.0,57.60000000000001,0.7739049792289734,0.18333521485328674,-0.5905697643756866,1.0,0.46153846153846156,47.443315223180996,0.43816903882196423,0
script2_speakerA_literal.wav,2,A,literal,31,171.0,77.85234899328859,0.8252373933792114,0.20377355813980103,-0.6214638352394104,3.0,0.6923076923076923,55.94443379141366,0.6764967287266653,0
script2_speakerA_literal.wav,2,A,literal,31,172.0,82.35294117647058,0.8993641138076782,0.26394203305244446,-0.6354220807552338,4.0,0.8461538461538461,72.60176338991973,0.5742410077539949,1
script2_speakerA_literal.wav,2,A,literal,32,173.0,14.583333333333337,0.043646201491355896,-0.024647008627653122,-0.06829321011900902,0.0,0.0,58.262874501030836,0.3684946363341604,0
script2_speakerA_literal.wav,2,A,literal,32,174.0,48.818897637795274,0.47513097524642944,0.10002674162387848,-0.37510423362255096,1.0,0.4444444444444444,48.585057382533066,0.6088383532410315,0
script2_speakerA_literal.wav,2,A,literal,32,175.0,60.56338028169015,0.7317215800285339,0.10951755940914154,-0.6222040206193924,2.0,0.6666666666666666,41.321870417606256,0.5358869539389496,0
script2_speakerA_literal.wav,2,A,literal,32,176.0,73.41772151898735,0.8178699612617493,0.15902259945869446,-0.6588473618030548,3.0,0.7777777777777778,60.933333146157594,0.5733570751083045,0
script2_speakerA_literal.wav,2,A,literal,32,177.0,70.05649717514125,0.7914695143699646,0.1249474585056305,-0.6665220558643341,4.0,0.8888888888888888,68.01253299193958,0.4189751300506615,1
script2_speakerA_literal.wav,2,A,literal,33,178.0,15.189873417721522,-0.024647008627653122,0.07491086423397064,0.09955787286162376,0.0,0.0,52.88803070395004,0.3862957747237226,0
script2_speakerA_literal.wav,2,A,literal,33,179.0,42.85714285714286,0.4884032607078552,0.15686707198619843,-0.3315361887216568,1.0,0.2727272727272727,42.701171150001876,0.6563669379658538,0
script2_speakerA_literal.wav,2,A,literal,33,180.0,60.9375,0.5838485956192017,0.2458527833223343,-0.33799581229686737,2.0,0.36363636363636365,39.6615054249548,0.4417383219234563,0
script2_speakerA_literal.wav,2,A,literal,33,181.0,58.97435897435898,0.5579395294189453,0.24655824899673462,-0.3113812804222107,3.0,0.45454545454545453,54.256333943833944,0.3861498722502429,0
script2_speakerA_literal.wav,2,A,literal,33,182.0,55.84415584415585,0.5543262958526611,0.29048866033554077,-0.26383763551712036,4.0,0.45454545454545453,58.58533827283828,0.32047748079429406,1
script2_speakerA_literal.wav,2,A,literal,34,183.0,35.84905660377359,0.27016687393188477,0.2128128707408905,-0.05735400319099426,0.0,0.3076923076923077,50.222523807429475,0.5209402810496565,0
script2_speakerA_literal.wav,2,A,literal,34,184.0,58.730158730158735,0.5493377447128296,0.2951309382915497,-0.2542068064212799,1.0,0.38461538461538464,50.14112372602939,0.5139166291288487,0
script2_speakerA_literal.wav,2,A,literal,34,185.0,74.82993197278911,0.5596562623977661,0.2555572986602783,-0.3040989637374878,2.0,0.6153846153846154,56.46971576890714,0.49647371261148615,0
script2_speakerA_literal.wav,2,A,literal,34,186.0,81.70731707317074,0.6574589610099792,0.2775447368621826,-0.37991422414779663,3.0,0.6923076923076923,71.75580259203953,0.41335186671992985,0
script2_speakerA_literal.wav,2,A,literal,34,187.0,71.69811320754718,0.452907532453537,0.21506661176681519,-0.2378409206867218,4.0,0.7692307692307693,76.07845408450234,0.48421164259171967,1
script2_speakerA_literal.wav,2,A,literal,35,188.0,11.881188118811881,0.07457292079925537,0.04443782567977905,-0.03013509511947632,0.0,0.0,55.09553946650993,0.32080424470676316,0
script2_speakerA_literal.wav,2,A,literal,35,189.0,30.89430894308943,0.2404995858669281,0.1269797384738922,-0.11351984739303589,1.0,0.0,38.157870089816164,0.32246895592441804,0
script2_speakerA_literal.wav,2,A,literal,35,190.0,47.14285714285714,0.36270418763160706,0.26239046454429626,-0.10031372308731079,2.0,0.15384615384615385,29.972784734919482,0.40689155225501084,0
script2_speakerA_literal.wav,2,A,literal,35,191.0,62.42038216560509,0.46739304065704346,0.30324888229370117,-0.16414415836334229,3.0,0.38461538461538464,46.81918275051722,0.3934024044387685,0
script2_speakerA_literal.wav,2,A,literal,35,192.0,69.04761904761905,0.7726962566375732,0.42762693762779236,-0.3450693190097809,4.0,0.46153846153846156,59.53695278536043,0.5124481100947131,0
script2_speakerA_literal.wav,2,A,literal,35,193.0,80.98159509202453,0.7365628480911255,0.38873422145843506,-0.34782862663269043,5.0,0.6923076923076923,70.81653210174956,0.5781336453536351,1
script2_speakerA_literal.wav,2,A,literal,36,194.0,23.529411764705888,0.5968464016914368,0.22550225257873535,-0.3713441491127014,0.0,0.08333333333333333,57.85287530144983,0.38930819273667,0
script2_speakerA_literal.wav,2,A,literal,36,195.0,45.28301886792453,0.7444311380386353,0.22299431264400482,-0.5214368253946304,1.0,0.3333333333333333,49.931341908218315,0.49423392415544937,0
script2_speakerA_literal.wav,2,A,literal,36,196.0,61.53846153846154,0.740175724029541,0.17955249547958374,-0.5606232285499573,2.0,0.6666666666666666,43.450297390363986,0.4140166986574028,0
script2_speakerA_literal.wav,2,A,literal,36,197.0,71.05263157894737,0.9126283526420593,0.29974257946014404,-0.6128857731819153,3.0,0.8333333333333334,59.29137066177781,0.577740165421852,0
script2_speakerA_literal.wav,2,A,literal,36,198.0,78.70967741935485,0.6653594970703125,0.2942134141921997,-0.3711460828781128,4.0,0.8333333333333334,70.43359017892125,0.47349392051653316,0
script2_speakerA_literal.wav,2,A,literal,36,199.0,69.38775510204081,0.5686947107315063,0.3210638761520386,-0.24763083457946777,5.0,0.8333333333333334,73.05002136678101,0.4240838064822212,1
script2_speakerA_literal.wav,2,A,literal,37,200.0,24.444444444444446,0.07855623960494995,0.12508364021778107,0.046527400612831116,0.0,0.0,57.51395898861337,0.3316855233632223,0
script2_speakerA_literal.wav,2,A,literal,37,201.0,44.859813084112155,0.3337016999721527,0.2909601926803589,-0.04274150729179382,1.0,0.2,46.2306708768658,0.6208134519191533,0
script2_speakerA_literal.wav,2,A,literal,37,202.0,58.26771653543308,0.4677882194519043,0.2661193013191223,-0.20166891813278198,2.0,0.5,42.523991354663224,0.6240034864248891,1
script2_speakerA_literal.wav,2,A,literal,38,203.0,24.390243902439025,0.36192917823791504,0.08969785273075104,-0.272231325507164,0.0,0.2,42.50592450732809,0.5278532305323115,0
script2_speakerA_literal.wav,2,A,literal,38,204.0,37.362637362637365,0.7735270261764526,0.32738247513771057,-0.44614455103874207,1.0,0.3,40.00686593350316,0.4201717380768549,0
script2_speakerA_literal.wav,2,A,literal,38,205.0,49.09090909090909,0.5370187759399414,0.15600720047950745,-0.38101157546043396,2.0,0.3,36.94793011866183,0.5800295754107433,0
script2_speakerA_literal.wav,2,A,literal,38,206.0,53.2258064516129,0.4634391963481903,0.1523338258266449,-0.3111053705215454,3.0,0.3,46.55978430171979,0.5270361792645739,0
script2_speakerA_literal.wav,2,A,literal,38,207.0,57.377049180327866,0.3364185690879822,0.0802045464515686,-0.2562140226364136,4.0,0.4,53.231254907616616,0.4662452929496185,0
script2_speakerA_literal.wav,2,A,literal,38,208.0,59.20000000000001,0.22560569643974304,0.07425543665885925,-0.1513502597808838,5.0,0.5,56.60095187731359,0.3706673898131969,0
script2_speakerA_literal.wav,2,A,literal,38,209.0,63.41463414634146,0.3082120418548584,0.1798325777053833,-0.1283794641494751,6.0,0.7,59.997227775556446,0.5415489431403463,0
script2_speakerA_literal.wav,2,A,literal,38,210.0,63.934426229508205,0.2970322370529175,0.13850325345993042,-0.15852898359298706,7.0,0.7,62.18302012528323,0.4572225415944757,1
script2_speakerA_literal.wav,2,A,literal,39,211.0,21.359223300970875,0.34723764657974243,0.09556224197149277,-0.25167540460824966,0.0,0.09090909090909091,49.56942789227352,0.4554102466090289,0
script2_speakerA_literal.wav,2,A,literal,39,212.0,52.800000000000004,0.5348151326179504,0.19275601208209991,-0.3420591205358505,1.0,0.36363636363636365,46.031216510159695,0.5347092148808061,0
script2_speakerA_literal.wav,2,A,literal,39,213.0,76.0,0.8784846067428589,0.21223415434360504,-0.6662504523992538,2.0,0.5454545454545454,50.05307443365696,0.45790625193049894,0
script2_speakerA_literal.wav,2,A,literal,39,214.0,72.61904761904762,0.7713053226470947,0.1840950846672058,-0.5872102379798889,3.0,0.6363636363636364,67.13968253968254,0.44840563860649707,0
script2_speakerA_literal.wav,2,A,literal,39,215.0,59.302325581395344,0.7736626267433167,0.17737767100334167,-0.596284955739975,4.0,0.6363636363636364,69.30712440014766,0.5162528067355805,1
script2_speakerA_literal.wav,2,A,literal,40,216.0,25.0,0.38061803579330444,0.2184462547302246,-0.16217178106307983,0.0,0.16666666666666666,52.30712440014766,0.4474059710054144,0
script2_speakerA_literal.wav,2,A,literal,40,217.0,57.14285714285714,0.5718969702720642,0.3142198324203491,-0.2576771378517151,1.0,0.4166666666666667,47.14839424141749,0.4510081387442165,0
script2_speakerA_literal.wav,2,A,literal,40,218.0,62.857142857142854,0.6276723742485046,0.3160192370414734,-0.31165313720703125,2.0,0.5,48.33333333333333,0.5557426658046072,0
script2_speakerA_literal.wav,2,A,literal,40,219.0,68.71165644171779,0.6171161532402039,0.2568482756614685,-0.36026787757873535,3.0,0.5833333333333334,62.9038854805726,0.2361526047888682,0
script2_speakerA_literal.wav,2,A,literal,40,220.0,65.49707602339181,0.33661264181137085,0.18025359511375427,-0.15635904669761658,4.0,0.5833333333333334,65.6886251074175,0.43568965462256964,1
script2_speakerA_literal.wav,2,A,literal,41,221.0,9.80392156862745,0.1012515053153038,0.08637773990631104,-0.014873765408992767,0.0,0.0,48.00421801124568,0.5109686511770001,0
script2_speakerA_literal.wav,2,A,literal,41,222.0,43.41085271317829,0.4091724753379822,0.1977931708097458,-0.2113793045282364,1.0,0.23076923076923078,39.570616768399184,0.5635238636081631,0
script2_speakerA_literal.wav,2,A,literal,41,223.0,51.35135135135135,0.3217107057571411,0.14383691549301147,-0.17787379026412964,2.0,0.3076923076923077,34.85537521105236,0.24026570147894377,0
script2_speakerA_literal.wav,2,A,literal,41,224.0,63.03030303030304,0.32939428091049194,0.17971102893352509,-0.14968325197696686,3.0,0.3076923076923077,52.597502364944226,0.3673131511826889,0
script2_speakerA_literal.wav,2,A,literal,41,225.0,70.78651685393258,0.412628710269928,0.16096466779708862,-0.25166404247283936,4.0,0.5384615384615384,61.72272374519566,0.39965032200587153,0
script2_speakerA_literal.wav,2,A,literal,41,226.0,64.24242424242424,0.3620966672897339,0.11039130389690399,-0.2517053633928299,5.0,0.6153846153846154,66.01974804221996,0.38477952669506954,1
script2_speakerA_literal.wav,2,A,literal,42,227.0,22.22222222222222,0.16271483898162842,0.017125247046351433,-0.14558959193527699,0.0,0.07692307692307693,52.417054439526346,0.5788687582653869,0
script2_speakerA_literal.wav,2,A,literal,42,228.0,42.47787610619469,0.21611453592777252,-0.028274204581975937,-0.24438874050974846,1.0,0.3076923076923077,42.98084085694705,0.6571953906451732,0
script2_speakerA_literal.wav,2,A,literal,42,229.0,56.00000000000001,0.5711480379104614,0.28220319747924805,-0.2889448404312134,2.0,0.38461538461538464,40.23336610947231,0.44188942636886486,0
script2_speakerA_literal.wav,2,A,literal,42,230.0,58.156028368794324,0.5478959083557129,0.35086995363235474,-0.19702595472335815,3.0,0.46153846153846156,52.21130149166301,0.37458197776490704,0
script2_speakerA_literal.wav,2,A,literal,42,231.0,75.0,0.7920639514923096,0.29518991708755493,-0.49687403440475464,4.0,0.6153846153846154,63.05200945626478,0.5441734367129695,1
script2_speakerA_literal.wav,2,A,literal,43,232.0,5.063291139240511,0.011848881840705872,0.0931372344493866,0.08128835260868073,0.0,0.07142857142857142,46.07310650267828,0.41735835869174526,0
script2_speakerA_literal.wav,2,A,literal,43,233.0,28.888888888888886,0.11905436962842941,0.09943391382694244,-0.01962045580148697,1.0,0.21428571428571427,36.3173933427098,0.4436217505014486,0
script2_speakerA_literal.wav,2,A,literal,43,234.0,39.175257731958766,0.24197269976139069,0.14913147687911987,-0.09284122288227081,2.0,0.35714285714285715,24.375812586696053,0.41287166489931143,0
script2_speakerA_literal.wav,2,A,literal,43,235.0,66.11570247933885,0.7731027603149414,0.334119588136673,-0.43898317217826843,3.0,0.5714285714285714,44.726616366728834,0.5664007985006911,0
script2_speakerA_literal.wav,2,A,literal,43,236.0,66.66666666666667,0.7091997265815735,0.34213095903396606,-0.3670687675476074,4.0,0.5714285714285714,57.31920895932143,0.4103936937128369,0
script2_speakerA_literal.wav,2,A,literal,43,237.0,56.69291338582677,0.7131891250610352,0.40639668703079224,-0.3067924380302429,5.0,0.5714285714285714,63.158427510610764,0.3130723178109242,1
script2_speakerA_literal.wav,2,A,literal,44,239.0,35.78947368421053,0.4914802312850952,0.06003227457404137,-0.43144795671105385,0.0,0.36363636363636365,53.04968457890132,0.47887164813998195,0
script2_speakerA_literal.wav,2,A,literal,44,240.0,60.17699115044248,0.766595184803009,0.188125878572464,-0.578469306230545,1.0,0.6363636363636364,50.886459406826596,0.5940973690622807,0
script2_speakerA_literal.wav,2,A,literal,44,241.0,80.3030303030303,0.8887085318565369,0.3014513850212097,-0.5872571468353271,2.0,0.9090909090909091,58.75649837922777,0.6428202424459941,0
script2_speakerA_literal.wav,2,A,literal,44,242.0,74.17218543046357,0.6586121320724487,0.26940473914146423,-0.3892073929309845,3.0,0.9090909090909091,71.55073562797878,0.32023108022921937,0
script2_speakerA_literal.wav,2,A,literal,44,243.0,73.23943661971832,0.5337738990783691,0.19490653276443481,-0.3388673663139343,4.0,1.0,75.9048841177374,0.4378391323960823,1
script2_speakerA_literal.wav,2,A,literal,45,244.0,23.529411764705888,0.2063186913728714,0.2886420786380768,0.08232338726520538,0.0,0.16666666666666666,56.980344604962596,0.6216704000782644,0
script2_speakerA_literal.wav,2,A,literal,45,245.0,59.25925925925925,0.5883376598358154,0.23798944056034088,-0.35034821927547455,1.0,0.4166666666666667,52.009369214561154,0.570028566370533,0
script2_speakerA_literal.wav,2,A,literal,45,246.0,81.203007518797,0.8369148969650269,0.28321221470832825,-0.5537026822566986,2.0,0.75,54.66389284758738,0.5487607381961725,0
script2_speakerA_literal.wav,2,A,literal,45,247.0,94.73684210526316,0.8672047853469849,0.2651497721672058,-0.602055013179779,3.0,0.75,78.39970296110647,0.4509222238008682,1
script2_speakerA_literal.wav,2,A,literal,46,248.0,13.636363636363635,0.047935791313648224,0.052711524069309235,0.004775732755661011,0.0,0.0,63.19207108680793,0.38878628830545203,0
script2_speakerA_literal.wav,2,A,literal,46,249.0,45.614035087719294,0.2676084637641907,0.02312302216887474,-0.24448544159531593,1.0,0.08333333333333333,51.3290802764487,0.2654134849577224,0
script2_speakerA_literal.wav,2,A,literal,46,250.0,65.24822695035462,0.39801323413848877,0.06419621407985687,-0.3338170200586319,2.0,0.16666666666666666,41.49954189147918,0.4563614211829693,0
script2_speakerA_literal.wav,2,A,literal,46,251.0,73.88535031847134,0.4363621771335602,0.04283061996102333,-0.39353155717253685,3.0,0.3333333333333333,61.582537452181754,0.43398971650566937,0
script2_speakerA_literal.wav,2,A,literal,46,252.0,76.07361963190185,0.4492056369781494,0.07382266968488693,-0.3753829672932625,4.0,0.4166666666666667,71.7357323002426,0.3017323521851101,1
script2_speakerA_literal.wav,2,A,literal,47,253.0,25.287356321839084,0.42343074083328247,0.08536304533481598,-0.3380676954984665,0.0,0.25,58.41544209073742,0.7174940889138156,0
script2_speakerA_literal.wav,2,A,literal,47,254.0,32.32323232323232,0.6008647680282593,0.11732510477304459,-0.4835396632552147,1.0,0.3333333333333333,44.561402758991086,0.5552848786424422,0
script2_speakerA_literal.wav,2,A,literal,47,255.0,42.10526315789473,0.5786236524581909,0.14533835649490356,-0.43328529596328735,2.0,0.4166666666666667,33.23861726765538,0.4860326710669779,0
script2_speakerA_literal.wav,2,A,literal,47,256.0,44.927536231884055,0.5116298198699951,0.12335595488548279,-0.38827386498451233,3.0,0.5,39.78534390433703,0.37838755587656625,0
script2_speakerA_literal.wav,2,A,literal,47,257.0,51.388888888888886,0.3158476948738098,0.07343943417072296,-0.24240826070308685,4.0,0.5833333333333334,46.14056275955589,0.4709433781156674,0
script2_speakerA_literal.wav,2,A,literal,47,258.0,57.14285714285714,0.22974801063537598,0.05122822895646095,-0.17851978167891502,5.0,0.5833333333333334,51.153094087876696,0.3181520370991039,1
script2_speakerA_literal.wav,2,A,literal,48,259.0,25.64102564102564,0.13994470238685608,0.009561932645738125,-0.13038276974111795,0.0,0.09090909090909091,44.72425722425722,0.3674045225881226,0
script2_speakerA_literal.wav,2,A,literal,48,260.0,51.02040816326531,0.6282789707183838,0.3124958872795105,-0.3157830834388733,1.0,0.2727272727272727,44.60143031571603,0.38744795016414946,0
script2_speakerA_literal.wav,2,A,literal,48,261.0,70.3125,0.7731302380561829,0.2949933409690857,-0.47813689708709717,2.0,0.7272727272727273,48.99131126809698,0.5123945574120049,0
script2_speakerA_literal.wav,2,A,literal,48,262.0,62.585034013605444,0.7186726331710815,0.3546175956726074,-0.3640550374984741,3.0,0.7272727272727273,61.305980725623584,0.3230427697182304,1
script2_speakerA_literal.wav,2,A,literal,49,263.0,39.08045977011494,0.37013906240463257,0.09632644802331924,-0.2738126143813133,0.0,0.3333333333333333,57.3259979279068,0.6757812262201068,0
script2_speakerA_literal.wav,2,A,literal,49,264.0,68.5185185185185,0.7717052102088928,0.05173790454864502,-0.7199673056602478,1.0,0.5833333333333334,56.7280041007463,0.4073611344317954,0
script2_speakerA_literal.wav,2,A,literal,49,265.0,64.95726495726495,0.6701638698577881,0.07144944369792938,-0.5987144261598587,2.0,0.5833333333333334,57.5187477486328,0.31359950661789016,0
script2_speakerA_literal.wav,2,A,literal,49,266.0,82.85714285714285,0.7312791347503662,0.0872618705034256,-0.6440172642469406,3.0,0.75,72.11097544430876,0.5404300098348515,0
script2_speakerA_literal.wav,2,A,literal,49,267.0,66.66666666666667,0.6319819688796997,0.10522298514842987,-0.5267589837312698,4.0,0.75,71.49369149369149,0.37152711791248116,1
script2_speakerA_literal.wav,2,A,literal,50,268.0,39.56043956043956,0.2933432459831238,-0.020999550819396973,-0.31434279680252075,0.0,0.5,63.028083028083024,0.4759129439510512,0
script2_speakerA_literal.wav,2,A,literal,50,269.0,61.68224299065421,0.7712022662162781,0.055249158293008804,-0.7159531079232693,1.0,0.625,55.969783072586814,0.37702468999851474,0
script2_speakerA_literal.wav,2,A,literal,50,270.0,70.96774193548387,0.7994481921195984,0.06660610437393188,-0.7328420877456665,2.0,0.875,57.40347482885922,0.5082142205694102,0
script2_speakerA_literal.wav,2,A,literal,50,271.0,87.32394366197182,0.930968165397644,0.07735852897167206,-0.853609636425972,3.0,1.0,73.3246428627033,0.38802285508929696,1
script2_speakerA_literal.wav,2,A,literal,51,272.0,25.287356321839084,0.38473913073539734,0.13481193780899048,-0.24992719292640686,0.0,0.16666666666666666,61.19301397309826,0.670981374139695,0
script2_speakerA_literal.wav,2,A,literal,51,273.0,38.775510204081634,0.4043674170970917,0.12074104696512222,-0.28362637013196945,1.0,0.25,50.46227006263085,0.39717469249523446,0
script2_speakerA_literal.wav,2,A,literal,51,274.0,46.28099173553719,0.3635045886039734,0.09509378671646118,-0.2684108018875122,2.0,0.25,36.78128608715264,0.44335758189039387,0
script2_speakerA_literal.wav,2,A,literal,51,275.0,51.70068027210885,0.2928850054740906,0.14006227254867554,-0.15282273292541504,3.0,0.4166666666666667,45.585727403909225,0.4102755818628659,0
script2_speakerA_literal.wav,2,A,literal,51,276.0,49.66442953020134,0.33379751443862915,0.15758995711803436,-0.1762075573205948,4.0,0.5833333333333334,49.21536717928246,0.3076609076683902,0
script2_speakerA_literal.wav,2,A,literal,51,277.0,48.951048951048946,0.3265745937824249,0.11747422814369202,-0.2091003656387329,5.0,0.5833333333333334,50.10538625111971,0.39423132868680516,1
script2_speakerA_literal.wav,2,A,literal,52,278.0,38.297872340425535,0.2782325744628906,0.1263396441936493,-0.15189293026924133,0.0,0.1,45.63778360722527,0.3564032639174243,0
script2_speakerA_literal.wav,2,A,literal,52,279.0,59.01639344262295,0.34797853231430054,0.12849651277065277,-0.21948201954364777,1.0,0.3,48.75510491136581,0.5067439751752395,0
script2_speakerA_literal.wav,2,A,literal,52,280.0,69.06474820143885,0.3831774890422821,0.15632250905036926,-0.22685497999191284,2.0,0.6,55.45967132816244,0.4347451587739654,0
script2_speakerA_literal.wav,2,A,literal,52,281.0,76.19047619047619,0.4895462393760681,0.21193751692771912,-0.277608722448349,3.0,0.7,68.09053927817934,0.414530766404974,1
script2_speakerA_literal.wav,2,A,literal,53,282.0,39.21568627450981,0.2853962481021881,0.03032803349196911,-0.255068214610219,0.0,0.25,61.490303555474945,0.656228371941006,0
script2_speakerA_literal.wav,2,A,literal,53,283.0,46.55172413793104,0.3668100833892822,0.04339493811130524,-0.323415145277977,1.0,0.3125,53.985962200972345,0.5174069284390845,0
script2_speakerA_literal.wav,2,A,literal,53,284.0,61.53846153846154,0.37760627269744873,0.050135061144828796,-0.32747121155261993,2.0,0.5,49.101957316967464,0.6080645872034742,0
script2_speakerA_literal.wav,2,A,literal,53,285.0,64.90066225165563,0.3102693557739258,0.09856809675693512,-0.21170125901699066,3.0,0.625,57.66361597601607,0.38887063922462095,0
script2_speakerA_literal.wav,2,A,literal,53,286.0,65.73426573426573,0.2763376832008362,0.10570377111434937,-0.17063391208648682,4.0,0.75,64.05779650812764,0.46467130645124627,1
script2_speakerA_literal.wav,2,A,literal,54,287.0,48.97959183673469,0.4898698329925537,0.4898698329925537,0.0,0.0,0.4166666666666667,59.87150660755202,0.625660021329583,0
script2_speakerA_literal.wav,2,A,literal,54,288.0,70.17543859649122,0.6452740430831909,0.6452740430831909,0.0,1.0,0.6666666666666666,61.62976538916388,0.534530978612041,0
script2_speakerA_literal.wav,2,A,literal,54,289.0,92.95774647887323,0.665988564491272,0.665988564491272,0.0,2.0,0.9166666666666666,70.70425897069971,0.48942872871700965,0
script2_speakerA_literal.wav,2,A,literal,54,290.0,77.19298245614034,0.559307873249054,0.559307873249054,0.0,3.0,0.9166666666666666,80.1087225105016,0.2016610735699325,0
script2_speakerA_paraphrase.wav,2,A,paraphrase,0,1.0,14.70588235294118,0.2464503049850464,0.13546374440193176,-0.11098656058311462,0.0,0.09090909090909091,14.70588235294118,0.3900757389678304,0
script2_speakerA_paraphrase.wav,2,A,paraphrase,0,2.0,50.54945054945055,0.7468175888061523,0.11698155850172043,-0.6298360303044319,1.0,0.2727272727272727,32.627666451195864,0.6228096980965134,0
script2_speakerA_paraphrase.wav,2,A,paraphrase,0,3.0,74.13793103448276,0.8541240692138672,0.12999215722084045,-0.7241319119930267,2.0,0.7272727272727273,46.4644213122915,0.6103043485604303,0
script2_speakerA_paraphrase.wav,2,A,paraphrase,0,4.0,88.72180451127821,0.9271466732025146,0.13880662620067596,-0.7883400470018387,3.0,0.9090909090909091,71.13639536507051,0.4581503278597486,0
script2_speakerA_paraphrase.wav,2,A,paraphrase,0,5.0,81.37931034482759,0.8744610548019409,0.1516558825969696,-0.7228051722049713,4.0,0.9090909090909091,81.41301529686285,0.6766216837384949,1
script2_speakerA_paraphrase.wav,2,A,paraphrase,1,6.0,41.509433962264154,0.2886338233947754,0.07108289003372192,-0.21755093336105347,0.0,0.3076923076923077,70.53684960612331,0.5617077155361598,0
script2_speakerA_paraphrase.wav,2,A,paraphrase,1,7.0,61.417322834645674,0.2950472831726074,0.16669055819511414,-0.1283567249774933,1.0,0.46153846153846156,61.43535571391247,0.35522874603330895,0
script2_speakerA_paraphrase.wav,2,A,paraphrase,1,8.0,78.94736842105263,0.6903674602508545,0.2651887536048889,-0.4251787066459656,2.0,0.6153846153846154,60.624708405987484,0.4754974551298829,0
script2_speakerA_paraphrase.wav,2,A,paraphrase,1,9.0,76.64670658682635,0.6720052361488342,0.2973536550998688,-0.37465158104896545,3.0,0.6153846153846154,72.33713261417489,0.3761350871526651,1
script2_speakerA_paraphrase.wav,2,A,paraphrase,2,10.0,45.36082474226804,0.5342971086502075,0.20809169113636017,-0.32620541751384735,0.0,0.15384615384615385,66.98496658338235,0.48612955316192324,0
script2_speakerA_paraphrase.wav,2,A,paraphrase,2,11.0,61.81818181818181,0.6346250772476196,0.23692390322685242,-0.3977011740207672,1.0,0.38461538461538464,61.275237715758735,0.45541681098795067,0
script2_speakerA_paraphrase.wav,2,A,paraphrase,2,12.0,90.0,0.7115942239761353,0.279080867767334,-0.43251335620880127,2.0,0.6153846153846154,65.72633552014995,0.5208367768611373,0
script2_speakerA_paraphrase.wav,2,A,paraphrase,2,13.0,87.67123287671232,0.706383228302002,0.27343982458114624,-0.4329434037208557,3.0,0.6153846153846154,79.82980489829805,0.5196050082380318,1
script2_speakerA_paraphrase.wav,2,A,paraphrase,3,14.0,27.397260273972602,0.20671199262142181,0.03755638003349304,-0.16915561258792877,0.0,0.1,68.35616438356165,0.504226763548049,0
script2_speakerA_paraphrase.wav,2,A,paraphrase,3,15.0,57.73195876288659,0.4024028182029724,0.07370753586292267,-0.32869528234004974,1.0,0.4,57.60015063785717,0.44999259641589956,0
script2_speakerA_paraphrase.wav,2,A,paraphrase,3,16.0,71.07438016528927,0.6243157386779785,0.11655844002962112,-0.5077572986483574,2.0,0.7,52.067866400716156,0.5333471064311326,0
script2_speakerA_paraphrase.wav,2,A,paraphrase,3,17.0,70.86614173228347,0.7267318964004517,0.10852926224470139,-0.6182026341557503,3.0,0.8,66.55749355348644,0.43017233389478765,1
script2_speakerA_paraphrase.wav,2,A,paraphrase,4,18.0,18.181818181818176,0.03661545366048813,0.10941407829523087,0.07279862463474274,0.0,0.0,53.37411335979697,0.4267599085125803,0
script2_speakerA_paraphrase.wav,2,A,paraphrase,4,19.0,42.01680672268907,0.3464396297931671,0.10933471471071243,-0.23710491508245468,1.0,0.14285714285714285,43.6882555455969,0.5775584981893825,0
script2_speakerA_paraphrase.wav,2,A,paraphrase,4,20.0,59.42028985507246,0.4062090516090393,0.1414574831724167,-0.2647515684366226,2.0,0.35714285714285715,39.87297158652657,0.532418196067227,0
script2_speakerA_paraphrase.wav,2,A,paraphrase,4,22.0,58.89570552147239,0.3615301251411438,0.2750003933906555,-0.08652973175048828,4.0,0.35714285714285715,53.4442673664113,0.4266225409884799,1
script2_speakerA_paraphrase.wav,2,A,paraphrase,5,23.0,25.49019607843137,0.41196614503860474,0.10514051467180252,-0.3068256303668022,0.0,0.23076923076923078,47.93539715165874,0.42860871304581116,0
script2_speakerA_paraphrase.wav,2,A,paraphrase,5,24.0,43.69747899159664,0.6498767733573914,0.26230254769325256,-0.3875742256641388,1.0,0.38461538461538464,42.6944601971668,0.45688749781901183,0
script2_speakerA_paraphrase.wav,2,A,paraphrase,5,25.0,61.19402985074627,0.7765847444534302,0.2469286322593689,-0.5296561121940613,2.0,0.5384615384615384,43.460568306924756,0.43128961951293615,0
script2_speakerA_paraphrase.wav,2,A,paraphrase,5,26.0,66.66666666666667,0.7561962604522705,0.2581515312194824,-0.4980447292327881,3.0,0.5384615384615384,57.186058503003196,0.5606557213317992,1
script2_speakerA_paraphrase.wav,2,A,paraphrase,6,27.0,26.923076923076927,0.4099560081958771,0.2655096650123596,-0.14444634318351746,0.0,0.07692307692307693,51.594591146829956,0.49487782666931135,0
script2_speakerA_paraphrase.wav,2,A,paraphrase,6,28.0,36.92307692307693,0.5410847663879395,0.27143996953964233,-0.2696447968482971,1.0,0.15384615384615385,43.504273504273506,0.5069685069134572,0
script2_speakerA_paraphrase.wav,2,A,paraphrase,6,29.0,43.05555555555556,0.6575313806533813,0.26398640871047974,-0.3935449719429016,2.0,0.23076923076923078,35.63390313390314,0.4610459147069671,0
script2_speakerA_paraphrase.wav,2,A,paraphrase,6,30.0,42.038216560509554,0.5412130355834961,0.17200669646263123,-0.36920633912086487,3.0,0.23076923076923078,40.67228301304735,0.41809257120866766,1
script2_speakerA_paraphrase.wav,2,A,paraphrase,7,31.0,29.702970297029708,0.33662670850753784,0.2727627158164978,-0.06386399269104004,0.0,0.1875,38.26558080436494,0.5103718674086066,0
script2_speakerA_paraphrase.wav,2,A,paraphrase,7,32.0,53.78151260504202,0.8060731887817383,0.2915513515472412,-0.5145218372344971,1.0,0.3125,41.84089982086043,0.5073542593700925,0
script2_speakerA_paraphrase.wav,2,A,paraphrase,7,33.0,73.91304347826086,0.7357358932495117,0.23940734565258026,-0.49632854759693146,2.0,0.625,52.46584212677753,0.669590251840131,0
script2_speakerA_paraphrase.wav,2,A,paraphrase,7,34.0,89.171974522293,0.8154342770576477,0.2753341495990753,-0.5401001274585724,3.0,0.8125,72.28884353519862,0.4212911860533571,0
script2_speakerA_paraphrase.wav,2,A,paraphrase,7,35.0,72.25806451612904,0.6745835542678833,0.32633230090141296,-0.34825125336647034,4.0,0.8125,78.44769417222763,0.4374832793324675,1
script2_speakerA_paraphrase.wav,2,A,paraphrase,8,36.0,25.531914893617024,0.2505118250846863,0.018452761694788933,-0.23205906338989735,0.0,0.13333333333333333,62.320651310679686,0.46767326489942623,0
script2_speakerA_paraphrase.wav,2,A,paraphrase,8,37.0,49.557522123893804,0.309833288192749,0.07160307466983795,-0.23823021352291107,1.0,0.4,49.11583384454662,0.5042649693230619,0
script2_speakerA_paraphrase.wav,2,A,paraphrase,8,38.0,65.11627906976744,0.7018276453018188,0.35960274934768677,-0.3422248959541321,2.0,0.4666666666666667,46.73523869575942,0.34806155465834554,0
script2_speakerA_paraphrase.wav,2,A,paraphrase,8,39.0,79.48717948717949,0.8001821041107178,0.319380521774292,-0.4808015823364258,3.0,0.7333333333333333,64.72032689361357,0.6467884423519826,0
script2_speakerA_paraphrase.wav,2,A,paraphrase,8,40.0,78.37837837837837,0.7536228895187378,0.34406954050064087,-0.4095533490180969,4.0,0.8,74.32727897844177,0.47067235529254525,1
script2_speakerA_paraphrase.wav,2,A,paraphrase,9,41.0,28.31858407079646,0.05820804834365845,-0.009137872606515884,-0.06734592095017433,0.0,0.16666666666666666,62.06138064545144,0.4777965492408338,0
script2_speakerA_paraphrase.wav,2,A,paraphrase,9,42.0,40.0,0.08741258829832077,0.05193527042865753,-0.03547731786966324,1.0,0.25,48.89898748305828,0.2756826716556401,0
script2_speakerA_paraphrase.wav,2,A,paraphrase,9,43.0,42.10526315789473,0.14382436871528625,0.06830916553735733,-0.07551520317792892,2.0,0.4166666666666667,36.8079490762304,0.5277877231087955,0
script2_speakerA_paraphrase.wav,2,A,paraphrase,9,44.0,42.063492063492056,0.16985733807086945,0.06561130285263062,-0.10424603521823883,3.0,0.5,41.389585073795594,0.46843830882008547,0
script2_speakerA_paraphrase.wav,2,A,paraphrase,9,45.0,39.183673469387756,0.35842365026474,0.2747719883918762,-0.08365166187286377,4.0,0.5833333333333334,41.117476230258184,0.2516954886828457,1
script2_speakerA_paraphrase.wav,2,A,paraphrase,10,47.0,24.347826086956527,0.09518405795097351,0.15160562098026276,0.056421563029289246,0.0,0.06666666666666667,35.198330539945445,0.40454868844298747,0
script2_speakerA_paraphrase.wav,2,A,paraphrase,10,48.0,43.609022556390975,0.22473514080047607,0.3049032688140869,0.08016812801361084,1.0,0.2,35.713507370911756,0.49975344563895874,0
script2_speakerA_paraphrase.wav,2,A,paraphrase,10,49.0,57.71812080536913,0.3084162175655365,0.21435579657554626,-0.09406042098999023,2.0,0.3333333333333333,41.891656482905546,0.3961527637640928,0
script2_speakerA_paraphrase.wav,2,A,paraphrase,10,50.0,57.831325301204814,0.3518894612789154,0.2894155979156494,-0.06247386336326599,3.0,0.4,53.052822887654976,0.3697198433836373,0
script2_speakerA_paraphrase.wav,2,A,paraphrase,10,51.0,52.071005917159766,0.27432960271835327,0.23872926831245422,-0.03560033440589905,4.0,0.4,55.87348400791124,0.4803384872180286,1
script2_speakerA_paraphrase.wav,2,A,paraphrase,11,53.0,41.93548387096774,0.3240596055984497,0.00270015187561512,-0.3213594537228346,0.0,0.2857142857142857,50.61260502977744,0.5119639908766188,0
script2_speakerA_paraphrase.wav,2,A,paraphrase,11,54.0,48.1203007518797,0.29036885499954224,0.009466120973229408,-0.28090273402631283,1.0,0.35714285714285715,47.37559684666907,0.48357162609936355,0
script2_speakerA_paraphrase.wav,2,A,paraphrase,11,55.0,62.16216216216216,0.3434291183948517,0.04374021664261818,-0.2996889017522335,2.0,0.42857142857142855,50.7393155950032,0.5011104230331599,0
script2_speakerA_paraphrase.wav,2,A,paraphrase,11,57.0,60.57142857142856,0.3685612678527832,0.19704529643058777,-0.17151597142219543,4.0,0.42857142857142855,56.951297161823476,0.4720768525198035,1
script2_speakerA_paraphrase.wav,2,A,paraphrase,12,58.0,35.18518518518518,0.2993979752063751,0.28097498416900635,-0.018422991037368774,0.0,0.07142857142857142,52.6395919729253,0.3618731470113056,0
script2_speakerA_paraphrase.wav,2,A,paraphrase,12,59.0,47.05882352941176,0.45240697264671326,0.3186832070350647,-0.13372376561164856,1.0,0.14285714285714285,47.605145762008505,0.5894852343417175,0
script2_speakerA_paraphrase.wav,2,A,paraphrase,12,60.0,54.19354838709678,0.5389699935913086,0.3996506333351135,-0.13931936025619507,2.0,0.21428571428571427,45.47918570056458,0.442925880344407,0
script2_speakerA_paraphrase.wav,2,A,paraphrase,12,61.0,57.668711656441715,0.5637588500976562,0.38722795248031616,-0.1765308976173401,3.0,0.35714285714285715,52.973694524316755,0.4889202715374152,1
script2_speakerA_paraphrase.wav,2,A,paraphrase,13,62.0,24.242424242424242,0.12787985801696777,0.154451385140419,0.026571527123451233,0.0,0.06666666666666667,45.368228095320916,0.6574835631152077,0
script2_speakerA_paraphrase.wav,2,A,paraphrase,13,63.0,53.2258064516129,0.4080548882484436,0.19929242134094238,-0.20876246690750122,1.0,0.3333333333333333,45.04564745015962,0.5536187409411156,0
script2_speakerA_paraphrase.wav,2,A,paraphrase,13,64.0,68.53146853146853,0.4651257395744324,0.21886688470840454,-0.24625885486602783,2.0,0.4,48.66656640850189,0.3727478279263945,0
script2_speakerA_paraphrase.wav,2,A,paraphrase,13,65.0,77.10843373493977,0.5959212183952332,0.1720789223909378,-0.42384229600429535,3.0,0.6,66.28856957267374,0.4132103925692389,0
script2_speakerA_paraphrase.wav,2,A,paraphrase,13,66.0,67.03296703296704,0.6126603484153748,0.12602782249450684,-0.4866325259208679,4.0,0.6,70.89095643312511,0.3572045977154409,0
script2_speakerA_paraphrase.wav,2,A,paraphrase,13,67.0,56.81818181818181,0.46371036767959595,0.2555202543735504,-0.20819011330604553,5.0,0.6,66.9865275286962,0.6536499755788976,1
script2_speakerA_paraphrase.wav,2,A,paraphrase,14,68.0,20.560747663551403,0.10107223689556122,0.09188531339168549,-0.009186923503875732,0.0,0.07142857142857142,48.13729883823342,0.38992843943576605,0
script2_speakerA_paraphrase.wav,2,A,paraphrase,14,69.0,40.625,0.2916211485862732,0.1920417994260788,-0.0995793491601944,1.0,0.14285714285714285,39.33464316057774,0.3638153547733495,0
script2_speakerA_paraphrase.wav,2,A,paraphrase,14,70.0,43.66197183098591,0.3046537935733795,0.1606191098690033,-0.14403468370437622,2.0,0.14285714285714285,34.949239831512436,0.30274892375563867,0
script2_speakerA_paraphrase.wav,2,A,paraphrase,14,71.0,58.89570552147239,0.39350149035453796,0.24346798658370972,-0.15003350377082825,3.0,0.42857142857142855,47.7275591174861,0.41570115691905346,0
script2_speakerA_paraphrase.wav,2,A,paraphrase,14,72.0,62.27544910179641,0.5423630475997925,0.28038161993026733,-0.26198142766952515,4.0,0.5,54.94437548475157,0.34644384625974733,0
script2_speakerA_paraphrase.wav,2,A,paraphrase,14,73.0,47.43589743589743,0.5221182703971863,0.48452138900756836,-0.03759688138961792,5.0,0.5,56.20235068638874,0.4645061523213391,1
script2_speakerA_paraphrase.wav,2,A,paraphrase,15,74.0,39.66942148760331,0.57969069480896,0.28513163328170776,-0.2945590615272522,0.0,0.13333333333333333,49.79358934176572,0.3802166887934108,0
script2_speakerA_paraphrase.wav,2,A,paraphrase,15,75.0,54.67625899280575,0.6489322781562805,0.45618802309036255,-0.19274425506591797,1.0,0.2,47.260525972102165,0.5007292993703826,0
script2_speakerA_paraphrase.wav,2,A,paraphrase,15,76.0,61.935483870967744,0.6446746587753296,0.35828137397766113,-0.28639328479766846,2.0,0.3333333333333333,52.093721450458936,0.610340190748167,0
script2_speakerA_paraphrase.wav,2,A,paraphrase,15,77.0,60.10928961748634,0.6389361619949341,0.346087783575058,-0.2928483784198761,3.0,0.4,58.90701082708661,0.6822969841604336,0
script2_speakerA_paraphrase.wav,2,A,paraphrase,15,78.0,50.306748466257666,0.3558374047279358,0.3250303268432617,-0.030807077884674072,4.0,0.4,57.45050731823725,0.4216897873618228,1
script2_speakerA_paraphrase.wav,2,A,paraphrase,16,79.0,34.14634146341463,0.6466842889785767,0.3251613676548004,-0.32152292132377625,0.0,0.25,48.18745984905288,0.6498353190885318,0
script2_speakerA_paraphrase.wav,2,A,paraphrase,16,80.0,58.33333333333333,0.8284803032875061,0.45892083644866943,-0.36955946683883667,1.0,0.4166666666666667,47.595474421001875,0.42324125181883415,0
script2_speakerA_paraphrase.wav,2,A,paraphrase,16,81.0,74.33628318584071,0.8815594911575317,0.4845201373100281,-0.39703935384750366,2.0,0.4166666666666667,55.60531932752956,0.37360730155585076,0
script2_speakerA_paraphrase.wav,2,A,paraphrase,16,82.0,82.44274809160305,0.9322717189788818,0.4486680030822754,-0.48360371589660645,3.0,0.6666666666666666,71.7041215369257,0.5294973065395406,0
script2_speakerA_paraphrase.wav,2,A,paraphrase,16,84.0,62.5,0.6159489750862122,0.3965018689632416,-0.21944710612297058,5.0,0.6666666666666666,73.09301042581458,0.6463812601200898,1
script2_speakerA_paraphrase.wav,2,A,paraphrase,17,85.0,34.78260869565217,0.3685001730918884,0.17972493171691895,-0.18877524137496948,0.0,0.16666666666666666,59.90845226241841,0.46891226477362163,0
script2_speakerA_paraphrase.wav,2,A,paraphrase,17,86.0,54.41176470588236,0.41093283891677856,0.20190054178237915,-0.20903229713439941,1.0,0.3333333333333333,50.56479113384484,0.4645754204405815,0
script2_speakerA_paraphrase.wav,2,A,paraphrase,17,87.0,54.3046357615894,0.46813759207725525,0.20435398817062378,-0.26378360390663147,2.0,0.3888888888888889,47.83300305437464,0.30792799146910743,0
script2_speakerA_paraphrase.wav,2,A,paraphrase,17,88.0,60.12269938650307,0.5091727375984192,0.2327805608510971,-0.2763921767473221,3.0,0.5,56.27969995132494,0.46930665610468375,0
script2_speakerA_paraphrase.wav,2,A,paraphrase,17,89.0,38.27160493827161,0.4278876483440399,0.1737850308418274,-0.2541026175022125,4.0,0.5,50.89964669545469,0.4908034078182095,1
script2_speakerA_paraphrase.wav,2,A,paraphrase,18,90.0,25.0,0.07663144171237946,0.0297221802175045,-0.046909261494874954,0.0,0.06666666666666667,41.13143477492489,0.44859039552881247,0
script2_speakerA_paraphrase.wav,2,A,paraphrase,18,91.0,38.84892086330935,0.4704665541648865,0.042588602751493454,-0.427877951413393,1.0,0.13333333333333333,34.04017526719365,0.46825159189357757,0
script2_speakerA_paraphrase.wav,2,A,paraphrase,18,92.0,41.333333333333336,0.48024675250053406,0.03137478232383728,-0.4488719701766968,2.0,0.13333333333333333,35.060751398880896,0.3707865371001933,0
script2_speakerA_paraphrase.wav,2,A,paraphrase,18,93.0,42.2360248447205,0.507357120513916,0.04510990530252457,-0.46224721521139145,3.0,0.13333333333333333,40.80609301378773,0.6665944336923,1
script2_speakerA_paraphrase.wav,2,A,paraphrase,19,94.0,42.553191489361694,0.45723599195480347,0.1342240422964096,-0.32301194965839386,0.0,0.23076923076923078,42.04084988913851,0.5734307907027387,0
script2_speakerA_paraphrase.wav,2,A,paraphrase,19,95.0,75.40983606557377,0.5976531505584717,0.10743415355682373,-0.49021899700164795,1.0,0.6923076923076923,53.399684133218656,0.621332244300243,0
script2_speakerA_paraphrase.wav,2,A,paraphrase,19,96.0,87.59124087591242,0.7704178094863892,0.15966591238975525,-0.6107518970966339,2.0,0.8461538461538461,68.5180894769493,0.4279435084151345,0
script2_speakerA_paraphrase.wav,2,A,paraphrase,19,97.0,86.7132867132867,0.7641421556472778,0.1936330944299698,-0.570509061217308,3.0,0.8461538461538461,83.23812121825763,0.7700935054154056,1
script2_speakerA_paraphrase.wav,2,A,paraphrase,20,98.0,12.195121951219512,0.056627027690410614,0.04236506670713425,-0.014261960983276367,0.0,0.0,62.16654984680621,0.4155510156401161,0
script2_speakerA_paraphrase.wav,2,A,paraphrase,20,99.0,33.66336633663366,0.2246968150138855,0.007146339863538742,-0.21755047515034676,1.0,0.3076923076923077,44.190591667046625,0.49216690979024325,0
script2_speakerA_paraphrase.wav,2,A,paraphrase,20,100.0,44.927536231884055,0.16059480607509613,-0.002679264172911644,-0.16327407024800777,2.0,0.3076923076923077,30.262008173245743,0.281493792768306,0
script2_speakerA_paraphrase.wav,2,A,paraphrase,20,101.0,47.36842105263158,0.4624224007129669,0.07871109247207642,-0.3837113082408905,3.0,0.46153846153846156,41.986441207049765,0.47062766511019594,0
script2_speakerA_paraphrase.wav,2,A,paraphrase,20,102.0,57.49999999999999,0.6216890215873718,0.10482650250196457,-0.5168625190854073,4.0,0.6153846153846154,49.93198576150521,0.4389668012741916,0
script2_speakerA_paraphrase.wav,2,A,paraphrase,20,103.0,48.32214765100671,0.6195513010025024,0.19279888272285461,-0.4267524182796478,5.0,0.6153846153846154,51.063522901212764,0.5012657414405076,1
script2_speakerA_paraphrase.wav,2,A,paraphrase,21,104.0,28.8135593220339,0.5890321731567383,0.29362934827804565,-0.2954028248786926,0.0,0.18181818181818182,44.87856899101354,0.47369496338114836,0
script2_speakerA_paraphrase.wav,2,A,paraphrase,21,105.0,43.41085271317829,0.5487717986106873,0.2785983681678772,-0.27017343044281006,1.0,0.2727272727272727,40.18218656207297,0.4856056276234792,0
script2_speakerA_paraphrase.wav,2,A,paraphrase,21,106.0,57.71812080536913,0.5383046865463257,0.296105295419693,-0.2421993911266327,2.0,0.36363636363636365,43.31417761352711,0.43897740548423814,0
script2_speakerA_paraphrase.wav,2,A,paraphrase,21,107.0,59.756097560975604,0.5337003469467163,0.2451227307319641,-0.2885776162147522,3.0,0.45454545454545453,53.62835702650768,0.5901027010683578,0
script2_speakerA_paraphrase.wav,2,A,paraphrase,21,108.0,58.18181818181818,0.4848877787590027,0.24262364208698273,-0.24226413667201996,4.0,0.5454545454545454,58.55201218272097,0.4961707100911817,0
script2_speakerA_paraphrase.wav,2,A,paraphrase,21,109.0,56.44171779141105,0.562564492225647,0.1967567801475525,-0.3658077120780945,5.0,0.6363636363636364,58.12654451140161,0.4353980047196762,0
script2_speakerA_paraphrase.wav,2,A,paraphrase,21,110.0,45.45454545454546,0.3999229967594147,0.13724349439144135,-0.2626795023679733,6.0,0.6363636363636364,53.359360475924895,0.4626978843512202,1
script2_speakerA_paraphrase.wav,2,A,paraphrase,22,111.0,30.645161290322577,0.34656083583831787,0.12747372686862946,-0.21908710896968842,0.0,0.07692307692307693,44.18047484542636,0.39206569787382467,0
script2_speakerA_paraphrase.wav,2,A,paraphrase,22,112.0,50.70422535211267,0.37159568071365356,0.10205389559268951,-0.26954178512096405,1.0,0.15384615384615385,42.267977365660236,0.46363506902062146,0
script2_speakerA_paraphrase.wav,2,A,paraphrase,22,113.0,63.22580645161291,0.39758357405662537,0.10296630859375,-0.29461726546287537,2.0,0.23076923076923078,48.191731031349384,0.6000400405745556,0
script2_speakerA_paraphrase.wav,2,A,paraphrase,22,114.0,74.4186046511628,0.41650688648223877,0.10372699797153473,-0.31277988851070404,3.0,0.46153846153846156,62.782878818296126,0.5777649975891948,0
script2_speakerA_paraphrase.wav,2,A,paraphrase,22,115.0,64.67065868263472,0.34865206480026245,0.11957667768001556,-0.2290753871202469,4.0,0.46153846153846156,67.43835659513681,0.35761381149796695,0
script2_speakerA_paraphrase.wav,2,A,paraphrase,22,116.0,59.88023952095809,0.25604018568992615,0.19850477576255798,-0.057535409927368164,5.0,0.5384615384615384,66.32316761825187,0.47950555010667373,0
script2_speakerA_paraphrase.wav,2,A,paraphrase,22,118.0,58.62068965517242,0.5343707799911499,0.5704662799835205,0.036095499992370605,7.0,0.6153846153846154,61.057195952921745,0.5924822402461102,1
script2_speakerA_paraphrase.wav,2,A,paraphrase,23,119.0,35.55555555555555,0.43935108184814453,0.11262111365795135,-0.3267299681901932,0.0,0.18181818181818182,51.352161577228685,0.39054650090223786,0
script2_speakerA_paraphrase.wav,2,A,paraphrase,23,120.0,65.45454545454545,0.5436050891876221,0.23168602585792542,-0.31191906332969666,1.0,0.5454545454545454,53.21026355509114,0.7003265727184698,0
script2_speakerA_paraphrase.wav,2,A,paraphrase,23,121.0,83.46456692913385,0.7537885904312134,0.28662779927253723,-0.46716079115867615,2.0,0.7272727272727273,61.49155597974495,0.5103587012816596,0
script2_speakerA_paraphrase.wav,2,A,paraphrase,23,122.0,77.94117647058823,0.7362614870071411,0.30220943689346313,-0.434052050113678,3.0,0.7272727272727273,75.62009628475585,0.3612095548559189,1
script2_speakerA_paraphrase.wav,2,A,paraphrase,24,123.0,26.37362637362637,0.4714546501636505,0.16501779854297638,-0.30643685162067413,0.0,0.16666666666666666,62.59312325778282,0.4244686651830985,0
script2_speakerA_paraphrase.wav,2,A,paraphrase,24,124.0,55.04587155963303,0.7199909687042236,0.5057188272476196,-0.214272141456604,1.0,0.4166666666666667,53.120224801282546,0.6276013950143443,0
script2_speakerA_paraphrase.wav,2,A,paraphrase,24,125.0,75.75757575757575,0.8179589509963989,0.4774782061576843,-0.3404807448387146,2.0,0.5833333333333334,52.39235789694505,0.4566314293346159,0
script2_speakerA_paraphrase.wav,2,A,paraphrase,24,126.0,65.78947368421053,0.8610184192657471,0.5043297410011292,-0.3566886782646179,3.0,0.5833333333333334,65.53097366713978,0.42932134226385466,1
script2_speakerA_paraphrase.wav,2,A,paraphrase,25,127.0,33.333333333333336,0.40114694833755493,0.35906505584716797,-0.04208189249038696,0.0,0.125,58.293460925039874,0.4962268379667713,0
script2_speakerA_paraphrase.wav,2,A,paraphrase,25,128.0,55.670103092783506,0.5060799717903137,0.39890092611312866,-0.10717904567718506,1.0,0.125,51.59763670344246,0.4510924961924076,0
script2_speakerA_paraphrase.wav,2,A,paraphrase,25,129.0,67.27272727272727,0.5901859998703003,0.43347084522247314,-0.15671515464782715,2.0,0.375,52.09205456628137,0.3851196852886856,0
script2_speakerA_paraphrase.wav,2,A,paraphrase,25,130.0,61.78861788617886,0.7128257751464844,0.41480451822280884,-0.29802125692367554,3.0,0.5,61.577149417229876,0.36541565957811045,0
script2_speakerA_paraphrase.wav,2,A,paraphrase,25,131.0,62.4,0.5619626641273499,0.41772714257240295,-0.1442355215549469,4.0,0.5,63.82044838630204,0.47326735663349156,1
script2_speakerA_paraphrase.wav,2,A,paraphrase,26,132.0,43.2,0.1792931705713272,0.06208993121981621,-0.117203239351511,0.0,0.2,55.796205962059624,0.3679667792954752,0
script2_speakerA_paraphrase.wav,2,A,paraphrase,26,133.0,52.4822695035461,0.3292720913887024,0.12741291522979736,-0.20185917615890503,1.0,0.3333333333333333,52.69408983451537,0.38524055317140365,0
script2_speakerA_paraphrase.wav,2,A,paraphrase,26,134.0,57.14285714285714,0.3225739896297455,0.11919297277927399,-0.2033810168504715,2.0,0.3333333333333333,50.941708882134414,0.34529680212561176,0
script2_speakerA_paraphrase.wav,2,A,paraphrase,26,135.0,62.98342541436463,0.4963005781173706,0.11269894242286682,-0.3836016356945038,3.0,0.4,57.53618402025596,0.4257001296105787,0
script2_speakerA_paraphrase.wav,2,A,paraphrase,26,136.0,52.56410256410257,0.46755972504615784,0.08811268210411072,-0.3794470429420471,4.0,0.4,57.56346170710811,0.4594932640009874,1
script2_speakerA_paraphrase.wav,2,A,paraphrase,27,137.0,38.93805309734514,0.45334696769714355,0.4800102114677429,0.026663243770599365,0.0,0.3333333333333333,51.495193691937445,0.5865788390748321,0
script2_speakerA_paraphrase.wav,2,A,paraphrase,27,138.0,45.11278195488722,0.4542999565601349,0.35758528113365173,-0.09671467542648315,1.0,0.5,45.53831253877831,0.38731696753732336,0
script2_speakerA_paraphrase.wav,2,A,paraphrase,27,139.0,51.00671140939597,0.4330267608165741,0.32071834802627563,-0.11230841279029846,2.0,0.5,45.01918215387611,0.2814455927317031,0
script2_speakerA_paraphrase.wav,2,A,paraphrase,27,140.0,53.75,0.41586828231811523,0.30678075551986694,-0.10908752679824829,3.0,0.5833333333333334,49.956497788094396,0.3669341341782923,0
script2_speakerA_paraphrase.wav,2,A,paraphrase,27,141.0,54.54545454545454,0.3844751715660095,0.179080069065094,-0.20539510250091553,4.0,0.6666666666666666,53.10072198495017,0.390438310195656,0
script2_speakerA_paraphrase.wav,2,A,paraphrase,27,142.0,52.112676056338024,0.30586326122283936,0.17717516422271729,-0.12868809700012207,5.0,0.6666666666666666,53.46937686726419,0.6117153212842037,1
script2_speakerA_paraphrase.wav,2,A,paraphrase,28,143.0,18.181818181818176,0.11327429115772247,0.037247929722070694,-0.07602636143565178,0.0,0.0,41.61331626120358,0.2748666542626391,0
script2_speakerA_paraphrase.wav,2,A,paraphrase,28,144.0,46.4,0.592628002166748,0.14101853966712952,-0.45160946249961853,1.0,0.21428571428571427,38.89816474605207,0.3902450031780733,0
script2_speakerA_paraphrase.wav,2,A,paraphrase,28,145.0,52.77777777777778,0.6218622922897339,0.17602404952049255,-0.44583824276924133,2.0,0.35714285714285715,39.11986531986532,0.5165953837445048,0
script2_speakerA_paraphrase.wav,2,A,paraphrase,28,146.0,52.5,0.6696336269378662,0.15833231806755066,-0.5113013088703156,3.0,0.35714285714285715,50.55925925925926,0.502076703669588,0
script2_speakerA_paraphrase.wav,2,A,paraphrase,28,147.0,55.12820512820513,0.6708295345306396,0.1768152415752411,-0.49401429295539856,4.0,0.35714285714285715,53.46866096866097,0.6742119069844711,1
script2_speakerA_paraphrase.wav,2,A,paraphrase,29,148.0,41.12149532710281,0.4427325427532196,0.25163036584854126,-0.19110217690467834,0.0,0.16666666666666666,49.583233485102646,0.5087157906681035,0
script2_speakerA_paraphrase.wav,2,A,paraphrase,29,149.0,59.67741935483871,0.4761241674423218,0.12199397385120392,-0.35413019359111786,1.0,0.4166666666666667,51.975706603382214,0.4480520807606699,0
script2_speakerA_paraphrase.wav,2,A,paraphrase,29,150.0,72.10884353741497,0.5181581974029541,0.13455484807491302,-0.3836033493280411,2.0,0.5833333333333334,57.63591940645216,0.3646833237808529,0
script2_speakerA_paraphrase.wav,2,A,paraphrase,29,151.0,78.48101265822784,0.5859832167625427,0.14879223704338074,-0.437190979719162,3.0,0.6666666666666666,70.08909185016051,0.3881697547146713,0
script2_speakerA_paraphrase.wav,2,A,paraphrase,29,152.0,64.28571428571428,0.20409953594207764,-0.027315936982631683,-0.23141547292470932,4.0,0.6666666666666666,71.62519016045236,0.31333581130043,1
script2_speakerA_paraphrase.wav,2,A,paraphrase,30,153.0,32.96703296703297,-0.012575672939419746,0.09311487525701523,0.10569054819643497,0.0,0.0,58.57791997032503,0.34733882551207496,0
script2_speakerA_paraphrase.wav,2,A,paraphrase,30,154.0,54.54545454545454,-0.01784372329711914,0.04772874712944031,0.06557247042655945,1.0,0.09090909090909091,50.599400599400596,0.42521702761014685,0
script2_speakerA_paraphrase.wav,2,A,paraphrase,30,155.0,68.65671641791045,0.16021353006362915,0.22263479232788086,0.06242126226425171,2.0,0.36363636363636365,52.05640131013265,0.46882283887883364,0
script2_speakerA_paraphrase.wav,2,A,paraphrase,30,156.0,66.66666666666667,0.15796998143196106,0.20673584938049316,0.048765867948532104,3.0,0.36363636363636365,63.289612543343885,0.1941160863050072,1
script2_speakerA_paraphrase.wav,2,A,paraphrase,31,157.0,27.184466019417474,0.32355496287345886,0.14587344229221344,-0.17768152058124542,0.0,0.3076923076923077,54.169283034664865,0.5194823362573827,0
script2_speakerA_paraphrase.wav,2,A,paraphrase,31,158.0,46.666666666666664,0.4728970527648926,0.08224491029977798,-0.3906521424651146,1.0,0.3076923076923077,46.83926645091694,0.377390451670527,0
script2_speakerA_paraphrase.wav,2,A,paraphrase,31,159.0,47.76119402985075,0.5000982284545898,0.08459599316120148,-0.41550223529338837,2.0,0.3076923076923077,40.537442238644964,0.5280680874925858,0
script2_speakerA_paraphrase.wav,2,A,paraphrase,31,160.0,53.41614906832298,0.5798856616020203,0.04490235075354576,-0.5349833108484745,3.0,0.5384615384615384,49.28133658828013,0.5695029283163466,0
script2_speakerA_paraphrase.wav,2,A,paraphrase,31,161.0,49.006622516556284,0.38712984323501587,-0.04637926444411278,-0.43350910767912865,4.0,0.5384615384615384,50.06132187157667,0.37129396015165,1
script2_speakerA_paraphrase.wav,2,A,paraphrase,32,162.0,50.0,0.5765784978866577,0.17850154638290405,-0.39807695150375366,0.0,0.4444444444444444,50.80759052829309,0.6145536323675488,0
script2_speakerA_paraphrase.wav,2,A,paraphrase,32,163.0,65.64885496183206,0.8357329368591309,0.15589982271194458,-0.6798331141471863,1.0,0.6666666666666666,54.88515915946278,0.5099810878797358,0
script2_speakerA_paraphrase.wav,2,A,paraphrase,32,164.0,56.57894736842105,0.7690414786338806,0.07834884524345398,-0.6906926333904266,2.0,0.6666666666666666,57.409267443417704,0.42147935657176727,0
script2_speakerA_paraphrase.wav,2,A,paraphrase,32,165.0,61.71428571428572,0.6489171981811523,0.08814443647861481,-0.5607727617025375,3.0,0.7777777777777778,61.31402934817961,0.4027333394616755,0
script2_speakerA_paraphrase.wav,2,A,paraphrase,32,167.0,54.02298850574713,0.49382203817367554,0.1036619246006012,-0.39016011357307434,5.0,0.7777777777777778,57.43874052948463,0.377274985492672,1
script2_speakerA_paraphrase.wav,2,A,paraphrase,33,168.0,32.94117647058824,0.008975282311439514,-0.01130237802863121,-0.020277660340070724,0.0,0.18181818181818182,49.55948356354036,0.46858733446201606,0
script2_speakerA_paraphrase.wav,2,A,paraphrase,33,169.0,44.230769230769226,0.1646234393119812,0.051511310040950775,-0.11311212927103043,1.0,0.18181818181818182,43.73164473570153,0.4263041328952037,0
script2_speakerA_paraphrase.wav,2,A,paraphrase,33,170.0,58.914728682170534,0.4042923152446747,0.18854057788848877,-0.2157517373561859,2.0,0.2727272727272727,45.36222479450933,0.43354245631479094,0
script2_speakerA_paraphrase.wav,2,A,paraphrase,33,172.0,57.931034482758626,0.4652494490146637,0.35101503133773804,-0.11423441767692566,4.0,0.2727272727272727,53.692177465232795,0.5173740057372553,1
script2_speakerA_paraphrase.wav,2,A,paraphrase,34,173.0,22.680412371134018,0.15874798595905304,0.21590366959571838,0.057155683636665344,0.0,0.15384615384615385,46.508725178687726,0.5132718767732164,0
script2_speakerA_paraphrase.wav,2,A,paraphrase,34,174.0,44.24778761061947,0.22701811790466309,0.17564931511878967,-0.05136880278587341,1.0,0.3076923076923077,41.619744821504035,0.477989944688086,0
script2_speakerA_paraphrase.wav,2,A,paraphrase,34,175.0,47.40740740740741,0.09542465209960938,0.05030931532382965,-0.045115336775779724,2.0,0.38461538461538464,38.1118691297203,0.5121523169092908,0
script2_speakerA_paraphrase.wav,2,A,paraphrase,34,176.0,47.887323943661976,0.08800473064184189,0.038989339023828506,-0.04901539161801338,3.0,0.38461538461538464,46.51417298722962,0.3112559184498204,1
script2_speakerA_paraphrase.wav,2,A,paraphrase,35,177.0,30.08849557522124,0.3307984471321106,0.12668223679065704,-0.20411621034145355,0.0,0.0,41.79440897543021,0.35910352553594255,0
script2_speakerA_paraphrase.wav,2,A,paraphrase,35,178.0,49.6124031007752,0.4171629548072815,0.2540206015110016,-0.1631423532962799,1.0,0.07692307692307693,42.52940753988614,0.4081458467596491,0
script2_speakerA_paraphrase.wav,2,A,paraphrase,35,179.0,65.75342465753424,0.5631386041641235,0.3074286878108978,-0.2557099163532257,2.0,0.3076923076923077,48.48477444451022,0.5265521952299563,0
script2_speakerA_paraphrase.wav,2,A,paraphrase,35,180.0,80.72289156626506,0.7145236730575562,0.32482337951660156,-0.3897002935409546,3.0,0.5384615384615384,65.36290644152483,0.5628030104169387,0
script2_speakerA_paraphrase.wav,2,A,paraphrase,35,181.0,65.38461538461539,0.5575133562088013,0.293101042509079,-0.2644123136997223,4.0,0.5384615384615384,70.62031053613823,0.3732360474228352,0
script2_speakerA_paraphrase.wav,2,A,paraphrase,35,182.0,56.774193548387096,0.3281840682029724,0.2740950584411621,-0.0540890097618103,5.0,0.5384615384615384,67.62723349975585,0.5102742613060534,1
script2_speakerA_paraphrase.wav,2,A,paraphrase,36,183.0,29.78723404255319,0.3363514542579651,0.08529680967330933,-0.25105464458465576,0.0,0.16666666666666666,50.64868099185189,0.6257753701365969,0
script2_speakerA_paraphrase.wav,2,A,paraphrase,36,184.0,46.95652173913043,0.2809009850025177,0.24196794629096985,-0.03893303871154785,1.0,0.25,44.50598311002357,0.5943424719012954,0
script2_speakerA_paraphrase.wav,2,A,paraphrase,36,185.0,47.76119402985075,0.22877444326877594,0.14595723152160645,-0.0828172117471695,2.0,0.25,41.50164993717812,0.3470754727307516,0
script2_speakerA_paraphrase.wav,2,A,paraphrase,36,186.0,45.945945945945944,0.31000420451164246,0.4121790826320648,0.10217487812042236,3.0,0.25,46.88788723830904,0.6314937068329454,1
script2_speakerA_paraphrase.wav,2,A,paraphrase,37,187.0,20.68965517241379,0.2737314701080322,0.13970646262168884,-0.13402500748634338,0.0,0.0,38.13226504940349,0.5717509101177496,0
script2_speakerA_paraphrase.wav,2,A,paraphrase,37,188.0,31.999999999999996,0.3439345359802246,0.32273077964782715,-0.02120375633239746,1.0,0.0,32.87853370611991,0.3738263824404225,0
script2_speakerA_paraphrase.wav,2,A,paraphrase,37,189.0,42.73504273504274,0.4738956093788147,0.41420987248420715,-0.059685736894607544,2.0,0.2,31.808232635818843,0.46516027888533235,0
script2_speakerA_paraphrase.wav,2,A,paraphrase,37,190.0,55.47445255474452,0.518307089805603,0.40679100155830383,-0.1115160882472992,3.0,0.3,43.40316509659576,0.5033158242405897,0
script2_speakerA_paraphrase.wav,2,A,paraphrase,37,191.0,54.67625899280575,0.47932329773902893,0.46562299132347107,-0.013700306415557861,4.0,0.3,50.96191809419767,0.4185137696235341,1
script2_speakerA_paraphrase.wav,2,A,paraphrase,38,192.0,17.500000000000004,0.5891873240470886,0.2545091509819031,-0.33467817306518555,0.0,0.1,42.55023718251676,0.3810386630614677,0
script2_speakerA_paraphrase.wav,2,A,paraphrase,38,193.0,41.23711340206185,0.5802732706069946,0.23512667417526245,-0.3451465964317322,1.0,0.3,37.80445746495587,0.5413819334336352,0
script2_speakerA_paraphrase.wav,2,A,paraphrase,38,194.0,55.35714285714286,0.5694284439086914,0.23497381806373596,-0.33445462584495544,2.0,0.4,38.03141875306824,0.4544013274037389,0
script2_speakerA_paraphrase.wav,2,A,paraphrase,38,195.0,59.25925925925925,0.5116723775863647,0.2907441258430481,-0.22092825174331665,3.0,0.4,51.95117183948799,0.41442676600502304,0
script2_speakerA_paraphrase.wav,2,A,paraphrase,38,196.0,61.53846153846154,0.3202979862689972,0.17554226517677307,-0.14475572109222412,4.0,0.5,58.71828788495455,0.5495702955910006,0
script2_speakerA_paraphrase.wav,2,A,paraphrase,38,197.0,58.666666666666664,0.16588860750198364,0.22382308542728424,0.0579344779253006,5.0,0.5,59.82146248812915,0.482987953008494,1
script2_speakerA_paraphrase.wav,2,A,paraphrase,39,198.0,21.153846153846157,-0.06188725680112839,-0.014574265107512474,0.04731299169361591,0.0,0.09090909090909091,47.11965811965812,0.32699605121696906,0
script2_speakerA_paraphrase.wav,2,A,paraphrase,39,199.0,36.66666666666667,0.17754803597927094,0.09828577190637589,-0.07926226407289505,1.0,0.2727272727272727,38.82905982905983,0.4353507822444216,0
script2_speakerA_paraphrase.wav,2,A,paraphrase,39,200.0,52.23880597014925,0.446830153465271,0.12443791329860687,-0.3223922401666641,2.0,0.36363636363636365,36.68643959688736,0.37048534875562955,0
script2_speakerA_paraphrase.wav,2,A,paraphrase,39,201.0,52.980132450331126,0.4517868161201477,0.08525043725967407,-0.36653637886047363,3.0,0.45454545454545453,47.29520169571568,0.38911275021568537,0
script2_speakerA_paraphrase.wav,2,A,paraphrase,39,203.0,48.484848484848484,0.526671290397644,0.4254421591758728,-0.10122913122177124,5.0,0.45454545454545453,51.23459563510962,0.3691477548812165,1
script2_speakerA_paraphrase.wav,2,A,paraphrase,40,204.0,33.89830508474576,0.042891696095466614,0.13042709231376648,0.08753539621829987,0.0,0.08333333333333333,45.12109533997512,0.5223071256562277,0
script2_speakerA_paraphrase.wav,2,A,paraphrase,40,205.0,42.64705882352941,0.18526232242584229,0.170867457985878,-0.014394864439964294,1.0,0.25,41.676737464374554,0.4199623941266157,0
script2_speakerA_paraphrase.wav,2,A,paraphrase,40,206.0,51.28205128205128,0.20815768837928772,0.12450769543647766,-0.08364999294281006,2.0,0.3333333333333333,42.609138396775485,0.5502620385424032,0
script2_speakerA_paraphrase.wav,2,A,paraphrase,40,207.0,52.76073619631902,0.18476876616477966,0.10930012166500092,-0.07546864449977875,3.0,0.3333333333333333,48.89661543396657,0.3586021284522154,1
script2_speakerA_paraphrase.wav,2,A,paraphrase,41,208.0,13.461538461538458,0.47820281982421875,0.18601202964782715,-0.2921907901763916,0.0,0.07692307692307693,39.168108646636256,0.36908147434411537,0
script2_speakerA_paraphrase.wav,2,A,paraphrase,41,209.0,29.508196721311474,0.5692877769470215,0.14555533230304718,-0.4237324446439743,1.0,0.15384615384615385,31.910157126389652,0.5888075639541093,0
script2_speakerA_paraphrase.wav,2,A,paraphrase,41,210.0,39.71631205673759,0.44405966997146606,0.1040390282869339,-0.34002064168453217,2.0,0.23076923076923078,27.562015746529177,0.3993678688897964,0
script2_speakerA_paraphrase.wav,2,A,paraphrase,41,211.0,47.43589743589743,0.40477293729782104,0.08472971618175507,-0.320043221116066,3.0,0.3076923076923077,38.8868020713155,0.44621516864983224,0
script2_speakerA_paraphrase.wav,2,A,paraphrase,41,212.0,48.40764331210191,0.2933282256126404,0.029297247529029846,-0.26403097808361053,4.0,0.3076923076923077,45.18661760157898,0.36686803291261594,0
script2_speakerA_paraphrase.wav,2,A,paraphrase,41,213.0,52.56410256410257,0.30430787801742554,0.0999937355518341,-0.20431414246559143,5.0,0.3076923076923077,49.469214437367306,0.4727079416948843,0
script2_speakerA_paraphrase.wav,2,A,paraphrase,41,214.0,53.42465753424658,0.39822959899902344,0.21202245354652405,-0.1862071454524994,6.0,0.38461538461538464,51.46546780348368,0.3634316890799773,1
script2_speakerA_paraphrase.wav,2,A,paraphrase,42,215.0,28.301886792452834,0.33264678716659546,0.06562497466802597,-0.2670218124985695,0.0,0.15384615384615385,44.76354896360066,0.5475441317123982,0
script2_speakerA_paraphrase.wav,2,A,paraphrase,42,216.0,50.40650406504066,0.5793669819831848,0.26279935240745544,-0.31656762957572937,1.0,0.3076923076923077,44.044349463913356,0.5050218317925371,0
script2_speakerA_paraphrase.wav,2,A,paraphrase,42,217.0,55.319148936170215,0.635657012462616,0.25995466113090515,-0.3757023513317108,2.0,0.38461538461538464,44.675846597887904,0.6155414176624708,0
script2_speakerA_paraphrase.wav,2,A,paraphrase,42,218.0,70.3030303030303,0.7376748323440552,0.19729310274124146,-0.5403817296028137,3.0,0.5384615384615384,58.67622776808039,0.4939084602900921,0
script2_speakerA_paraphrase.wav,2,A,paraphrase,42,219.0,64.42953020134227,0.7635606527328491,0.2571547031402588,-0.5064059495925903,4.0,0.5384615384615384,63.35056981351426,0.2961419048310755,1
script2_speakerA_paraphrase.wav,2,A,paraphrase,43,220.0,16.666666666666664,0.26455482840538025,0.16978342831134796,-0.09477140009403229,0.0,0.14285714285714285,50.46640905701308,0.4048631232823285,0
script2_speakerA_paraphrase.wav,2,A,paraphrase,43,221.0,44.44444444444444,0.48361045122146606,0.1507754772901535,-0.33283497393131256,1.0,0.35714285714285715,41.84688043748446,0.5461456805466203,0
script2_speakerA_paraphrase.wav,2,A,paraphrase,43,222.0,74.19354838709677,0.9085423946380615,0.3707400858402252,-0.5378023087978363,2.0,0.6428571428571429,45.101553166069294,0.48750774894370164,0
script2_speakerA_paraphrase.wav,2,A,paraphrase,43,224.0,74.28571428571429,0.8967465162277222,0.3307158350944519,-0.5660306811332703,4.0,0.6428571428571429,64.3079023724185,0.31953469290335673,0
script2_speakerA_paraphrase.wav,2,A,paraphrase,43,225.0,67.62589928057554,0.8509223461151123,0.3347699046134949,-0.5161524415016174,5.0,0.6428571428571429,72.0350539844622,0.5669185185029986,1
script2_speakerA_paraphrase.wav,2,A,paraphrase,44,226.0,31.11111111111111,0.35006386041641235,0.11538781970739365,-0.2346760407090187,0.0,0.2727272727272727,57.67424155913365,0.7844768795652703,0
script2_speakerA_paraphrase.wav,2,A,paraphrase,44,227.0,58.71559633027523,0.6259758472442627,0.26055365800857544,-0.36542218923568726,1.0,0.5454545454545454,52.48420224065396,0.4234625651726488,0
script2_speakerA_paraphrase.wav,2,A,paraphrase,44,228.0,74.45255474452554,0.7988992929458618,0.24894000589847565,-0.5499592870473862,2.0,0.7272727272727273,54.759754061970625,0.6690791601368661,0
script2_speakerA_paraphrase.wav,2,A,paraphrase,44,229.0,74.64788732394366,0.7984669208526611,0.2268780767917633,-0.5715888440608978,3.0,0.7272727272727273,69.27201279958147,0.3893729481719753,1
script2_speakerA_paraphrase.wav,2,A,paraphrase,45,230.0,37.5,0.2200017273426056,0.19011959433555603,-0.02988213300704956,0.0,0.08333333333333333,62.2001473561564,0.376180562045926,0
script2_speakerA_paraphrase.wav,2,A,paraphrase,45,231.0,58.33333333333333,0.4667145311832428,0.18450526893138885,-0.28220926225185394,1.0,0.25,56.82707355242567,0.37518204852717024,0
script2_speakerA_paraphrase.wav,2,A,paraphrase,45,232.0,75.52447552447552,0.42742717266082764,0.051643453538417816,-0.3757837191224098,2.0,0.5,57.119269619269616,0.3925127290430558,0
script2_speakerA_paraphrase.wav,2,A,paraphrase,45,233.0,71.52317880794702,0.43499958515167236,0.06536068022251129,-0.36963890492916107,3.0,0.5,68.46032922191863,0.27102407650253646,1
script2_speakerA_paraphrase.wav,2,A,paraphrase,46,234.0,30.000000000000004,0.3842029273509979,0.4042632579803467,0.020060330629348755,0.0,0.16666666666666666,59.015884777474184,0.3948876131779384,0
script2_speakerA_paraphrase.wav,2,A,paraphrase,46,235.0,50.40650406504066,0.48722341656684875,0.35581403970718384,-0.13140937685966492,1.0,0.16666666666666666,50.64322762432923,0.3955443561083181,0
script2_speakerA_paraphrase.wav,2,A,paraphrase,46,236.0,54.54545454545454,0.512191116809845,0.3576704263687134,-0.1545206904411316,2.0,0.16666666666666666,44.983986203498404,0.5354612107779275,0
script2_speakerA_paraphrase.wav,2,A,paraphrase,46,237.0,58.666666666666664,0.5489916205406189,0.34192442893981934,-0.20706719160079956,3.0,0.25,54.539541759053954,0.4500461151205684,0
script2_speakerA_paraphrase.wav,2,A,paraphrase,46,238.0,50.34013605442177,0.4022591710090637,0.14070013165473938,-0.26155903935432434,4.0,0.25,54.51741908884766,0.3563654245457871,0
script2_speakerA_paraphrase.wav,2,A,paraphrase,46,240.0,43.42105263157895,0.3666592240333557,0.47849565744400024,0.11183643341064453,6.0,0.25,50.809285117555795,0.46853117196492844,1
script2_speakerA_paraphrase.wav,2,A,paraphrase,47,241.0,39.583333333333336,0.583088755607605,0.1486126184463501,-0.4344761371612549,0.0,0.25,44.44817400644469,0.5597055408507879,0
script2_speakerA_paraphrase.wav,2,A,paraphrase,47,242.0,61.40350877192983,0.6598962545394897,0.29087817668914795,-0.3690180778503418,1.0,0.4166666666666667,48.135964912280706,0.4589734864053691,0
script2_speakerA_paraphrase.wav,2,A,paraphrase,47,243.0,68.25396825396825,0.6773332357406616,0.29916495084762573,-0.3781682848930359,2.0,0.4166666666666667,56.41360345307714,0.5469075133368462,0
script2_speakerA_paraphrase.wav,2,A,paraphrase,47,244.0,66.66666666666667,0.6837172508239746,0.3056625723838806,-0.378054678440094,3.0,0.4166666666666667,65.44138123085492,0.25676253854857956,0
script2_speakerA_paraphrase.wav,2,A,paraphrase,47,246.0,49.152542372881356,0.4280436635017395,0.36513030529022217,-0.06291335821151733,5.0,0.4166666666666667,61.357725764505425,0.6013315587853368,1
script2_speakerA_paraphrase.wav,2,A,paraphrase,48,247.0,31.999999999999996,0.3926877975463867,0.048021066933870316,-0.3446667306125164,0.0,0.18181818181818182,49.27306967984934,0.48355216992738337,0
script2_speakerA_paraphrase.wav,2,A,paraphrase,48,248.0,59.57446808510638,0.6167908906936646,0.23027673363685608,-0.38651415705680847,1.0,0.2727272727272727,46.90900348599591,0.43984841040223954,0
script2_speakerA_paraphrase.wav,2,A,paraphrase,48,249.0,64.70588235294117,0.602788507938385,0.2655554711818695,-0.3372330367565155,2.0,0.2727272727272727,52.093450146015854,0.3243226974509741,0
script2_speakerA_paraphrase.wav,2,A,paraphrase,48,250.0,70.49180327868852,0.635727047920227,0.1830374002456665,-0.45268964767456055,3.0,0.36363636363636365,64.92405123891203,0.4700798506824895,0
script2_speakerA_paraphrase.wav,2,A,paraphrase,48,251.0,53.84615384615385,0.5835238695144653,0.3514396846294403,-0.23208418488502502,4.0,0.45454545454545453,63.01461315926118,0.6989096494144384,1
script2_speakerA_paraphrase.wav,2,A,paraphrase,49,252.0,42.22222222222223,0.6645464301109314,0.07365217804908752,-0.5908942520618439,0.0,0.25,55.52005978235486,0.43371813784837393,0
script2_speakerA_paraphrase.wav,2,A,paraphrase,49,253.0,46.93877551020408,0.6480044722557068,0.05499465391039848,-0.5930098183453083,1.0,0.3333333333333333,47.66905052619339,0.3705583876864398,0
script2_speakerA_paraphrase.wav,2,A,paraphrase,49,254.0,67.71653543307087,0.857020378112793,0.09523814171552658,-0.7617822363972664,2.0,0.75,52.292511055165726,0.5327534828668388,0
script2_speakerA_paraphrase.wav,2,A,paraphrase,49,255.0,61.870503597122294,0.853023886680603,0.09901724755764008,-0.754006639122963,3.0,0.75,58.841938180132416,0.5677071802760822,1
script2_speakerA_paraphrase.wav,2,A,paraphrase,50,256.0,43.18181818181818,0.7402392625808716,0.09064802527427673,-0.6495912373065948,0.0,0.25,57.58961907067045,0.3746585666059353,0
script2_speakerA_paraphrase.wav,2,A,paraphrase,50,257.0,53.608247422680414,0.791357159614563,0.07625424861907959,-0.7151029109954834,1.0,0.5,52.886856400540296,0.5300853867458243,0
script2_speakerA_paraphrase.wav,2,A,paraphrase,50,258.0,76.52173913043478,0.9155765771865845,0.09301692992448807,-0.8225596472620964,2.0,0.625,57.77060157831112,0.40356615428410514,0
script2_speakerA_paraphrase.wav,2,A,paraphrase,50,259.0,75.21367521367522,0.8693630695343018,0.14019903540611267,-0.7291640341281891,3.0,0.625,68.44788725559681,0.41427014233896803,1
script2_speakerA_paraphrase.wav,2,A,paraphrase,51,260.0,39.603960396039604,0.2517188489437103,0.0728369727730751,-0.17888187617063522,0.0,0.16666666666666666,63.77979158004987,0.46515620074786074,0
script2_speakerA_paraphrase.wav,2,A,paraphrase,51,261.0,52.17391304347826,0.6062658429145813,0.10792697966098785,-0.49833886325359344,1.0,0.3333333333333333,55.66384955106436,0.509743057052091,0
script2_speakerA_paraphrase.wav,2,A,paraphrase,51,262.0,61.53846153846154,0.7238030433654785,0.13610541820526123,-0.5876976251602173,2.0,0.4166666666666667,51.1054449926598,0.5164504138322403,0
script2_speakerA_paraphrase.wav,2,A,paraphrase,51,263.0,72.6027397260274,0.7877654433250427,0.13692410290241241,-0.6508413404226303,3.0,0.6666666666666666,62.10503810265573,0.7560633014437569,0
script2_speakerA_paraphrase.wav,2,A,paraphrase,51,264.0,69.06474820143885,0.828514814376831,0.19045622646808624,-0.6380585879087448,4.0,0.8333333333333334,67.7353164886426,0.6998410884167632,0
script2_speakerA_paraphrase.wav,2,A,paraphrase,51,265.0,62.5,0.6321250200271606,0.1813107281923294,-0.45081429183483124,5.0,0.8333333333333334,68.05582930915541,0.3771213517831259,1
script2_speakerA_paraphrase.wav,2,A,paraphrase,52,266.0,37.83783783783784,-0.002614558208733797,0.0044750794768333435,0.007089637685567141,0.0,0.1,56.46752867975889,0.3087510204252504,0
script2_speakerA_paraphrase.wav,2,A,paraphrase,52,267.0,56.48854961832062,0.344895601272583,0.15709532797336578,-0.18780027329921722,1.0,0.4,52.27546248538615,0.5752359408493392,0
script2_speakerA_paraphrase.wav,2,A,paraphrase,52,268.0,63.63636363636363,0.3516071140766144,0.15546295046806335,-0.19614416360855103,2.0,0.7,52.65425036417403,0.597447184836766,0
script2_speakerA_paraphrase.wav,2,A,paraphrase,52,269.0,67.90123456790124,0.4249596893787384,0.22195075452327728,-0.20300893485546112,3.0,0.8,62.6753826075285,0.5578403650271616,1
script2_speakerA_paraphrase.wav,2,A,paraphrase,53,270.0,39.21568627450981,0.4450419247150421,-0.016517240554094315,-0.46155916526913643,0.0,0.1875,56.917761492924896,0.46141241531215177,0
script2_speakerA_paraphrase.wav,2,A,paraphrase,53,271.0,62.18487394957983,0.5696500539779663,0.024991866201162338,-0.544658187776804,1.0,0.375,56.43393159733029,0.41648504249873125,0
script2_speakerA_paraphrase.wav,2,A,paraphrase,53,272.0,66.66666666666667,0.5111430883407593,0.06468325108289719,-0.4464598372578621,2.0,0.5,56.022408963585434,0.41071845510461885,0
script2_speakerA_paraphrase.wav,2,A,paraphrase,53,273.0,72.72727272727273,0.5202887058258057,0.09481269121170044,-0.4254760146141052,3.0,0.6875,67.19293778117307,0.48736484664077134,0
script2_speakerA_paraphrase.wav,2,A,paraphrase,53,274.0,55.55555555555556,0.26767343282699585,0.22387170791625977,-0.043801724910736084,4.0,0.6875,64.98316498316498,0.6143011507173683,1
script2_speakerA_paraphrase.wav,2,A,paraphrase,54,275.0,34.09090909090909,0.39387550950050354,0.39387550950050354,0.0,0.0,0.16666666666666666,54.12457912457913,0.5076540833714206,0
script2_speakerA_paraphrase.wav,2,A,paraphrase,54,276.0,69.4915254237288,0.527043342590332,0.527043342590332,0.0,1.0,0.5833333333333334,53.045996690064484,0.6532801580203964,0
script2_speakerA_paraphrase.wav,2,A,paraphrase,54,277.0,80.62015503875969,0.6777992248535156,0.6777992248535156,0.0,2.0,0.6666666666666666,61.40086318446586,0.46053307680640093,0
script2_speakerA_skip.wav,2,A,skip,0,1.0,14.70588235294118,0.2464503049850464,0.13546374440193176,-0.11098656058311462,0.0,0.09090909090909091,14.70588235294118,0.43021656050436796,0
script2_speakerA_skip.wav,2,A,skip,0,2.0,48.837209302325576,0.7340907454490662,0.12482485175132751,-0.6092658936977386,1.0,0.2727272727272727,31.77154582763338,0.4981953306845768,0
script2_speakerA_skip.wav,2,A,skip,0,3.0,77.47747747747748,0.8436200022697449,0.13787713646888733,-0.7057428658008575,2.0,0.7272727272727273,47.006856377581414,0.6385589236044531,0
script2_speakerA_skip.wav,2,A,skip,0,4.0,94.57364341085271,0.9288506507873535,0.14105172455310822,-0.7877989262342453,3.0,1.0,73.62944339688525,0.5030008061320883,1
script2_speakerA_skip.wav,2,A,skip,1,5.0,41.17647058823529,0.1433953493833542,-0.051239751279354095,-0.19463510066270828,0.0,0.38461538461538464,71.07586382552182,0.8075272389057049,0
script2_speakerA_skip.wav,2,A,skip,1,6.0,67.74193548387098,0.4533100128173828,-0.02479412592947483,-0.47810413874685764,1.0,0.6923076923076923,67.83068316098633,0.5529469168384421,0
script2_speakerA_skip.wav,2,A,skip,1,7.0,76.31578947368422,0.6406042575836182,0.05902566760778427,-0.5815785899758339,2.0,0.9230769230769231,61.74473184859683,0.4459269152122784,0
script2_speakerA_skip.wav,2,A,skip,1,8.0,86.74698795180723,0.9248472452163696,0.1658158153295517,-0.7590314298868179,3.0,1.0,76.9349043031208,0.46085670412799057,0
script2_speakerA_skip.wav,2,A,skip,1,10.0,64.40677966101696,0.7343175411224365,0.3859993517398834,-0.3483181893825531,5.0,1.0,75.8231856955028,0.49500177792917965,1
script2_speakerA_skip.wav,2,A,skip,2,11.0,23.809523809523814,0.10174961388111115,0.10207395255565643,0.0003243386745452881,0.0,0.15384615384615385,58.32109714078267,0.4721254974810974,0
script2_speakerA_skip.wav,2,A,skip,2,12.0,58.92857142857143,0.20699957013130188,0.27322515845298767,0.06622558832168579,1.0,0.23076923076923078,49.0482916330374,0.4801592105012008,0
script2_speakerA_skip.wav,2,A,skip,2,13.0,60.65573770491803,0.2062549591064453,0.308965802192688,0.10271084308624268,2.0,0.23076923076923078,47.797944314337755,0.37762202574405207,1
script2_speakerA_skip.wav,2,A,skip,3,14.0,49.43820224719101,0.42847537994384766,0.05820716917514801,-0.37026821076869965,0.0,0.3,56.34083712689349,0.5476592099765055,0
script2_speakerA_skip.wav,2,A,skip,3,15.0,47.05882352941176,0.3472030758857727,0.0457850806415081,-0.3014179952442646,1.0,0.3,52.38425449384027,0.4059762382451162,0
script2_speakerA_skip.wav,2,A,skip,3,16.0,56.73758865248226,0.4803217351436615,0.05660579353570938,-0.4237159416079521,2.0,0.5,51.07820480969501,0.5747820656837127,0
script2_speakerA_skip.wav,2,A,skip,3,18.0,59.602649006622514,0.45536303520202637,0.28136754035949707,-0.1739954948425293,4.0,0.5,54.466353729505514,0.32652071693529616,1
script2_speakerA_skip.wav,2,A,skip,4,19.0,41.07142857142857,0.5533133745193481,0.3391359746456146,-0.21417739987373352,0.0,0.14285714285714285,52.47055541017778,0.5546063113742309,0
script2_speakerA_skip.wav,2,A,skip,4,20.0,47.15447154471545,0.5230847001075745,0.28443264961242676,-0.2386520504951477,1.0,0.21428571428571427,49.27618304092218,0.37567932091566614,0
script2_speakerA_skip.wav,2,A,skip,4,21.0,68.96551724137932,0.6758443117141724,0.25135481357574463,-0.42448949813842773,2.0,0.42857142857142855,52.39713911917445,0.7213487830557497,0
script2_speakerA_skip.wav,2,A,skip,4,22.0,69.41176470588235,0.695906937122345,0.28924760222435,-0.406659334897995,3.0,0.5714285714285714,61.84391783065904,0.6490900615858207,0
script2_speakerA_skip.wav,2,A,skip,4,23.0,53.25443786982249,0.4385049343109131,0.42110300064086914,-0.017401933670043945,4.0,0.5714285714285714,63.87723993902805,0.4721567141109686,1
script2_speakerA_skip.wav,2,A,skip,5,24.0,37.5,0.493590772151947,0.1283819079399109,-0.36520886421203613,0.0,0.15384615384615385,53.38873419190161,0.4801870039148565,0
script2_speakerA_skip.wav,2,A,skip,5,25.0,54.13533834586466,0.5205546021461487,0.14445847272872925,-0.37609612941741943,1.0,0.3076923076923077,48.29659207189572,0.48398645806569196,0
script2_speakerA_skip.wav,2,A,skip,5,27.0,61.42857142857143,0.5716395974159241,0.12168894708156586,-0.4499506503343582,3.0,0.38461538461538464,51.021303258145366,0.3974997483634835,1
script2_speakerA_skip.wav,2,A,skip,6,28.0,38.53211009174312,0.4433257579803467,0.3084326684474945,-0.13489308953285217,0.0,0.3076923076923077,51.36533995539307,0.49296727837080384,0
script2_speakerA_skip.wav,2,A,skip,6,29.0,62.5,0.5471208095550537,0.33636271953582764,-0.21075809001922607,1.0,0.5384615384615384,54.15356050677152,0.6812786851660604,0
script2_speakerA_skip.wav,2,A,skip,6,30.0,75.32467532467533,0.4125760495662689,0.1323661208152771,-0.2802099287509918,2.0,0.7692307692307693,58.78559513880615,0.4651093817165906,0
script2_speakerA_skip.wav,2,A,skip,6,31.0,78.85714285714286,0.41432541608810425,0.1372605860233307,-0.27706483006477356,3.0,0.9230769230769231,72.22727272727273,0.48696374336799375,0
script2_speakerA_skip.wav,2,A,skip,6,32.0,69.93865030674846,0.32933592796325684,0.1358330100774765,-0.19350291788578033,4.0,0.9230769230769231,74.70682282952221,0.31663192659860073,1
script2_speakerA_skip.wav,2,A,skip,7,33.0,35.18518518518518,0.3517879843711853,0.11759373545646667,-0.23419424891471863,0.0,0.25,61.3269927830255,0.4838946621243799,0
script2_speakerA_skip.wav,2,A,skip,7,34.0,62.59541984732824,0.6755103468894958,0.20728354156017303,-0.4682268053293228,1.0,0.375,55.90641844642062,0.4156519457744525,0
script2_speakerA_skip.wav,2,A,skip,7,35.0,71.23287671232876,0.7228288650512695,0.2271018624305725,-0.495727002620697,2.0,0.5,56.337827248280725,0.5309968814899422,0
script2_speakerA_skip.wav,2,A,skip,7,36.0,82.63473053892216,0.7498247623443604,0.22326426208019257,-0.5265605002641678,3.0,0.625,72.15434236619305,0.5196838668357002,0
script2_speakerA_skip.wav,2,A,skip,7,37.0,71.62162162162163,0.7151939272880554,0.2460613250732422,-0.46913260221481323,4.0,0.6875,75.16307629095752,0.5038903591588874,0
script2_speakerA_skip.wav,2,A,skip,7,38.0,51.35135135135135,0.31119009852409363,0.1969071924686432,-0.11428290605545044,5.0,0.6875,68.53590117063172,0.6754808390473468,1
script2_speakerA_skip.wav,2,A,skip,8,39.0,32.32323232323232,0.47242844104766846,0.23889172077178955,-0.2335367202758789,0.0,0.26666666666666666,51.76540176540176,0.5136938449942822,0
script2_speakerA_skip.wav,2,A,skip,8,40.0,65.64885496183206,0.6586651802062988,0.4752216935157776,-0.18344348669052124,1.0,0.5333333333333333,49.774479545471905,0.6164355375271997,0
script2_speakerA_skip.wav,2,A,skip,8,41.0,77.77777777777779,0.7516912221908569,0.4653990864753723,-0.2862921357154846,2.0,0.6666666666666666,58.58328835428072,0.3805623459387745,1
script2_speakerA_skip.wav,2,A,skip,9,42.0,32.432432432432435,0.5372588634490967,0.2910996377468109,-0.24615922570228577,0.0,0.25,58.61968839068076,0.5840232227232222,0
script2_speakerA_skip.wav,2,A,skip,9,43.0,60.74074074074074,0.8189561367034912,0.6991719007492065,-0.11978423595428467,1.0,0.5,56.983650316983656,0.6095639076825556,0
script2_speakerA_skip.wav,2,A,skip,9,44.0,73.20261437908498,0.748585045337677,0.6255544424057007,-0.12303060293197632,2.0,0.5833333333333334,55.458595850752715,0.46012220171370516,0
script2_speakerA_skip.wav,2,A,skip,9,45.0,78.16091954022988,0.8000121116638184,0.6095031499862671,-0.19050896167755127,3.0,0.6666666666666666,70.7014248866852,0.4290545709971181,0
script2_speakerA_skip.wav,2,A,skip,9,46.0,64.73988439306359,0.6297011375427246,0.5603346824645996,-0.069366455078125,4.0,0.6666666666666666,72.03447277079282,0.4478348182685457,0
script2_speakerA_skip.wav,2,A,skip,9,47.0,56.287425149700596,0.3806351125240326,0.34908172488212585,-0.03155338764190674,5.0,0.6666666666666666,66.39607636099802,0.3717141541220686,1
script2_speakerA_skip.wav,2,A,skip,10,48.0,31.147540983606557,0.43443965911865234,0.44823169708251953,0.013792037963867188,0.0,0.06666666666666667,50.72495017545691,0.3990754906077567,0
script2_speakerA_skip.wav,2,A,skip,10,49.0,43.16546762589928,0.36142706871032715,0.4355182349681854,0.07409116625785828,1.0,0.13333333333333333,43.533477919735475,0.33365423355008134,0
script2_speakerA_skip.wav,2,A,skip,10,50.0,52.2875816993464,0.40647706389427185,0.4241805076599121,0.01770344376564026,2.0,0.26666666666666666,42.20019676961741,0.51956952921846,0
script2_speakerA_skip.wav,2,A,skip,10,51.0,58.82352941176471,0.5143628120422363,0.43414124846458435,-0.08022156357765198,3.0,0.3333333333333333,51.42552624567013,0.5684012084042497,0
script2_speakerA_skip.wav,2,A,skip,10,52.0,67.07317073170731,0.5307494401931763,0.3904254138469696,-0.14032402634620667,4.0,0.4666666666666667,59.394760614272805,0.47595055012196336,1
script2_speakerA_skip.wav,2,A,skip,11,53.0,16.981132075471695,0.25646740198135376,0.0241550300270319,-0.23231237195432186,0.0,0.14285714285714285,47.62594407298124,0.4637615385219889,0
script2_speakerA_skip.wav,2,A,skip,11,54.0,40.98360655737705,0.5017794370651245,0.05322900041937828,-0.44855043664574623,1.0,0.2857142857142857,41.679303121518686,0.4483279252817875,0
script2_speakerA_skip.wav,2,A,skip,11,55.0,56.95364238410596,0.3449064791202545,0.02252662181854248,-0.32237985730171204,2.0,0.35714285714285715,38.30612700565157,0.36985362561528673,0
script2_speakerA_skip.wav,2,A,skip,11,56.0,58.82352941176471,0.4129737317562103,0.16625630855560303,-0.2467174232006073,3.0,0.5,52.25359278441591,0.4352488848507701,0
script2_speakerA_skip.wav,2,A,skip,11,57.0,59.77011494252873,0.4383465647697449,0.20359264314174652,-0.23475392162799835,4.0,0.6428571428571429,58.515762246133136,0.44505337425641645,0
script2_speakerA_skip.wav,2,A,skip,11,58.0,52.071005917159766,0.22778081893920898,0.17423291504383087,-0.05354790389537811,5.0,0.6428571428571429,56.88821675715107,0.2923222955403689,0
script2_speakerA_skip.wav,2,A,skip,11,59.0,46.25,0.2847534418106079,0.3795374631881714,0.09478402137756348,6.0,0.6428571428571429,52.69704028656283,0.6353215186646256,1
script2_speakerA_skip.wav,2,A,skip,12,60.0,17.821782178217827,0.01188640482723713,-0.02394356206059456,-0.03582996688783169,0.0,0.07142857142857142,38.714262698459194,0.44205568159288994,0
script2_speakerA_skip.wav,2,A,skip,12,61.0,39.682539682539684,-0.06757986545562744,0.01720452308654785,0.08478438854217529,1.0,0.07142857142857142,34.58477395358584,0.2757094209103309,0
script2_speakerA_skip.wav,2,A,skip,12,62.0,56.209150326797385,0.23331893980503082,0.0684976577758789,-0.16482128202915192,2.0,0.42857142857142855,37.904490729184964,0.5157033932649201,0
script2_speakerA_skip.wav,2,A,skip,12,63.0,63.47305389221557,0.23200109601020813,0.048402879387140274,-0.18359821662306786,3.0,0.5,53.12158130051755,0.2796143830672541,0
script2_speakerA_skip.wav,2,A,skip,12,64.0,60.60606060606061,0.3703313171863556,0.10160757601261139,-0.2687237411737442,4.0,0.5,60.09608827502452,0.36089246304614087,0
script2_speakerA_skip.wav,2,A,skip,12,65.0,60.130718954248366,0.47161102294921875,0.14403745532035828,-0.3275735676288605,5.0,0.5,61.40327781750818,0.6501208777984443,1
script2_speakerA_skip.wav,2,A,skip,13,66.0,39.63963963963963,0.2606677711009979,0.16033142805099487,-0.10033634305000305,0.0,0.26666666666666666,53.45880639998287,0.5030138352669535,0
script2_speakerA_skip.wav,2,A,skip,13,67.0,62.68656716417911,0.6279494166374207,0.30704477429389954,-0.3209046423435211,1.0,0.4,54.15230858602237,0.4033634144616529,0
script2_speakerA_skip.wav,2,A,skip,13,68.0,71.05263157894737,0.608117401599884,0.2856236398220062,-0.3224937617778778,2.0,0.4666666666666667,57.792946127588706,0.472203441400945,0
script2_speakerA_skip.wav,2,A,skip,13,69.0,78.04878048780488,0.6307849884033203,0.2783180773258209,-0.3524669110774994,3.0,0.6666666666666666,70.59599307697712,0.5996413594625625,0
script2_speakerA_skip.wav,2,A,skip,13,70.0,71.14093959731544,0.4555421471595764,0.4046807885169983,-0.050861358642578125,4.0,0.7333333333333333,73.4141172213559,0.5145105871219012,1
script2_speakerA_skip.wav,2,A,skip,14,71.0,20.75471698113207,0.3413723111152649,0.1175578236579895,-0.2238144874572754,0.0,0.14285714285714285,56.648145688750795,0.6030538704920031,0
script2_speakerA_skip.wav,2,A,skip,14,72.0,45.714285714285715,0.32782989740371704,0.03547579050064087,-0.29235410690307617,1.0,0.14285714285714285,45.86998076424441,0.3263714948067167,0
script2_speakerA_skip.wav,2,A,skip,14,73.0,52.56410256410257,0.45851930975914,0.10786949843168259,-0.35064981132745743,2.0,0.2857142857142857,39.67770175317345,0.48109745995913594,0
script2_speakerA_skip.wav,2,A,skip,14,74.0,57.80346820809248,0.41569963097572327,0.08221706002950668,-0.3334825709462166,3.0,0.42857142857142855,52.02728549549359,0.31240958069510644,0
script2_speakerA_skip.wav,2,A,skip,14,75.0,58.563535911602216,0.4517464339733124,0.1665101945400238,-0.2852362394332886,4.0,0.5714285714285714,56.31036889459909,0.5675639360575389,0
script2_speakerA_skip.wav,2,A,skip,14,76.0,64.1025641025641,0.47776779532432556,0.15557706356048584,-0.3221907317638397,5.0,0.5714285714285714,60.15652274075293,0.361412324553812,1
script2_speakerA_skip.wav,2,A,skip,15,77.0,28.31858407079646,0.5022106170654297,0.22241701185703278,-0.2797936052083969,0.0,0.2,50.32822802832093,0.42227609001264044,0
script2_speakerA_skip.wav,2,A,skip,15,78.0,51.515151515151516,0.6481642723083496,0.2833428680896759,-0.3648214042186737,1.0,0.3333333333333333,47.97876656283736,0.4354177388725689,0
script2_speakerA_skip.wav,2,A,skip,15,79.0,64.47368421052632,0.6456977128982544,0.2648220658302307,-0.3808756470680237,2.0,0.4,48.10247326549143,0.46808590266798045,0
script2_speakerA_skip.wav,2,A,skip,15,80.0,72.09302325581395,0.770341157913208,0.30731528997421265,-0.46302586793899536,3.0,0.5333333333333333,62.69395299383059,0.4396042037423178,0
script2_speakerA_skip.wav,2,A,skip,15,81.0,70.52023121387283,0.43033358454704285,0.27843740582466125,-0.1518961787223816,4.0,0.6666666666666666,69.02897956007104,0.44791440061352816,0
script2_speakerA_skip.wav,2,A,skip,15,82.0,58.53658536585367,0.27659493684768677,0.18472915887832642,-0.09186577796936035,5.0,0.6666666666666666,67.04994661184682,0.4340335018183644,0
script2_speakerA_skip.wav,2,A,skip,15,83.0,51.80722891566265,0.24583005905151367,0.2564704418182373,0.010640382766723633,6.0,0.6666666666666666,60.288015165129714,0.4400021228135783,1
script2_speakerA_skip.wav,2,A,skip,16,85.0,39.53488372093024,0.3814850449562073,0.2620418071746826,-0.11944323778152466,0.0,0.25,49.95956600081552,0.5646148781361815,0
script2_speakerA_skip.wav,2,A,skip,16,86.0,56.60377358490566,0.535760760307312,0.21412703394889832,-0.3216337263584137,1.0,0.4166666666666667,49.31529540716618,0.45202959789643454,0
script2_speakerA_skip.wav,2,A,skip,16,87.0,55.65217391304348,0.42974853515625,0.11850570142269135,-0.31124283373355865,2.0,0.4166666666666667,50.59694373962646,0.41386222279361684,1
script2_speakerA_skip.wav,2,A,skip,17,88.0,43.333333333333336,0.47614091634750366,0.10162214934825897,-0.3745187669992447,0.0,0.2777777777777778,51.86309361042749,0.5761559706328322,0
script2_speakerA_skip.wav,2,A,skip,17,89.0,59.31034482758621,0.5945429801940918,0.1422210931777954,-0.4523218870162964,1.0,0.4444444444444444,52.76528402465434,0.48146364502879024,0
script2_speakerA_skip.wav,2,A,skip,17,90.0,73.05389221556887,0.730782151222229,0.2144436091184616,-0.5163385421037674,2.0,0.5555555555555556,58.565856792162805,0.6119044546639637,0
script2_speakerA_skip.wav,2,A,skip,17,91.0,75.82417582417582,0.9131134748458862,0.2954212725162506,-0.6176922023296356,3.0,0.6666666666666666,69.39613762244363,0.5415144443157793,0
script2_speakerA_skip.wav,2,A,skip,17,92.0,77.10843373493977,0.8666177988052368,0.3438820242881775,-0.5227357745170593,4.0,0.7777777777777778,75.32883392489482,0.4506387586841509,0
script2_speakerA_skip.wav,2,A,skip,17,93.0,56.55172413793104,0.6184672713279724,0.38147681951522827,-0.23699045181274414,5.0,0.7777777777777778,69.82811123234887,0.6893228607876147,1
script2_speakerA_skip.wav,2,A,skip,18,94.0,33.333333333333336,0.2334606945514679,0.17783933877944946,-0.05562135577201843,0.0,0.26666666666666666,55.66449706873471,0.5686495008666506,0
script2_speakerA_skip.wav,2,A,skip,18,95.0,60.13986013986015,0.735291600227356,0.24989107251167297,-0.485400527715683,1.0,0.4666666666666667,50.00830587037484,0.4381327614486147,0
script2_speakerA_skip.wav,2,A,skip,18,96.0,72.15189873417722,0.8484531044960022,0.264024019241333,-0.5844290852546692,2.0,0.6666666666666666,55.20836406912357,0.5706088961219968,0
script2_speakerA_skip.wav,2,A,skip,18,97.0,77.19298245614034,0.92209792137146,0.25555944442749023,-0.6665384769439697,3.0,0.7333333333333333,69.82824711005924,0.4170676040170382,0
script2_speakerA_skip.wav,2,A,skip,18,98.0,71.69811320754718,0.9331730604171753,0.21823164820671082,-0.7149414122104645,4.0,0.8666666666666667,73.68099813262158,0.41171318563583015,0
script2_speakerA_skip.wav,2,A,skip,18,99.0,53.03030303030303,0.5252563953399658,0.3121575713157654,-0.21309882402420044,5.0,0.8666666666666667,67.30713289799685,0.49151419479504027,1
script2_speakerA_skip.wav,2,A,skip,19,100.0,42.553191489361694,0.6121736168861389,0.20425792038440704,-0.4079156965017319,0.0,0.23076923076923078,55.76053590907063,0.5618060703969057,0
script2_speakerA_skip.wav,2,A,skip,19,101.0,69.02654867256636,0.613289475440979,0.16115126013755798,-0.452138215303421,1.0,0.5384615384615384,54.870014397410365,0.6585439190556334,0
script2_speakerA_skip.wav,2,A,skip,19,102.0,95.0354609929078,0.842563271522522,0.2515306770801544,-0.5910325944423676,2.0,0.9230769230769231,68.87173371827862,0.543248005158806,0
script2_speakerA_skip.wav,2,A,skip,19,103.0,89.93288590604027,0.768474817276001,0.2763834297657013,-0.4920913875102997,3.0,0.9230769230769231,84.66496519050482,0.2818255011593377,1
script2_speakerA_skip.wav,2,A,skip,20,104.0,12.195121951219512,0.30778443813323975,0.060510341078042984,-0.24727409705519676,0.0,0.15384615384615385,65.72115628338919,0.5894326705872754,0
script2_speakerA_skip.wav,2,A,skip,20,105.0,52.33644859813084,0.2633216977119446,-0.004100240767002106,-0.2674219384789467,1.0,0.38461538461538464,51.488152151796875,0.4043133633151463,0
script2_speakerA_skip.wav,2,A,skip,20,106.0,60.60606060606061,0.16094128787517548,0.013286873698234558,-0.14765441417694092,2.0,0.46153846153846156,41.71254371847032,0.312723997524488,0
script2_speakerA_skip.wav,2,A,skip,20,107.0,58.285714285714285,0.2330893576145172,0.02532465010881424,-0.20776470750570297,3.0,0.5384615384615384,57.07607449663524,0.46423089207598783,0
script2_speakerA_skip.wav,2,A,skip,20,108.0,54.054054054054056,0.18497402966022491,0.06763529777526855,-0.11733873188495636,4.0,0.5384615384615384,57.64860964860965,0.39548027273574554,1
script2_speakerA_skip.wav,2,A,skip,21,109.0,14.814814814814813,0.005954202264547348,0.012856896966695786,0.0069026947021484375,0.0,0.0,42.38486105152772,0.39859039659289364,0
script2_speakerA_skip.wav,2,A,skip,21,110.0,29.75206611570248,0.3122889995574951,0.061230264604091644,-0.2510587349534035,1.0,0.09090909090909091,32.873644994857116,0.3737962289691843,0
script2_speakerA_skip.wav,2,A,skip,21,111.0,33.84615384615385,0.3148385286331177,0.05083013325929642,-0.26400839537382126,2.0,0.09090909090909091,26.13767825889038,0.42249002929603774,0
script2_speakerA_skip.wav,2,A,skip,21,112.0,50.331125827814574,0.5146690607070923,0.21919305622577667,-0.2954760044813156,3.0,0.18181818181818182,37.97644859655696,0.35452039928258394,0
script2_speakerA_skip.wav,2,A,skip,21,113.0,49.382716049382715,0.6274409294128418,0.32439011335372925,-0.30305081605911255,4.0,0.2727272727272727,44.519998574450376,0.294837070163297,0
script2_speakerA_skip.wav,2,A,skip,21,114.0,56.14035087719298,0.38156044483184814,0.2116890847682953,-0.16987136006355286,5.0,0.2727272727272727,51.95139758479676,0.40289384070675816,0
script2_speakerA_skip.wav,2,A,skip,21,115.0,54.85714285714286,0.5615384578704834,0.23543885350227356,-0.32609960436820984,6.0,0.45454545454545453,53.46006992790618,0.4403410633573603,0
script2_speakerA_skip.wav,2,A,skip,21,116.0,43.75,0.28070175647735596,0.13195452094078064,-0.14874723553657532,7.0,0.45454545454545453,51.58249791144528,0.7854616217080747,1
script2_speakerA_skip.wav,2,A,skip,22,117.0,26.66666666666667,0.3270307183265686,0.14517974853515625,-0.18185096979141235,0.0,0.07692307692307693,41.75793650793651,0.3522223400362321,0
script2_speakerA_skip.wav,2,A,skip,22,118.0,43.99999999999999,0.2596108913421631,0.1329425722360611,-0.126668319106102,1.0,0.15384615384615385,38.138888888888886,0.5386460942177906,0
script2_speakerA_skip.wav,2,A,skip,22,119.0,53.086419753086425,0.5284029245376587,0.2995051145553589,-0.2288978099822998,2.0,0.23076923076923078,41.251028806584365,0.5901799855960745,0
script2_speakerA_skip.wav,2,A,skip,22,120.0,62.5,0.5443651676177979,0.30692315101623535,-0.2374420166015625,3.0,0.3076923076923077,53.19547325102881,0.3500798787716934,0
script2_speakerA_skip.wav,2,A,skip,22,121.0,58.88888888888889,0.3945731222629547,0.17641115188598633,-0.21816197037696838,4.0,0.46153846153846156,58.15843621399177,0.3522639982680853,0
script2_speakerA_skip.wav,2,A,skip,22,122.0,61.728395061728406,0.6490817070007324,0.5197545886039734,-0.12932711839675903,5.0,0.5384615384615384,61.03909465020577,0.43099824498259626,0
script2_speakerA_skip.wav,2,A,skip,22,123.0,53.503184713375795,0.41748547554016113,0.3951951861381531,-0.022290289402008057,6.0,0.5384615384615384,58.04015622133103,0.38347946720823833,0
script2_speakerA_skip.wav,2,A,skip,22,126.0,45.67901234567901,0.3826233744621277,0.43760696053504944,0.05498358607292175,9.0,0.5384615384615384,53.636864040261074,0.7254565847102027,1
script2_speakerA_skip.wav,2,A,skip,26,127.0,41.32231404958677,0.3749639689922333,0.03174925222992897,-0.3432147167623043,0.0,0.26666666666666666,46.83483703621386,0.6489175688100425,0
script2_speakerA_skip.wav,2,A,skip,26,128.0,57.55395683453237,0.6002242565155029,0.08950085937976837,-0.5107233971357346,1.0,0.4,48.18509440993272,0.4541193136894713,0
script2_speakerA_skip.wav,2,A,skip,26,129.0,55.62130177514793,0.5878464579582214,0.10830528289079666,-0.4795411750674248,2.0,0.4,51.499190886422355,0.3273178702895274,0
script2_speakerA_skip.wav,2,A,skip,26,130.0,64.1711229946524,0.6997274160385132,0.08168593049049377,-0.6180414855480194,3.0,0.5333333333333333,59.11546053477757,0.5433921661168265,0
script2_speakerA_skip.wav,2,A,skip,26,132.0,50.0,0.5666229724884033,0.2896016538143158,-0.2770213186740875,5.0,0.5333333333333333,56.59747492326678,0.5662291964991127,1
script2_speakerA_skip.wav,2,A,skip,27,133.0,28.301886792452834,0.22057923674583435,0.10379787534475327,-0.11678136140108109,0.0,0.16666666666666666,47.491003262368416,0.560592835958057,0
script2_speakerA_skip.wav,2,A,skip,27,134.0,49.6124031007752,0.4038788080215454,0.19859452545642853,-0.20528428256511688,1.0,0.25,42.63809663107601,0.45716968371514344,0
script2_speakerA_skip.wav,2,A,skip,27,135.0,56.52173913043479,0.41531282663345337,0.21606303751468658,-0.19924978911876678,2.0,0.3333333333333333,44.812009674554275,0.37115312846738946,0
script2_speakerA_skip.wav,2,A,skip,27,136.0,72.25806451612904,0.6291580200195312,0.30191347002983093,-0.3272445499897003,3.0,0.4166666666666667,59.46406891577968,0.4810400881974765,0
script2_speakerA_skip.wav,2,A,skip,27,137.0,57.74647887323944,0.543696939945221,0.33118030428886414,-0.2125166356563568,4.0,0.4166666666666667,62.17542750660109,0.3162079233861915,1
script2_speakerA_skip.wav,2,A,skip,28,138.0,28.000000000000004,0.23942643404006958,0.07654280215501785,-0.16288363188505173,0.0,0.2857142857142857,52.668181129789495,0.47459073552568076,0
script2_speakerA_skip.wav,2,A,skip,28,139.0,59.01639344262295,0.490725040435791,0.2848842740058899,-0.20584076642990112,1.0,0.42857142857142855,48.25429077195413,0.6294900911017964,0
script2_speakerA_skip.wav,2,A,skip,28,140.0,70.27027027027026,0.8365315198898315,0.3047611117362976,-0.5317704081535339,2.0,0.5714285714285714,52.42888790429774,0.3922408036850901,0
script2_speakerA_skip.wav,2,A,skip,28,141.0,67.46987951807229,0.7924307584762573,0.3384643495082855,-0.4539664089679718,3.0,0.5714285714285714,65.58551441032184,0.36924939302762494,0
script2_speakerA_skip.wav,2,A,skip,28,142.0,70.3030303030303,0.7886379957199097,0.25137531757354736,-0.5372626781463623,4.0,0.6428571428571429,69.34772669712429,0.44468141791610516,0
script2_speakerA_skip.wav,2,A,skip,28,144.0,50.306748466257666,0.5500909090042114,0.25098422169685364,-0.2991066873073578,6.0,0.6428571428571429,62.693219429120084,0.40792206642477635,1
script2_speakerA_skip.wav,2,A,skip,29,145.0,40.74074074074075,0.39148151874542236,0.1672828495502472,-0.22419866919517517,0.0,0.25,53.783506503342906,0.3702214116397864,0
script2_speakerA_skip.wav,2,A,skip,29,146.0,58.26771653543308,0.3640820384025574,0.1929505467414856,-0.17113149166107178,1.0,0.4166666666666667,49.77173524747717,0.38868381328567747,0
script2_speakerA_skip.wav,2,A,skip,29,147.0,70.66666666666667,0.4611562490463257,0.1880405843257904,-0.2731156647205353,2.0,0.5833333333333334,56.5583746476135,0.43586461128903203,0
script2_speakerA_skip.wav,2,A,skip,29,148.0,72.72727272727273,0.4605555534362793,0.17939141392707825,-0.28116413950920105,3.0,0.6666666666666666,67.2205519764575,0.22958253650976362,1
script2_speakerA_skip.wav,2,A,skip,30,149.0,26.96629213483146,0.10694782435894012,0.09418287873268127,-0.01276494562625885,0.0,0.0,56.78674384292362,0.533725453723207,0
script2_speakerA_skip.wav,2,A,skip,30,150.0,55.55555555555556,0.13341496884822845,0.12638065218925476,-0.007034316658973694,1.0,0.2727272727272727,51.74970680588658,0.5592170612192536,0
script2_speakerA_skip.wav,2,A,skip,30,151.0,67.71653543307087,0.2928868532180786,0.30964022874832153,0.01675337553024292,2.0,0.5454545454545454,50.079461041152626,0.5469848604302974,0
script2_speakerA_skip.wav,2,A,skip,30,152.0,66.66666666666667,0.278511106967926,0.29762518405914307,0.01911407709121704,3.0,0.5454545454545454,63.312919218431034,0.392126835778465,1
script2_speakerA_skip.wav,2,A,skip,31,153.0,22.680412371134018,0.3836541473865509,0.06574100255966187,-0.31791314482688904,0.0,0.23076923076923078,52.35453815695719,0.7191940872977487,0
script2_speakerA_skip.wav,2,A,skip,31,154.0,52.38095238095239,0.5703533291816711,0.178982213139534,-0.39137111604213715,1.0,0.38461538461538464,47.24267713958436,0.42781661080981426,0
script2_speakerA_skip.wav,2,A,skip,31,155.0,59.42028985507246,0.5431853532791138,0.1568857729434967,-0.38629958033561707,2.0,0.46153846153846156,44.82721820238629,0.5973039475787949,0
script2_speakerA_skip.wav,2,A,skip,31,156.0,75.0,0.6516147255897522,0.1943705677986145,-0.4572441577911377,3.0,0.6923076923076923,62.267080745341616,0.4421382551156937,0
script2_speakerA_skip.wav,2,A,skip,31,157.0,65.86826347305389,0.435237318277359,0.09841702878475189,-0.3368202894926071,4.0,0.7692307692307693,66.76285110937545,0.398474831462561,1
script2_speakerA_skip.wav,2,A,skip,32,158.0,36.1904761904762,0.35767245292663574,0.1544240564107895,-0.20324839651584625,0.0,0.3333333333333333,59.01957988784336,0.5150848229004689,0
script2_speakerA_skip.wav,2,A,skip,32,159.0,55.47445255474452,0.49879512190818787,0.1334819197654724,-0.36531320214271545,1.0,0.5555555555555556,52.5110640727582,0.421135852661307,0
script2_speakerA_skip.wav,2,A,skip,32,160.0,58.68263473053892,0.42516493797302246,0.06126158684492111,-0.36390335112810135,2.0,0.5555555555555556,50.11585449191988,0.38276477315625507,0
script2_speakerA_skip.wav,2,A,skip,32,161.0,53.807106598984774,0.3255864381790161,-0.016753345727920532,-0.34233978390693665,3.0,0.6666666666666666,55.988064628089404,0.44557107415136316,0
script2_speakerA_skip.wav,2,A,skip,32,162.0,41.48936170212766,0.2414635568857193,0.05752992257475853,-0.18393363431096077,4.0,0.6666666666666666,51.32636767721712,0.28523903837367,0
script2_speakerA_skip.wav,2,A,skip,32,164.0,39.77272727272727,0.2446821630001068,0.3501397669315338,0.105457603931427,6.0,0.6666666666666666,45.023065191279905,0.6968390940640352,1
script2_speakerA_skip.wav,2,A,skip,33,165.0,31.68316831683168,0.1306806206703186,0.16812534630298615,0.03744472563266754,0.0,0.0,37.64841909722887,0.3897808503541975,0
script2_speakerA_skip.wav,2,A,skip,33,166.0,38.4,0.0756949856877327,0.17286276817321777,0.09716778248548508,1.0,0.09090909090909091,36.618631863186316,0.4895532592770442,0
script2_speakerA_skip.wav,2,A,skip,33,167.0,39.16083916083915,0.05046200752258301,0.1900312602519989,0.1395692527294159,2.0,0.09090909090909091,36.41466915922361,0.4827227619833081,0
script2_speakerA_skip.wav,2,A,skip,33,168.0,38.9937106918239,0.09407881647348404,0.2068047970533371,0.11272598057985306,3.0,0.09090909090909091,38.85151661755435,0.3561348144783696,1
script2_speakerA_skip.wav,2,A,skip,34,169.0,43.63636363636364,0.5355355739593506,0.2163364291191101,-0.3191991448402405,0.0,0.23076923076923078,40.596971163008895,0.5728601464959399,0
script2_speakerA_skip.wav,2,A,skip,34,170.0,59.67741935483871,0.6168292760848999,0.21221640706062317,-0.40461286902427673,1.0,0.46153846153846156,47.435831227675415,0.661515203098373,0
script2_speakerA_skip.wav,2,A,skip,34,171.0,77.46478873239437,0.7476051449775696,0.22418799996376038,-0.5234171450138092,2.0,0.6923076923076923,60.25952390786557,0.6242693978203705,0
script2_speakerA_skip.wav,2,A,skip,34,172.0,88.46153846153845,0.9031414985656738,0.2607796788215637,-0.6423618197441101,3.0,0.8461538461538461,75.20124884959051,0.4716248087258404,0
script2_speakerA_skip.wav,2,A,skip,34,173.0,67.6056338028169,0.5438023805618286,0.45521658658981323,-0.08858579397201538,4.0,0.8461538461538461,77.84398699891658,0.5574091694751856,1
script2_speakerA_skip.wav,2,A,skip,35,174.0,29.09090909090909,0.2727901339530945,0.2513023614883423,-0.021487772464752197,0.0,0.15384615384615385,61.71936045175481,0.5301001483928693,0
script2_speakerA_skip.wav,2,A,skip,35,175.0,39.66942148760331,0.28962358832359314,0.2720434069633484,-0.01758018136024475,1.0,0.23076923076923078,45.4553214604431,0.39606897013176745,0
script2_speakerA_skip.wav,2,A,skip,35,176.0,60.13986013986015,0.44345539808273315,0.32142168283462524,-0.12203371524810791,2.0,0.3076923076923077,42.96673023945752,0.4953954411470313,0
script2_speakerA_skip.wav,2,A,skip,35,177.0,74.69879518072288,0.47288668155670166,0.31659913063049316,-0.1562875509262085,3.0,0.5384615384615384,58.16935893606211,0.5878481459620888,0
script2_speakerA_skip.wav,2,A,skip,35,178.0,64.55696202531645,0.39036786556243896,0.4666326940059662,0.07626482844352722,4.0,0.5384615384615384,66.46520578196649,0.5119076828298414,1
script2_speakerA_skip.wav,2,A,skip,36,179.0,32.608695652173914,0.2907281219959259,0.055885329842567444,-0.23484279215335846,0.0,0.25,57.28815095273775,0.5135774317386822,0
script2_speakerA_skip.wav,2,A,skip,36,180.0,68.33333333333333,0.39757174253463745,0.0919877141714096,-0.30558402836322784,1.0,0.6666666666666666,55.16633033694123,0.3939496974903875,0
script2_speakerA_skip.wav,2,A,skip,36,181.0,79.71014492753623,0.6982223391532898,0.2720925807952881,-0.4261297583580017,2.0,0.8333333333333334,60.21739130434783,0.5252679111153736,0
script2_speakerA_skip.wav,2,A,skip,36,182.0,86.3013698630137,0.7237328290939331,0.2666893005371094,-0.45704352855682373,3.0,0.9166666666666666,78.11494937462776,0.46664609131115975,1
script2_speakerA_skip.wav,2,A,skip,37,183.0,26.96629213483146,0.47307848930358887,0.20544622838497162,-0.26763226091861725,0.0,0.1,64.3259356417938,0.5363815383288125,0
script2_speakerA_skip.wav,2,A,skip,37,184.0,44.827586206896555,0.5389019250869751,0.2626461684703827,-0.2762557566165924,1.0,0.1,52.69841606824724,0.5043904083355492,0
script2_speakerA_skip.wav,2,A,skip,37,185.0,56.71641791044777,0.5686240792274475,0.24377422034740448,-0.32484985888004303,2.0,0.4,42.83676541739193,0.567821687155942,0
script2_speakerA_skip.wav,2,A,skip,37,186.0,64.47368421052632,0.4247835874557495,0.15443074703216553,-0.270352840423584,3.0,0.6,55.33922944262355,0.5067491597929071,0
script2_speakerA_skip.wav,2,A,skip,37,187.0,72.97297297297297,0.2877054214477539,0.11581320315599442,-0.1718922182917595,4.0,0.7,64.72102503131569,0.3804709674743901,1
script2_speakerA_skip.wav,2,A,skip,38,188.0,17.721518987341767,0.439037561416626,0.09892851114273071,-0.34010905027389526,0.0,0.2,51.72272539028035,0.6511476981882252,0
script2_speakerA_skip.wav,2,A,skip,38,189.0,45.36082474226804,0.7310944199562073,0.2982691824436188,-0.4328252375125885,1.0,0.3,45.35177223419426,0.5070146242089412,0
script2_speakerA_skip.wav,2,A,skip,38,190.0,62.60869565217391,0.8872836828231812,0.33092254400253296,-0.5563611388206482,2.0,0.5,41.89701312726124,0.41173887165607587,0
script2_speakerA_skip.wav,2,A,skip,38,191.0,79.41176470588236,0.9323683381080627,0.38446980714797974,-0.547898530960083,3.0,0.7,62.46042836677477,0.485288681916714,0
script2_speakerA_skip.wav,2,A,skip,38,192.0,87.32394366197182,0.829497218132019,0.3058318495750427,-0.5236653685569763,4.0,0.9,76.4481346733427,0.49857019471743014,0
script2_speakerA_skip.wav,2,A,skip,38,193.0,74.28571428571429,0.5939794182777405,0.2837289869785309,-0.3102504312992096,5.0,0.9,80.34047421785615,0.42909471603924315,1
script2_speakerA_skip.wav,2,A,skip,39,194.0,24.07407407407407,0.07077672332525253,0.019825687631964684,-0.05095103569328785,0.0,0.09090909090909091,61.89457734058673,0.3656222291637386,0
script2_speakerA_skip.wav,2,A,skip,39,195.0,48.4375,0.2940570116043091,0.12214140594005585,-0.17191560566425323,1.0,0.2727272727272727,48.932429453262785,0.5254644081154215,0
script2_speakerA_skip.wav,2,A,skip,39,196.0,66.66666666666667,0.7055042386054993,0.22284650802612305,-0.4826577305793762,2.0,0.5454545454545454,46.39274691358025,0.4594522324497022,0
script2_speakerA_skip.wav,2,A,skip,39,197.0,68.50828729281768,0.6791048049926758,0.18050450086593628,-0.4986003041267395,3.0,0.5454545454545454,61.20415131982812,0.48499073632918044,0
script2_speakerA_skip.wav,2,A,skip,39,198.0,67.04545454545455,0.7031547427177429,0.17304959893226624,-0.5301051437854767,4.0,0.5454545454545454,67.40680283497963,0.3482731756881965,1
script2_speakerA_skip.wav,2,A,skip,40,199.0,17.204301075268813,0.3254796266555786,0.1962766796350479,-0.1292029470205307,0.0,0.08333333333333333,50.91934763784701,0.3738315280835813,0
script2_speakerA_skip.wav,2,A,skip,40,200.0,43.07692307692308,0.26307085156440735,0.09846092760562897,-0.16460992395877838,1.0,0.16666666666666666,42.44222623254881,0.4092695062157265,0
script2_speakerA_skip.wav,2,A,skip,40,201.0,46.896551724137936,0.2567679286003113,0.06257583200931549,-0.1941920965909958,2.0,0.16666666666666666,35.72592529210994,0.5830752179651598,0
script2_speakerA_skip.wav,2,A,skip,40,202.0,46.540880503144656,0.27080392837524414,0.047267645597457886,-0.22353628277778625,3.0,0.16666666666666666,45.50478510140189,0.7128326412147014,0
script2_speakerA_skip.wav,2,A,skip,40,203.0,48.19277108433735,0.14084479212760925,-0.06226189061999321,-0.20310668274760246,4.0,0.25,47.21006777053998,0.4568822489567524,0
script2_speakerA_skip.wav,2,A,skip,40,204.0,58.9041095890411,0.38063421845436096,0.09311726689338684,-0.2875169515609741,5.0,0.3333333333333333,51.21258705884104,0.40288286630090087,0
script2_speakerA_skip.wav,2,A,skip,40,205.0,59.154929577464785,0.5352065563201904,0.35203060507774353,-0.1831759512424469,6.0,0.4166666666666667,55.41727008361441,0.524435339086387,1
script2_speakerA_skip.wav,2,A,skip,41,206.0,27.027027027027028,0.20490923523902893,0.4453677237033844,0.24045848846435547,0.0,0.15384615384615385,48.36202206451097,0.5640395744986156,0
script2_speakerA_skip.wav,2,A,skip,41,207.0,37.878787878787875,0.07610006630420685,0.28185147047042847,0.20575140416622162,1.0,0.15384615384615385,41.353581494426564,0.34017832299553435,0
script2_speakerA_skip.wav,2,A,skip,41,208.0,52.22929936305732,0.19511866569519043,0.32368940114974976,0.12857073545455933,2.0,0.3076923076923077,39.04503808962407,0.400656081925389,0
script2_speakerA_skip.wav,2,A,skip,41,209.0,53.80116959064327,0.2726678252220154,0.36598047614097595,0.09331265091896057,3.0,0.38461538461538464,47.969752277496156,0.5860382981939051,0
script2_speakerA_skip.wav,2,A,skip,41,210.0,64.0,0.40042373538017273,0.2671206593513489,-0.13330307602882385,4.0,0.6153846153846154,56.67682298456686,0.575459631798444,0
script2_speakerA_skip.wav,2,A,skip,41,211.0,66.66666666666667,0.5710112452507019,0.32020583748817444,-0.25080540776252747,5.0,0.6153846153846154,61.48927875243665,0.40218216612784724,1
script2_speakerA_skip.wav,2,A,skip,42,212.0,25.0,0.3417293131351471,0.10425066947937012,-0.23747864365577698,0.0,0.23076923076923078,51.88888888888889,0.5322905838790686,0
script2_speakerA_skip.wav,2,A,skip,42,213.0,49.18032786885246,0.4141967296600342,0.1404286026954651,-0.2737681269645691,1.0,0.46153846153846156,46.94899817850638,0.5534360226758479,0
script2_speakerA_skip.wav,2,A,skip,42,214.0,74.66666666666666,0.804714024066925,0.3683894872665405,-0.4363245368003845,2.0,0.6923076923076923,49.615664845173036,0.4685072859928001,0
script2_speakerA_skip.wav,2,A,skip,42,215.0,83.63636363636364,0.8102304935455322,0.3670538663864136,-0.44317662715911865,3.0,0.9230769230769231,69.16111939062759,0.4913035075890571,0
script2_speakerA_skip.wav,2,A,skip,42,216.0,85.71428571428572,0.9360944628715515,0.3165344297885895,-0.619560033082962,4.0,1.0,81.33910533910534,0.42813236450625203,0
script2_speakerA_skip.wav,2,A,skip,42,217.0,77.63157894736842,0.8684874773025513,0.3074888586997986,-0.5609986186027527,5.0,1.0,82.3274094326726,0.4954901601386665,1
script2_speakerA_skip.wav,2,A,skip,43,218.0,21.176470588235297,0.08590784668922424,0.051373470574617386,-0.03453437611460686,0.0,0.14285714285714285,61.50744508329648,0.6254069493523431,0
script2_speakerA_skip.wav,2,A,skip,43,219.0,48.0,0.6328510046005249,0.17344143986701965,-0.45940956473350525,1.0,0.42857142857142855,48.936016511867905,0.598610443212216,0
script2_speakerA_skip.wav,2,A,skip,43,220.0,68.37606837606837,0.8532687425613403,0.3277805745601654,-0.5254881680011749,2.0,0.5714285714285714,45.85084632143456,0.4535349560776902,0
script2_speakerA_skip.wav,2,A,skip,43,221.0,76.5625,0.746845006942749,0.33415740728378296,-0.41268759965896606,3.0,0.5714285714285714,64.31285612535612,0.4076741832313547,0
script2_speakerA_skip.wav,2,A,skip,43,222.0,70.2290076335878,0.7265585064888,0.32078561186790466,-0.4057728946208954,4.0,0.5714285714285714,71.72252533655205,0.3466521607089326,0
script2_speakerA_skip.wav,2,A,skip,43,223.0,61.29032258064516,0.5372124910354614,0.34879860281944275,-0.18841388821601868,5.0,0.5714285714285714,69.36061007141099,0.5084124820360575,1
script2_speakerA_skip.wav,2,A,skip,44,224.0,34.40860215053764,0.43439826369285583,0.06890030205249786,-0.36549796164035797,0.0,0.36363636363636365,55.309310788256866,0.5328152713400496,0
script2_speakerA_skip.wav,2,A,skip,44,225.0,60.71428571428572,0.5808426737785339,0.08829011023044586,-0.4925525635480881,1.0,0.5454545454545454,52.137736815156174,0.7486925999537062,0
script2_speakerA_skip.wav,2,A,skip,44,226.0,72.18045112781954,0.7126977443695068,0.152009516954422,-0.5606882274150848,2.0,0.7272727272727273,55.7677796642143,0.35771508561431886,0
script2_speakerA_skip.wav,2,A,skip,44,227.0,83.56164383561644,0.8082252740859985,0.12409761548042297,-0.6841276586055756,3.0,0.8181818181818182,72.1521268925739,0.5213424633483098,1
script2_speakerA_skip.wav,2,A,skip,45,228.0,22.72727272727273,0.17343401908874512,0.2521367073059082,0.07870268821716309,0.0,0.16666666666666666,59.489789230236234,0.5188913435164129,0
script2_speakerA_skip.wav,2,A,skip,45,229.0,48.21428571428571,0.5219098329544067,0.20295913517475128,-0.31895069777965546,1.0,0.4166666666666667,51.501067425724955,0.47548805584838255,0
script2_speakerA_skip.wav,2,A,skip,45,230.0,68.61313868613139,0.742110550403595,0.3100915253162384,-0.43201902508735657,2.0,0.6666666666666666,46.51823237589661,0.5119562718020385,0
script2_speakerA_skip.wav,2,A,skip,45,231.0,76.62337662337663,0.827675461769104,0.36359941959381104,-0.46407604217529297,3.0,0.75,64.48360034126458,0.5513854912609419,0
script2_speakerA_skip.wav,2,A,skip,45,232.0,73.8255033557047,0.7645232081413269,0.2836459279060364,-0.4808772802352905,4.0,0.75,73.02067288840423,0.6149487460712465,1
script2_speakerA_skip.wav,2,A,skip,46,233.0,33.333333333333336,0.05779210105538368,0.028701959177851677,-0.029090141877532005,0.0,0.08333333333333333,61.26073777080489,0.4837060281800435,0
script2_speakerA_skip.wav,2,A,skip,46,234.0,48.06201550387597,0.11347439885139465,0.06275468319654465,-0.050719715654850006,1.0,0.16666666666666666,51.74028406430467,0.3805751935353143,0
script2_speakerA_skip.wav,2,A,skip,46,235.0,55.78231292517006,0.05268265679478645,0.01651856116950512,-0.036164095625281334,2.0,0.25,45.725887254126455,0.34546808781512883,0
script2_speakerA_skip.wav,2,A,skip,46,236.0,54.658385093167695,0.0032382123172283173,-0.005835220217704773,-0.00907343253493309,3.0,0.25,52.834237840737906,0.45635554234843145,0
script2_speakerA_skip.wav,2,A,skip,46,238.0,50.66666666666666,0.006033454090356827,0.12910857796669006,0.12307512387633324,5.0,0.25,53.70245489500147,0.5058162192854126,1
script2_speakerA_skip.wav,2,A,skip,47,239.0,32.96703296703297,0.625944972038269,0.1733545958995819,-0.45259037613868713,0.0,0.25,46.09736157562244,0.45012067987195664,0
script2_speakerA_skip.wav,2,A,skip,47,240.0,58.71559633027523,0.6845062971115112,0.3139655888080597,-0.37054070830345154,1.0,0.4166666666666667,47.44976532132495,0.48736938479381503,0
script2_speakerA_skip.wav,2,A,skip,47,241.0,65.57377049180329,0.6605514287948608,0.2818607687950134,-0.3786906599998474,2.0,0.4166666666666667,52.41879992970383,0.4138523615401521,0
script2_speakerA_skip.wav,2,A,skip,47,242.0,62.99212598425197,0.6313155293464661,0.28595125675201416,-0.3453642725944519,3.0,0.4166666666666667,62.42716426877683,0.3710201344310907,1
script2_speakerA_skip.wav,2,A,skip,48,243.0,35.71428571428571,0.03257567435503006,-0.012643393129110336,-0.045219067484140396,0.0,0.0,54.76006073011366,0.3461825859765096,0
script2_speakerA_skip.wav,2,A,skip,48,244.0,46.31578947368421,0.6044825315475464,0.26392045617103577,-0.3405620753765106,1.0,0.09090909090909091,48.340733724073964,0.45603304268212125,0
script2_speakerA_skip.wav,2,A,skip,48,245.0,60.86956521739131,0.716476321220398,0.26999324560165405,-0.4464830756187439,2.0,0.5454545454545454,47.63321346845375,0.6616789316728843,0
script2_speakerA_skip.wav,2,A,skip,48,246.0,65.60000000000001,0.7700440883636475,0.3152255415916443,-0.4548185467720032,3.0,0.6363636363636364,57.59511823035851,0.43711102507459787,0
script2_speakerA_skip.wav,2,A,skip,48,247.0,65.60000000000001,0.7130424380302429,0.41214466094970703,-0.3008977770805359,4.0,0.6363636363636364,64.02318840579711,0.685167920345337,1
script2_speakerA_skip.wav,2,A,skip,49,248.0,34.883720930232556,0.5644724369049072,0.19019079208374023,-0.374281644821167,0.0,0.16666666666666666,55.36124031007753,0.43084109673124316,0
script2_speakerA_skip.wav,2,A,skip,49,249.0,60.19417475728155,0.7325830459594727,0.14643840491771698,-0.5861446410417557,1.0,0.5,53.55929856250471,0.7676834095609804,0
script2_speakerA_skip.wav,2,A,skip,49,250.0,72.88135593220339,0.8754935264587402,0.168631911277771,-0.7068616151809692,2.0,0.75,55.9864172065725,0.4954802102567349,0
script2_speakerA_skip.wav,2,A,skip,49,251.0,66.15384615384615,0.8702218532562256,0.19836989045143127,-0.6718519628047943,3.0,0.75,66.40979228111036,0.45883687570200343,1
script2_speakerA_skip.wav,2,A,skip,50,252.0,46.666666666666664,0.6122116446495056,0.14018338918685913,-0.4720282554626465,0.0,0.25,61.900622917572065,0.6457892452044454,0
script2_speakerA_skip.wav,2,A,skip,50,253.0,53.608247422680414,0.6301864385604858,0.13462835550308228,-0.49555808305740356,1.0,0.375,55.47625341439774,0.5062762367102922,0
script2_speakerA_skip.wav,2,A,skip,50,254.0,76.27118644067797,0.5873816013336182,0.14433705806732178,-0.4430445432662964,2.0,0.5,58.84870017667502,0.38363228174539704,0
script2_speakerA_skip.wav,2,A,skip,50,255.0,74.4186046511628,0.5007740259170532,0.18452352285385132,-0.3162505030632019,3.0,0.5,68.09934617150705,0.2872684039129494,1
script2_speakerA_skip.wav,2,A,skip,51,256.0,32.608695652173914,0.4455093741416931,0.14416633546352386,-0.30134303867816925,0.0,0.25,61.099495581338225,0.6242918133158567,0
script2_speakerA_skip.wav,2,A,skip,51,257.0,48.14814814814815,0.5520166158676147,0.1655648946762085,-0.38645172119140625,1.0,0.3333333333333333,51.72514948382829,0.5338997204536498,0
script2_speakerA_skip.wav,2,A,skip,51,258.0,54.961832061068705,0.4869343936443329,0.16969844698905945,-0.31723594665527344,2.0,0.3333333333333333,45.23955862046359,0.3220016180997595,0
script2_speakerA_skip.wav,2,A,skip,51,259.0,67.97385620915033,0.5025162100791931,0.1160411536693573,-0.3864750564098358,3.0,0.5833333333333334,57.027945472789064,0.5277031691663427,0
script2_speakerA_skip.wav,2,A,skip,51,260.0,63.63636363636363,0.4012550711631775,0.09594757109880447,-0.305307500064373,4.0,0.5833333333333334,62.19068396886089,0.4724433700021385,0
script2_speakerA_skip.wav,2,A,skip,51,261.0,61.42857142857143,0.4339374899864197,0.09091472625732422,-0.34302276372909546,5.0,0.5833333333333334,64.34626375802847,0.4784530293302306,1
script2_speakerA_skip.wav,2,A,skip,52,262.0,45.833333333333336,0.5152931809425354,0.3047044575214386,-0.2105887234210968,0.0,0.2,56.966089466089464,0.5011884854823258,0
script2_speakerA_skip.wav,2,A,skip,52,263.0,70.6896551724138,0.8337489366531372,0.40632691979408264,-0.42742201685905457,1.0,0.5,59.31718664477285,0.597582367894724,0
script2_speakerA_skip.wav,2,A,skip,52,264.0,81.69014084507043,0.810019850730896,0.4713447690010071,-0.3386750817298889,2.0,0.8,66.0710431169392,0.4100270446691148,0
script2_speakerA_skip.wav,2,A,skip,52,265.0,81.29032258064515,0.8725866675376892,0.44937533140182495,-0.42321133613586426,3.0,0.9,77.89003953270979,0.5192348389902942,1
script2_speakerA_skip.wav,2,A,skip,53,266.0,33.333333333333336,0.5291181802749634,0.04008036479353905,-0.48903781548142433,0.0,0.25,65.4379322530163,0.5571891751178094,0
script2_speakerA_skip.wav,2,A,skip,53,267.0,55.65217391304348,0.879477858543396,0.061034202575683594,-0.8184436559677124,1.0,0.4375,56.758609942340655,0.4291629242281314,0
script2_speakerA_skip.wav,2,A,skip,53,268.0,69.17293233082707,0.8802891969680786,0.11914725601673126,-0.7611419409513474,2.0,0.625,52.71947985906796,0.4865177707826542,0
script2_speakerA_skip.wav,2,A,skip,53,269.0,69.33333333333334,0.8006504774093628,0.10977400839328766,-0.6908764690160751,3.0,0.75,64.71947985906796,0.5689086522417588,0
script2_speakerA_skip.wav,2,A,skip,53,270.0,71.83098591549295,0.5770225524902344,0.08475179970264435,-0.49227075278759,4.0,0.875,70.11241719321778,0.43371741400374286,1
script2_speakerA_skip.wav,2,A,skip,54,271.0,54.36893203883495,0.4409148693084717,0.4409148693084717,0.0,0.0,0.4166666666666667,65.17775042922041,0.6786576475917843,0
script2_speakerA_skip.wav,2,A,skip,54,272.0,69.91869918699187,0.40080344676971436,0.40080344676971436,0.0,1.0,0.6666666666666666,65.37287238043993,0.5760133682118632,0
script2_speakerA_skip.wav,2,A,skip,54,273.0,77.33333333333333,0.4325287640094757,0.4325287640094757,0.0,2.0,0.75,67.20698818638672,0.5220144456081122,0
script3_speakerA_literal.wav,3,A,literal,0,1.0,32.49999999999999,0.37252479791641235,0.11829889565706253,-0.2542259022593498,0.0,0.21428571428571427,32.49999999999999,0.5165482099232304,0
script3_speakerA_literal.wav,3,A,literal,0,2.0,60.41666666666667,0.4314766526222229,0.06367509812116623,-0.36780155450105667,1.0,0.5,46.45833333333333,0.455237596473001,0
script3_speakerA_literal.wav,3,A,literal,0,3.0,84.48275862068965,0.7929878234863281,0.0829736739397049,-0.7100141495466232,2.0,0.7142857142857143,59.133141762452105,0.40033210055029905,0
script3_speakerA_literal.wav,3,A,literal,0,4.0,98.50746268656717,0.9741453528404236,0.0606139600276947,-0.9135313928127289,3.0,1.0,81.13562932464116,0.43049095140982013,0
script3_speakerA_literal.wav,3,A,literal,0,5.0,83.07692307692307,0.8622127771377563,0.0561823733150959,-0.8060304038226604,4.0,1.0,88.68904812805997,0.7071650509319694,1
script3_speakerA_literal.wav,3,A,literal,1,6.0,36.36363636363637,0.3802684545516968,0.16269390285015106,-0.21757455170154572,0.0,0.26666666666666666,72.6493407090422,0.35002852514406985,0
script3_speakerA_literal.wav,3,A,literal,1,7.0,42.47787610619469,0.35519659519195557,0.1531146764755249,-0.20208191871643066,1.0,0.3333333333333333,53.97281184891804,0.3928988899916952,0
script3_speakerA_literal.wav,3,A,literal,1,8.0,65.67164179104478,0.3388287425041199,0.1390323042869568,-0.19979643821716309,2.0,0.6,48.171051420291946,0.479510247354572,0
script3_speakerA_literal.wav,3,A,literal,1,9.0,70.66666666666667,0.34042489528656006,0.154219388961792,-0.18620550632476807,3.0,0.6666666666666666,59.60539485463538,0.4246002286252318,0
script3_speakerA_literal.wav,3,A,literal,1,10.0,53.23741007194245,0.2027091383934021,0.1175459772348404,-0.0851631611585617,4.0,0.6666666666666666,63.1919061765513,0.29597590728337936,1
script3_speakerA_literal.wav,3,A,literal,2,11.0,28.301886792452834,0.25996503233909607,0.049114618450403214,-0.21085041388869286,0.0,0.2857142857142857,50.73532117702065,0.6478896879140859,0
script3_speakerA_literal.wav,3,A,literal,2,12.0,64.17910447761194,0.6953309178352356,0.23105934262275696,-0.46427157521247864,1.0,0.6428571428571429,48.572800447335744,0.3756029852345684,0
script3_speakerA_literal.wav,3,A,literal,2,13.0,69.1358024691358,0.7047483325004578,0.23439307510852814,-0.4703552573919296,2.0,0.7142857142857143,53.872264579733525,0.4287333552479449,0
script3_speakerA_literal.wav,3,A,literal,2,14.0,63.49206349206349,0.4615185856819153,0.23945237696170807,-0.22206620872020721,3.0,0.7142857142857143,65.60232347960374,0.3605341409385484,0
script3_speakerA_literal.wav,3,A,literal,2,15.0,54.639175257731964,0.2799024283885956,0.1775919646024704,-0.10231046378612518,4.0,0.7142857142857143,62.42234707297708,0.3376411183684,0
script3_speakerA_literal.wav,3,A,literal,2,16.0,52.80898876404494,0.2346591353416443,0.20023968815803528,-0.03441944718360901,5.0,0.7142857142857143,56.9800758379468,0.47014287951608374,1
script3_speakerA_literal.wav,3,A,literal,3,17.0,16.07142857142857,0.19295352697372437,0.1226758360862732,-0.07027769088745117,0.0,0.07692307692307693,41.17319753106849,0.37219583958777797,0
script3_speakerA_literal.wav,3,A,literal,3,18.0,34.84848484848485,0.33400771021842957,0.2241220772266388,-0.10988563299179077,1.0,0.07692307692307693,34.57630072798612,0.3925037694730468,0
script3_speakerA_literal.wav,3,A,literal,3,20.0,49.66442953020134,0.3762407600879669,0.20227541029453278,-0.17396534979343414,3.0,0.15384615384615385,33.52811431670492,0.45430243485728117,0
script3_speakerA_literal.wav,3,A,literal,3,21.0,50.955414012738856,0.3812950849533081,0.1194649487733841,-0.261830136179924,4.0,0.23076923076923078,45.15610946380835,0.3919387116107982,0
script3_speakerA_literal.wav,3,A,literal,3,22.0,43.87096774193549,0.4098004102706909,0.20595908164978027,-0.20384132862091064,5.0,0.3076923076923077,48.163603761625225,0.44415689339479125,0
script3_speakerA_literal.wav,3,A,literal,3,23.0,39.16083916083915,0.2266014814376831,0.17096629738807678,-0.05563518404960632,6.0,0.38461538461538464,44.66240697183783,0.6151600255470212,1
script3_speakerA_literal.wav,3,A,literal,4,24.0,51.764705882352935,0.3834962844848633,-0.0579562671482563,-0.4414525516331196,0.0,0.4,44.93217092837586,0.5878379980299335,0
script3_speakerA_literal.wav,3,A,literal,4,25.0,77.66990291262135,0.47967031598091125,-0.017975671216845512,-0.49764598719775677,1.0,0.6,56.198482651937816,0.6679549130758137,0
script3_speakerA_literal.wav,3,A,literal,4,26.0,76.78571428571428,0.4125146269798279,0.008982006460428238,-0.40353262051939964,2.0,0.6,68.74010769356286,0.3747325280277926,0
script3_speakerA_literal.wav,3,A,literal,4,27.0,65.67164179104478,0.45874249935150146,0.3949001729488373,-0.06384232640266418,3.0,0.6,73.37575299646014,0.43413434161629577,1
script3_speakerA_literal.wav,3,A,literal,5,28.0,54.28571428571429,0.3571033477783203,0.07260315865278244,-0.2845001891255379,0.0,0.5,65.58102345415779,0.5591873501604144,0
script3_speakerA_literal.wav,3,A,literal,5,29.0,72.5,0.5057913064956665,0.14698649942874908,-0.3588048070669174,1.0,0.625,64.15245202558636,0.3278521584321684,0
script3_speakerA_literal.wav,3,A,literal,5,31.0,65.34653465346535,0.21627849340438843,0.342354416847229,0.12607592344284058,3.0,0.625,64.04408297972655,0.39802211069991955,1
script3_speakerA_literal.wav,3,A,literal,6,32.0,26.923076923076927,0.08544875681400299,0.039763569831848145,-0.045685186982154846,0.0,0.08333333333333333,54.92320385884743,0.39936136019991414,0
script3_speakerA_literal.wav,3,A,literal,6,33.0,32.14285714285714,0.11762230843305588,0.07102414220571518,-0.0465981662273407,1.0,0.08333333333333333,41.47082290646647,0.4169972087993726,0
script3_speakerA_literal.wav,3,A,literal,6,34.0,54.13533834586466,0.241990864276886,0.13084803521633148,-0.1111428290605545,2.0,0.3333333333333333,37.73375747059958,0.5849392674771329,0
script3_speakerA_literal.wav,3,A,literal,6,35.0,67.53246753246754,0.4546104073524475,0.217879980802536,-0.2367304265499115,3.0,0.5,51.270221007063114,0.3740853270497628,0
script3_speakerA_literal.wav,3,A,literal,6,36.0,63.51351351351351,0.5199270844459534,0.31769853830337524,-0.20222854614257812,4.0,0.5,61.727106463948566,0.469499918393306,1
script3_speakerA_literal.wav,3,A,literal,7,37.0,21.875,0.4979103207588196,0.171806201338768,-0.3261041194200516,0.0,0.2,50.973660348660346,0.506410141134454,0
script3_speakerA_literal.wav,3,A,literal,7,38.0,63.63636363636363,0.7035623788833618,0.36108237504959106,-0.34248000383377075,1.0,0.6,49.67495904995905,0.5876895496212274,0
script3_speakerA_literal.wav,3,A,literal,7,39.0,80.73394495412845,0.9106385111808777,0.35351282358169556,-0.5571256875991821,2.0,0.8,55.41510286349736,0.40983387788553755,0
script3_speakerA_literal.wav,3,A,literal,7,40.0,77.58620689655173,0.5950262546539307,0.23446442186832428,-0.3605618327856064,3.0,0.8,73.98550516234793,0.3211275736059688,1
script3_speakerA_literal.wav,3,A,literal,8,41.0,21.052631578947366,0.13120827078819275,0.07204513996839523,-0.059163130819797516,0.0,0.21428571428571427,59.790927809875846,0.5347553742701313,0
script3_speakerA_literal.wav,3,A,literal,8,42.0,50.0,0.35388678312301636,0.1497878134250641,-0.20409896969795227,1.0,0.35714285714285715,49.54627949183303,0.37272211840250447,0
script3_speakerA_literal.wav,3,A,literal,8,43.0,61.76470588235294,0.49553850293159485,0.19122835993766785,-0.304310142993927,2.0,0.5714285714285714,44.27244582043343,0.3304805009253529,0
script3_speakerA_literal.wav,3,A,literal,8,44.0,71.42857142857143,0.6502211689949036,0.20077753067016602,-0.44944363832473755,3.0,0.7142857142857143,61.06442577030813,0.3689561291592876,0
script3_speakerA_literal.wav,3,A,literal,8,45.0,66.20689655172414,0.7086986303329468,0.3038294017314911,-0.4048692286014557,4.0,0.7142857142857143,66.46672462088284,0.5361502392874383,1
script3_speakerA_literal.wav,3,A,literal,9,46.0,12.765957446808507,0.0517086461186409,0.1875917911529541,0.1358831450343132,0.0,0.0,50.13380847570136,0.354127172234349,0
script3_speakerA_literal.wav,3,A,literal,9,47.0,37.5,0.38207581639289856,0.26537030935287476,-0.1167055070400238,1.0,0.23076923076923078,38.82428466617755,0.6020874632107145,0
script3_speakerA_literal.wav,3,A,literal,9,48.0,57.77777777777777,0.6094378232955933,0.3936190903186798,-0.21581873297691345,2.0,0.5384615384615384,36.014578408195426,0.5043871451482317,0
script3_speakerA_literal.wav,3,A,literal,9,49.0,72.0,0.6053760647773743,0.383737713098526,-0.22163835167884827,3.0,0.6153846153846154,55.75925925925926,0.5466653993648075,0
script3_speakerA_literal.wav,3,A,literal,9,50.0,74.32432432432432,0.5903739929199219,0.4648613929748535,-0.12551259994506836,4.0,0.6153846153846154,68.03403403403404,0.4707392769374173,1
script3_speakerA_literal.wav,3,A,literal,10,51.0,23.15789473684211,0.28176048398017883,0.22713011503219604,-0.05463036894798279,0.0,0.18181818181818182,56.49407302038881,0.45240179523640967,0
script3_speakerA_literal.wav,3,A,literal,10,52.0,56.4516129032258,0.35621002316474915,0.25480324029922485,-0.10140678286552429,1.0,0.45454545454545453,51.311277321464075,0.5589486469787156,0
script3_speakerA_literal.wav,3,A,literal,10,53.0,68.53146853146853,0.3389236629009247,0.19013600051403046,-0.14878766238689423,2.0,0.5454545454545454,49.38032539051215,0.45799767441018124,0
script3_speakerA_literal.wav,3,A,literal,10,54.0,63.90532544378698,0.24965882301330566,0.17159736156463623,-0.07806146144866943,3.0,0.5454545454545454,62.96280229282711,0.4179834696685381,0
script3_speakerA_literal.wav,3,A,literal,10,56.0,55.55555555555556,0.30005449056625366,0.27724623680114746,-0.0228082537651062,5.0,0.5454545454545454,62.664116510270354,0.708749892802492,1
script3_speakerA_literal.wav,3,A,literal,11,57.0,45.16129032258065,0.29103779792785645,-0.05384210869669914,-0.3448799066245556,0.0,0.25,54.87405710730773,0.46840694051567683,0
script3_speakerA_literal.wav,3,A,literal,11,58.0,69.0909090909091,0.5041443109512329,0.17084768414497375,-0.33329662680625916,1.0,0.5833333333333334,56.602584989681766,0.5864400999014638,0
script3_speakerA_literal.wav,3,A,literal,11,59.0,76.66666666666666,0.6960976123809814,0.24323171377182007,-0.4528658986091614,2.0,0.6666666666666666,63.6396220267188,0.4574241661572716,1
script3_speakerA_literal.wav,3,A,literal,12,60.0,26.96629213483146,0.14974302053451538,0.09570243209600449,-0.054040588438510895,0.0,0.08333333333333333,57.5746226308024,0.5558324023365057,0
script3_speakerA_literal.wav,3,A,literal,12,61.0,38.46153846153846,0.375262588262558,0.10064129531383514,-0.27462129294872284,1.0,0.16666666666666666,47.364832421012196,0.26166439275606274,0
script3_speakerA_literal.wav,3,A,literal,12,62.0,60.8,0.4431186318397522,0.1147623360157013,-0.3283562958240509,2.0,0.3333333333333333,42.075943532123304,0.5409198162907924,0
script3_speakerA_literal.wav,3,A,literal,12,63.0,67.14285714285715,0.45375996828079224,0.10473909974098206,-0.3490208685398102,3.0,0.4166666666666667,55.46813186813187,0.4381555017661092,0
script3_speakerA_literal.wav,3,A,literal,12,65.0,63.44827586206896,0.6269413828849792,0.2925291061401367,-0.33441227674484253,5.0,0.4166666666666667,63.79704433497537,0.429145811479982,1
script3_speakerA_literal.wav,3,A,literal,13,66.0,32.94117647058824,0.33674323558807373,0.28575268387794495,-0.050990551710128784,0.0,0.4,54.51076982517145,0.5277189079761014,0
script3_speakerA_literal.wav,3,A,literal,13,67.0,56.88073394495412,0.3076077997684479,0.20983533561229706,-0.09777246415615082,1.0,0.6,51.09006209253711,0.5492964243701081,0
script3_speakerA_literal.wav,3,A,literal,13,68.0,57.851239669421496,0.4814690053462982,0.26641443371772766,-0.21505457162857056,2.0,0.6,49.22438336165462,0.4044947995202686,0
script3_speakerA_literal.wav,3,A,literal,13,69.0,60.9375,0.46619802713394165,0.25141456723213196,-0.2147834599018097,3.0,0.6,58.556491204791875,0.30437966876301326,1
script3_speakerA_literal.wav,3,A,literal,14,70.0,31.32530120481928,0.1531287580728531,0.2034362256526947,0.050307467579841614,0.0,0.09090909090909091,50.038013624746924,0.43456220333876616,0
script3_speakerA_literal.wav,3,A,literal,14,71.0,56.86274509803921,0.23412883281707764,0.22195982933044434,-0.0121690034866333,1.0,0.2727272727272727,49.70851543428616,0.6007671808422628,0
script3_speakerA_literal.wav,3,A,literal,14,72.0,75.40983606557377,0.3397635817527771,0.23301032185554504,-0.10675325989723206,2.0,0.45454545454545453,54.532627456144084,0.3996270172247404,0
script3_speakerA_literal.wav,3,A,literal,14,73.0,70.67669172932331,0.29749149084091187,0.13275639712810516,-0.1647350937128067,3.0,0.45454545454545453,67.64975763097877,0.43504081051759924,1
script3_speakerA_literal.wav,3,A,literal,15,74.0,34.693877551020414,0.4341742992401123,0.15367332100868225,-0.28050097823143005,0.0,0.3076923076923077,60.26013511530583,0.56865427572529,0
script3_speakerA_literal.wav,3,A,literal,15,75.0,56.41025641025641,0.4790818989276886,0.15997952222824097,-0.31910237669944763,1.0,0.46153846153846156,53.92694189686671,0.520348180001853,0
script3_speakerA_literal.wav,3,A,literal,15,76.0,60.431654676258994,0.5398441553115845,0.2535676956176758,-0.2862764596939087,2.0,0.5384615384615384,50.51192954584527,0.5725468092350393,0
script3_speakerA_literal.wav,3,A,literal,15,77.0,63.03030303030304,0.8165064454078674,0.3832181990146637,-0.43328824639320374,3.0,0.6153846153846154,59.957404705606145,0.44423287576793397,0
script3_speakerA_literal.wav,3,A,literal,15,78.0,57.14285714285714,0.5401877164840698,0.41583114862442017,-0.12435656785964966,4.0,0.6153846153846154,60.20160494980639,0.35770423492205117,0
script3_speakerA_literal.wav,3,A,literal,15,79.0,55.033557046979865,0.5468205213546753,0.41265517473220825,-0.13416534662246704,5.0,0.6153846153846154,58.40223907338002,0.7357527792027263,1
script3_speakerA_literal.wav,3,A,literal,16,80.0,7.499999999999996,0.07527648657560349,0.05630122125148773,-0.018975265324115753,0.0,0.0,39.892138063279,0.2780656098381278,0
script3_speakerA_literal.wav,3,A,literal,16,81.0,19.565217391304344,0.1009749248623848,0.0747341737151146,-0.026240751147270203,1.0,0.0,27.366258146094737,0.35084994296329025,0
script3_speakerA_literal.wav,3,A,literal,16,82.0,33.009708737864074,0.07135114818811417,0.06712695956230164,-0.0042241886258125305,2.0,0.06666666666666667,20.02497537638947,0.4609621979288824,0
script3_speakerA_literal.wav,3,A,literal,16,83.0,48.38709677419355,0.19337892532348633,0.10779852420091629,-0.08558040112257004,3.0,0.26666666666666666,33.65400763445399,0.4237779101354003,0
script3_speakerA_literal.wav,3,A,literal,16,84.0,59.70149253731343,0.38025712966918945,0.2422069013118744,-0.13805022835731506,4.0,0.4,47.03276601645702,0.45761927850816503,0
script3_speakerA_literal.wav,3,A,literal,16,85.0,65.11627906976744,0.46704787015914917,0.26300230622291565,-0.20404556393623352,5.0,0.4666666666666667,57.73495612709147,0.3822821258645907,0
script3_speakerA_literal.wav,3,A,literal,16,86.0,62.01550387596899,0.2878338694572449,0.163887158036232,-0.12394671142101288,6.0,0.5333333333333333,62.27775849434995,0.35788678782659283,0
script3_speakerA_literal.wav,3,A,literal,16,88.0,49.6124031007752,0.21242466568946838,0.24203689396381378,0.029612228274345398,8.0,0.5333333333333333,58.91472868217054,0.4217794199382499,1
script3_speakerA_literal.wav,3,A,literal,17,89.0,4.761904761904767,0.09300125390291214,0.09047200530767441,-0.002529248595237732,0.0,0.09090909090909091,38.796603912882986,0.36274234358123153,0
script3_speakerA_literal.wav,3,A,literal,17,90.0,36.36363636363637,0.17191433906555176,0.10766664892435074,-0.06424769014120102,1.0,0.2727272727272727,30.24598140877211,0.4332515834725871,0
script3_speakerA_literal.wav,3,A,literal,17,92.0,39.31623931623932,0.17724710702896118,0.1095166876912117,-0.06773041933774948,3.0,0.2727272727272727,26.813926813926816,0.4410001178006928,0
script3_speakerA_literal.wav,3,A,literal,17,93.0,41.93548387096774,0.19554895162582397,0.12191316485404968,-0.07363578677177429,4.0,0.2727272727272727,39.20511985028114,0.45310406178927787,1
script3_speakerA_literal.wav,3,A,literal,18,94.0,39.62264150943396,0.1866397261619568,0.11650650948286057,-0.07013321667909622,0.0,0.2222222222222222,40.29145489888034,0.3780499317653495,0
script3_speakerA_literal.wav,3,A,literal,18,95.0,55.46218487394958,0.21275940537452698,0.12618057429790497,-0.08657883107662201,1.0,0.3888888888888889,45.673436751450424,0.2761356937872599,0
script3_speakerA_literal.wav,3,A,literal,18,96.0,55.63909774436091,0.19519248604774475,0.1668836772441864,-0.02830880880355835,2.0,0.3888888888888889,50.24130804258149,0.3153799565782548,0
script3_speakerA_literal.wav,3,A,literal,18,97.0,61.63522012578616,0.27681732177734375,0.2149861603975296,-0.06183116137981415,3.0,0.6111111111111112,57.578834248032216,0.5126263523269079,0
script3_speakerA_literal.wav,3,A,literal,18,98.0,49.68944099378882,0.3185836672782898,0.12210297584533691,-0.19648069143295288,4.0,0.7777777777777778,55.65458628797863,0.5035691796552827,0
script3_speakerA_literal.wav,3,A,literal,18,99.0,40.0,0.23557615280151367,0.047065798193216324,-0.18851035460829735,5.0,0.7777777777777778,50.44155370652499,0.38331949264679716,1
script3_speakerA_literal.wav,3,A,literal,19,100.0,33.057851239669425,0.2707837224006653,0.11898759752511978,-0.1517961248755455,0.0,0.3125,40.91576407781942,0.5539876187462432,0
script3_speakerA_literal.wav,3,A,literal,19,101.0,54.28571428571429,0.16333013772964478,0.09894461929798126,-0.06438551843166351,1.0,0.4375,42.447855175127906,0.40537495402438356,0
script3_speakerA_literal.wav,3,A,literal,19,102.0,67.08860759493672,0.4931286573410034,0.1671130359172821,-0.3260156214237213,2.0,0.5,51.47739104010681,0.37070304454224573,0
script3_speakerA_literal.wav,3,A,literal,19,103.0,71.1864406779661,0.4729465842247009,0.12716343998908997,-0.34578314423561096,3.0,0.625,64.18692085287238,0.4808406241352624,0
script3_speakerA_literal.wav,3,A,literal,19,104.0,60.60606060606061,0.3474023938179016,0.09582477062940598,-0.25157762318849564,4.0,0.6875,66.29370295965448,0.4028741814432466,0
script3_speakerA_literal.wav,3,A,literal,19,105.0,50.0,0.5615915060043335,0.10055617988109589,-0.4610353261232376,5.0,0.6875,60.59750042800891,0.29124079545570886,1
script3_speakerA_literal.wav,3,A,literal,20,106.0,29.702970297029708,0.1289839744567871,0.20128124952316284,0.07229727506637573,0.0,0.07142857142857142,46.769676967696775,0.35717405216690007,0
script3_speakerA_literal.wav,3,A,literal,20,107.0,42.01680672268907,0.27890509366989136,0.3760671615600586,0.09716206789016724,1.0,0.21428571428571427,40.573259006572926,0.5124698406343154,0
script3_speakerA_literal.wav,3,A,literal,20,108.0,53.59477124183007,0.17252418398857117,0.2045745551586151,0.032050371170043945,2.0,0.21428571428571427,41.771516087182945,0.29874072752719755,0
script3_speakerA_literal.wav,3,A,literal,20,109.0,49.43820224719101,0.13455817103385925,0.19523820281028748,0.06068003177642822,3.0,0.21428571428571427,48.349926737236714,0.38481258167368454,0
script3_speakerA_literal.wav,3,A,literal,20,110.0,52.87356321839081,0.24722056090831757,0.24789205193519592,0.0006714910268783569,4.0,0.42857142857142855,51.968845569137294,0.5014859752871923,0
script3_speakerA_literal.wav,3,A,literal,20,111.0,53.80116959064327,0.1647484302520752,0.2501163184642792,0.08536788821220398,5.0,0.42857142857142855,52.03764501874169,0.4579279442807436,1
script3_speakerA_literal.wav,3,A,literal,21,112.0,23.008849557522126,0.11082564294338226,0.11749283224344254,0.006667189300060272,0.0,0.0,43.22786078885207,0.46944164454732606,0
script3_speakerA_literal.wav,3,A,literal,21,113.0,39.69465648854962,0.24371379613876343,0.14348852634429932,-0.10022526979446411,1.0,0.07142857142857142,38.834891878905005,0.3906331748391359,0
script3_speakerA_literal.wav,3,A,literal,21,114.0,51.65562913907284,0.34354639053344727,0.14564751088619232,-0.19789887964725494,2.0,0.14285714285714285,38.11971172838153,0.45208962990546836,0
script3_speakerA_literal.wav,3,A,literal,21,115.0,60.0,0.4282097816467285,0.1401403695344925,-0.288069412112236,3.0,0.42857142857142855,50.45009520920749,0.41651188055649896,0
script3_speakerA_literal.wav,3,A,literal,21,116.0,61.81818181818181,0.43255218863487244,0.109560526907444,-0.32299166172742844,4.0,0.42857142857142855,57.82460365241822,0.4050527303925409,1
script3_speakerA_literal.wav,3,A,literal,22,117.0,26.086956521739136,0.7059495449066162,0.1488952934741974,-0.5570542514324188,0.0,0.15384615384615385,49.30171277997365,0.48416274085371913,0
script3_speakerA_literal.wav,3,A,literal,22,118.0,48.69565217391304,0.6886292695999146,0.06730003654956818,-0.6213292330503464,1.0,0.23076923076923078,45.533596837944664,0.5372962904419518,0
script3_speakerA_literal.wav,3,A,literal,22,119.0,52.38095238095239,0.642031192779541,0.07408913224935532,-0.5679420605301857,2.0,0.3076923076923077,42.38785369220152,0.32909063435682034,0
script3_speakerA_literal.wav,3,A,literal,22,120.0,57.53424657534247,0.7180299758911133,0.04792257398366928,-0.670107401907444,3.0,0.46153846153846156,52.8702837100693,0.3677870322439442,0
script3_speakerA_literal.wav,3,A,literal,22,121.0,64.93506493506493,0.5371565222740173,0.009975459426641464,-0.5271810628473759,4.0,0.5384615384615384,58.28342129711993,0.4118861683276908,0
script3_speakerA_literal.wav,3,A,literal,22,122.0,55.714285714285715,0.4477837085723877,0.1587512344121933,-0.2890324741601944,5.0,0.5384615384615384,59.394532408231036,0.5718788472957672,1
script3_speakerA_literal.wav,3,A,literal,23,123.0,42.25352112676056,0.2790815830230713,0.15749409794807434,-0.12158748507499695,0.0,0.3,54.30095725870373,0.44335748876961,0
script3_speakerA_literal.wav,3,A,literal,23,124.0,77.55102040816327,0.48613324761390686,0.048298999667167664,-0.4378342479467392,1.0,0.8,58.50627574973652,0.5163878443107922,0
script3_speakerA_literal.wav,3,A,literal,23,125.0,74.33628318584071,0.46576058864593506,0.07540935277938843,-0.39035123586654663,2.0,0.8,64.71360824025484,0.24378595039926013,1
script3_speakerA_literal.wav,3,A,literal,24,126.0,38.0,0.35511648654937744,0.14393065869808197,-0.21118582785129547,0.0,0.2857142857142857,63.295767864667994,0.4307853744516987,0
script3_speakerA_literal.wav,3,A,literal,24,127.0,52.63157894736843,0.24757683277130127,0.12722724676132202,-0.12034958600997925,1.0,0.42857142857142855,54.98928737773638,0.4396082239655409,0
script3_speakerA_literal.wav,3,A,literal,24,128.0,57.55395683453237,0.2756722867488861,0.16368457674980164,-0.11198770999908447,2.0,0.5714285714285714,49.39517859396693,0.5904082461907524,0
script3_speakerA_literal.wav,3,A,literal,24,129.0,70.3030303030303,0.45428964495658875,0.15925227105617523,-0.2950373739004135,3.0,0.7857142857142857,60.1628553616437,0.5055295286717228,0
script3_speakerA_literal.wav,3,A,literal,24,130.0,64.0,0.47988414764404297,0.13554546236991882,-0.34433868527412415,4.0,0.7857142857142857,63.95232904585422,0.2968573240829523,1
script3_speakerA_literal.wav,3,A,literal,25,131.0,30.58823529411765,0.24162115156650543,0.2722647488117218,0.03064359724521637,0.0,0.25,54.96375519904932,0.6023887253782264,0
script3_speakerA_literal.wav,3,A,literal,25,132.0,41.30434782608695,0.12727884948253632,0.09445054829120636,-0.032828301191329956,1.0,0.3333333333333333,45.29752770673487,0.31229557037560723,0
script3_speakerA_literal.wav,3,A,literal,25,133.0,61.15702479338842,0.05591465160250664,0.10097386687994003,0.045059215277433395,2.0,0.4166666666666667,44.34986930453101,0.2744318916415345,0
script3_speakerA_literal.wav,3,A,literal,25,134.0,63.44827586206896,0.13267262279987335,0.09877632558345795,-0.033896297216415405,3.0,0.4166666666666667,55.30321616051478,0.4052147673148359,0
script3_speakerA_literal.wav,3,A,literal,25,135.0,55.47445255474452,0.22571402788162231,0.060426656156778336,-0.16528737172484398,4.0,0.5,60.02658440340063,0.4821501850810639,1
script3_speakerA_literal.wav,3,A,literal,26,136.0,31.914893617021278,0.35845381021499634,0.032794784754514694,-0.32565902546048164,0.0,0.21428571428571427,50.279207344611585,0.46952154081931036,0
script3_speakerA_literal.wav,3,A,literal,26,137.0,58.4070796460177,0.38076046109199524,-0.0684083104133606,-0.44916877150535583,1.0,0.5,48.598808605927836,0.6781650881011826,0
script3_speakerA_literal.wav,3,A,literal,26,138.0,64.40677966101696,0.3812139630317688,-0.05141162499785423,-0.43262558802962303,2.0,0.5,51.57625097468531,0.3483540396136469,0
script3_speakerA_literal.wav,3,A,literal,26,139.0,77.27272727272727,0.42275142669677734,-0.06751823425292969,-0.49026966094970703,3.0,0.7142857142857143,66.69552885992064,0.5685383798637706,0
script3_speakerA_literal.wav,3,A,literal,26,140.0,60.9375,0.30067846179008484,0.011751677840948105,-0.28892678394913673,4.0,0.7142857142857143,67.53900231124807,0.34813253128830235,0
script3_speakerA_literal.wav,3,A,literal,26,141.0,46.15384615384615,0.2777581512928009,0.10235090553760529,-0.17540724575519562,5.0,0.7142857142857143,61.45469114219114,0.5860057245638957,1
script3_speakerA_literal.wav,3,A,literal,27,142.0,20.512820512820518,0.23079511523246765,0.15725213289260864,-0.07354298233985901,0.0,0.09090909090909091,42.53472222222222,0.5030059313345917,0
script3_speakerA_literal.wav,3,A,literal,27,143.0,53.608247422680414,0.5322891473770142,0.1395018845796585,-0.39278726279735565,1.0,0.45454545454545453,40.09163802978236,0.5308831208349678,0
script3_speakerA_literal.wav,3,A,literal,27,144.0,59.64912280701755,0.5548641681671143,0.12246482819318771,-0.43239933997392654,2.0,0.5454545454545454,44.59006358083949,0.45432349341958267,0
script3_speakerA_literal.wav,3,A,literal,27,145.0,55.63909774436091,0.5810718536376953,0.23025110363960266,-0.35082074999809265,3.0,0.5454545454545454,56.298822658019624,0.5259884288774459,1
script3_speakerA_literal.wav,3,A,literal,28,146.0,12.82051282051282,0.04180384427309036,-0.00704603549093008,-0.04884987976402044,0.0,0.0,42.70291112396376,0.31124185241497326,0
script3_speakerA_literal.wav,3,A,literal,28,147.0,31.914893617021278,0.12458157539367676,0.012123959138989449,-0.11245761625468731,1.0,0.18181818181818182,33.45816806063167,0.38305911822508776,0
script3_speakerA_literal.wav,3,A,literal,28,148.0,59.50413223140496,0.25476783514022827,0.16297563910484314,-0.09179219603538513,2.0,0.45454545454545453,34.746512889646354,0.4610475488168567,0
script3_speakerA_literal.wav,3,A,literal,28,149.0,72.46376811594203,0.4353584945201874,0.16402271389961243,-0.27133578062057495,3.0,0.6363636363636364,54.62759798812276,0.498351478156059,0
script3_speakerA_literal.wav,3,A,literal,28,150.0,70.0,0.5564589500427246,0.27189862728118896,-0.28456032276153564,4.0,0.6363636363636364,67.32263344911567,0.42122700054804774,1
script3_speakerA_literal.wav,3,A,literal,29,151.0,30.630630630630627,0.06879749149084091,0.10187678784132004,0.033079296350479126,0.0,0.0,57.69813291552422,0.273144280833062,0
script3_speakerA_literal.wav,3,A,literal,29,152.0,39.66942148760331,0.11881501972675323,0.25252342224121094,0.1337084025144577,1.0,0.07692307692307693,46.76668403941131,0.33821017632789696,0
script3_speakerA_literal.wav,3,A,literal,29,153.0,46.05263157894737,0.11922761052846909,0.17572994530200958,0.0565023347735405,2.0,0.23076923076923078,38.78422789906043,0.30095617524760393,0
script3_speakerA_literal.wav,3,A,literal,29,154.0,52.94117647058824,0.08170774579048157,0.16543474793434143,0.08372700214385986,3.0,0.38461538461538464,46.22107651237964,0.45464594305137396,0
script3_speakerA_literal.wav,3,A,literal,29,155.0,56.94444444444444,0.09435708075761795,0.2101210504770279,0.11576396971940994,4.0,0.38461538461538464,51.97941749799335,0.32197219113639997,1
script3_speakerA_literal.wav,3,A,literal,30,156.0,19.780219780219777,0.40301430225372314,0.062394075095653534,-0.3406202271580696,0.0,0.14285714285714285,43.221946898417485,0.3791489730533815,0
script3_speakerA_literal.wav,3,A,literal,30,157.0,39.62264150943396,0.5727885365486145,0.10055913776159286,-0.47222939878702164,1.0,0.2857142857142857,38.78243524469939,0.5433202766022213,0
script3_speakerA_literal.wav,3,A,literal,30,158.0,52.800000000000004,0.721094012260437,0.35020118951797485,-0.37089282274246216,2.0,0.5,37.40095376321791,0.5204162887841586,0
script3_speakerA_literal.wav,3,A,literal,30,159.0,55.072463768115945,0.6533279418945312,0.3718568682670593,-0.2814710736274719,3.0,0.5714285714285714,49.16503509251664,0.3083334550239914,0
script3_speakerA_literal.wav,3,A,literal,30,160.0,50.0,0.5161811113357544,0.2152000367641449,-0.3009810745716095,4.0,0.6428571428571429,52.62415458937198,0.4616823621674748,0
script3_speakerA_literal.wav,3,A,literal,30,161.0,52.41379310344827,0.4115844964981079,0.17625942826271057,-0.23532506823539734,5.0,0.6428571428571429,52.49541895718807,0.3397937126356963,0
script3_speakerA_literal.wav,3,A,literal,30,163.0,46.97986577181208,0.30969083309173584,0.2846466302871704,-0.02504420280456543,7.0,0.6428571428571429,49.79788629175345,0.4676120782002335,1
script3_speakerA_literal.wav,3,A,literal,31,164.0,34.285714285714285,0.3936082124710083,0.20009702444076538,-0.19351118803024292,0.0,0.29411764705882354,44.55979105365821,0.6262463320851519,0
script3_speakerA_literal.wav,3,A,literal,31,165.0,57.60000000000001,0.7229573726654053,0.1466270536184311,-0.5763303190469742,1.0,0.5294117647058824,46.28852668584212,0.4297499602668063,0
script3_speakerA_literal.wav,3,A,literal,31,166.0,62.585034013605444,0.7440552115440369,0.09264646470546722,-0.6514087468385696,2.0,0.6470588235294118,51.49024943310658,0.6739614062124732,0
script3_speakerA_literal.wav,3,A,literal,31,167.0,70.0,0.7439950704574585,0.1276346892118454,-0.6163603812456131,3.0,0.7647058823529411,63.39501133786848,0.6422012058419301,0
script3_speakerA_literal.wav,3,A,literal,31,168.0,55.78231292517006,0.6881976127624512,0.11752530187368393,-0.5706723108887672,4.0,0.7647058823529411,62.7891156462585,0.381992582604575,0
script3_speakerA_literal.wav,3,A,literal,31,169.0,59.57446808510638,0.5747179985046387,0.15889117121696472,-0.41582682728767395,5.0,0.7647058823529411,61.78559367009215,0.47844610663026504,1
script3_speakerA_literal.wav,3,A,literal,32,170.0,47.61904761904761,0.4064558148384094,0.1494419425725937,-0.25701387226581573,0.0,0.2857142857142857,54.325276209774685,0.4340896482769008,0
script3_speakerA_literal.wav,3,A,literal,32,171.0,61.904761904761905,0.5051433444023132,0.3095611333847046,-0.19558221101760864,1.0,0.42857142857142855,56.3660925363053,0.5631839273870846,0
script3_speakerA_literal.wav,3,A,literal,32,172.0,61.74496644295302,0.6395586729049683,0.2760322690010071,-0.3635264039039612,2.0,0.5714285714285714,57.089591988920844,0.3482952443670869,0
script3_speakerA_literal.wav,3,A,literal,32,173.0,59.25925925925925,0.6033720970153809,0.2805928885936737,-0.32277920842170715,3.0,0.5714285714285714,60.96966253565806,0.4193886829124589,1
script3_speakerA_literal.wav,3,A,literal,33,174.0,19.354838709677423,0.1236475259065628,0.04740279167890549,-0.07624473422765732,0.0,0.13333333333333333,46.786354803963235,0.3932116951151147,0
script3_speakerA_literal.wav,3,A,literal,33,175.0,46.95652173913043,0.41365760564804077,0.008095622062683105,-0.40556198358535767,1.0,0.3333333333333333,41.856873236022366,0.41257398284463687,0
script3_speakerA_literal.wav,3,A,literal,33,176.0,56.69291338582677,0.4442196488380432,0.030037712305784225,-0.414181936532259,2.0,0.4,41.00142461154488,0.32389229968247063,0
script3_speakerA_literal.wav,3,A,literal,33,177.0,68.05555555555556,0.5654523372650146,0.20733879506587982,-0.3581135421991348,3.0,0.5333333333333333,57.23499689350425,0.556116691050275,0
script3_speakerA_literal.wav,3,A,literal,33,178.0,70.74829931972789,0.6936633586883545,0.3393710255622864,-0.3542923331260681,4.0,0.6666666666666666,65.16558942037007,0.4298579008831138,0
script3_speakerA_literal.wav,3,A,literal,33,179.0,63.23529411764706,0.36726564168930054,0.23333203792572021,-0.13393360376358032,5.0,0.6666666666666666,67.3463829976435,0.34833021636684003,0
script3_speakerA_literal.wav,3,A,literal,33,180.0,55.81395348837209,0.4063108265399933,0.2546060085296631,-0.1517048180103302,6.0,0.6666666666666666,63.265848975249014,0.4999997531785741,1
script3_speakerA_literal.wav,3,A,literal,34,181.0,40.40404040404041,0.8350694179534912,0.3391115069389343,-0.4959579110145569,0.0,0.3333333333333333,53.15109600335319,0.5588185777308767,0
script3_speakerA_literal.wav,3,A,literal,34,182.0,53.2258064516129,0.7578239440917969,0.3643929362297058,-0.39343100786209106,1.0,0.4166666666666667,49.81460011467513,0.41549252582797175,0
script3_speakerA_literal.wav,3,A,literal,34,183.0,61.224489795918366,0.7651417255401611,0.3628659248352051,-0.40227580070495605,2.0,0.5833333333333334,51.61811221719056,0.4007727275571992,0
script3_speakerA_literal.wav,3,A,literal,34,184.0,61.146496815286625,0.7502061128616333,0.3773477375507355,-0.3728583753108978,3.0,0.5833333333333334,58.53226435427263,0.317301136475495,1
script3_speakerA_literal.wav,3,A,literal,35,185.0,40.40404040404041,0.5402506589889526,0.16315442323684692,-0.3770962357521057,0.0,0.2727272727272727,54.25834233841513,0.5410627113517953,0
script3_speakerA_literal.wav,3,A,literal,35,186.0,47.36842105263158,0.562859833240509,0.16289976239204407,-0.39996007084846497,1.0,0.2727272727272727,49.63965275731954,0.4129505904449798,0
script3_speakerA_literal.wav,3,A,literal,35,187.0,70.07299270072993,0.7126559019088745,0.25089210271835327,-0.46176379919052124,2.0,0.5454545454545454,52.61515138580064,0.5211303495229961,0
script3_speakerA_literal.wav,3,A,literal,35,188.0,61.935483870967744,0.61958909034729,0.28486230969429016,-0.3347267806529999,3.0,0.5454545454545454,59.79229920810975,0.4339795699785993,0
script3_speakerA_literal.wav,3,A,literal,35,189.0,57.51633986928104,0.5011316537857056,0.468668133020401,-0.032463520765304565,4.0,0.5454545454545454,63.17493881365957,0.5253417806689175,1
script3_speakerA_literal.wav,3,A,literal,36,190.0,36.36363636363637,0.30676859617233276,0.36287355422973633,0.056104958057403564,0.0,0.15384615384615385,51.93848670129505,0.4482941710375709,0
script3_speakerA_literal.wav,3,A,literal,36,191.0,61.05263157894737,0.5540226101875305,0.30156755447387695,-0.25245505571365356,1.0,0.3076923076923077,51.64420260395492,0.3750484520999597,0
script3_speakerA_literal.wav,3,A,literal,36,192.0,61.68224299065421,0.33019140362739563,0.21754807233810425,-0.11264333128929138,2.0,0.3076923076923077,53.03283697774598,0.2973036460196488,0
script3_speakerA_literal.wav,3,A,literal,36,193.0,59.82905982905983,0.3986738920211792,0.2981504797935486,-0.10052341222763062,3.0,0.3076923076923077,60.8546447995538,0.6905108709797255,1
script3_speakerA_literal.wav,3,A,literal,37,194.0,23.076923076923073,0.367745041847229,0.4002704620361328,0.03252542018890381,0.0,0.1111111111111111,48.19607529887904,0.3688307654068856,0
script3_speakerA_literal.wav,3,A,literal,37,195.0,36.36363636363637,0.378964364528656,0.41346943378448486,0.03450506925582886,1.0,0.1111111111111111,39.75653975653976,0.5061410402835493,0
script3_speakerA_literal.wav,3,A,literal,37,196.0,50.98039215686274,0.5588182210922241,0.5846248865127563,0.025806665420532227,2.0,0.4444444444444444,36.806983865807396,0.7454414189178328,0
script3_speakerA_literal.wav,3,A,literal,37,197.0,74.19354838709677,0.6656508445739746,0.5313524007797241,-0.1342984437942505,3.0,0.8888888888888888,53.84585896919862,0.37543165332979683,0
script3_speakerA_literal.wav,3,A,literal,37,198.0,68.37606837606837,0.6939562559127808,0.3725810647010803,-0.32137519121170044,4.0,0.8888888888888888,64.5166696400093,0.4437559432494756,1
script3_speakerA_literal.wav,3,A,literal,38,199.0,37.2093023255814,0.503440260887146,0.26957765221595764,-0.23386260867118835,0.0,0.23076923076923078,59.92630636291551,0.4796210966365059,0
script3_speakerA_literal.wav,3,A,literal,38,200.0,59.82905982905983,0.7294568419456482,0.2785029709339142,-0.450953871011734,1.0,0.5384615384615384,55.13814351023653,0.48263020267785894,0
script3_speakerA_literal.wav,3,A,literal,38,201.0,75.18796992481202,0.8112928867340088,0.30182936787605286,-0.5094635188579559,2.0,0.6153846153846154,57.40877735981775,0.5075303158119195,0
script3_speakerA_literal.wav,3,A,literal,38,202.0,70.4225352112676,0.625743567943573,0.23358964920043945,-0.39215391874313354,3.0,0.6153846153846154,68.47985498837981,0.2251997769930052,0
script3_speakerA_literal.wav,3,A,literal,38,204.0,62.77372262773723,0.5222246646881104,0.3297152817249298,-0.19250938296318054,5.0,0.6153846153846154,69.46140925460561,0.4541687542614094,1
script3_speakerA_literal.wav,3,A,literal,39,205.0,26.37362637362637,0.41262829303741455,0.13671889901161194,-0.2759093940258026,0.0,0.15384615384615385,53.1899614042104,0.523273318205688,0
script3_speakerA_literal.wav,3,A,literal,39,206.0,38.18181818181819,0.37045174837112427,0.20314207673072815,-0.16730967164039612,1.0,0.15384615384615385,42.44305572772726,0.4396477543753071,0
script3_speakerA_literal.wav,3,A,literal,39,207.0,50.0,0.3705408573150635,0.19574201107025146,-0.174798846244812,2.0,0.3076923076923077,38.185148185148186,0.4467323337934174,0
script3_speakerA_literal.wav,3,A,literal,39,208.0,63.51351351351351,0.4651610255241394,0.207137793302536,-0.2580232322216034,3.0,0.5384615384615384,50.565110565110565,0.5832143498242514,1
script3_speakerA_literal.wav,3,A,literal,40,209.0,32.96703296703297,0.3835972547531128,0.14425644278526306,-0.23934081196784973,0.0,0.21428571428571427,48.826848826848824,0.7003851461624225,0
script3_speakerA_literal.wav,3,A,literal,40,211.0,45.45454545454546,0.5868827104568481,0.1315465122461319,-0.45533619821071625,2.0,0.35714285714285715,47.311697311697316,0.3164204204486359,0
script3_speakerA_literal.wav,3,A,literal,40,212.0,56.666666666666664,0.6747799515724182,0.26872000098228455,-0.40605995059013367,3.0,0.5,45.029415029415034,0.42447570234027443,0
script3_speakerA_literal.wav,3,A,literal,40,213.0,67.13286713286713,0.7270227670669556,0.28129053115844727,-0.4457322359085083,4.0,0.7142857142857143,56.41802641802642,0.5415918674906677,0
script3_speakerA_literal.wav,3,A,literal,40,214.0,61.31386861313868,0.47813186049461365,0.1899922788143158,-0.28813958168029785,5.0,0.7142857142857143,61.704467470890826,0.36626066899212645,1
script3_speakerA_literal.wav,3,A,literal,41,215.0,24.742268041237114,0.04685163497924805,-0.004038281738758087,-0.050889916718006134,0.0,0.0,51.06300126241431,0.25849248623208215,0
script3_speakerA_literal.wav,3,A,literal,41,216.0,44.067796610169495,0.14795348048210144,0.08870506286621094,-0.0592484176158905,1.0,0.07142857142857142,43.3746444215151,0.4706459457545035,0
script3_speakerA_literal.wav,3,A,literal,41,217.0,49.63503649635036,0.14548596739768982,0.13985088467597961,-0.005635082721710205,2.0,0.14285714285714285,39.48170038258566,0.49059990530089187,0
script3_speakerA_literal.wav,3,A,literal,41,218.0,60.526315789473685,0.2511005997657776,0.15857701003551483,-0.09252358973026276,3.0,0.2857142857142857,51.40971629866451,0.518772683005932,0
script3_speakerA_literal.wav,3,A,literal,41,219.0,73.88535031847134,0.6172735691070557,0.38002443313598633,-0.23724913597106934,4.0,0.7142857142857143,61.34890086809846,0.6291676638760371,0
script3_speakerA_literal.wav,3,A,literal,41,220.0,71.23287671232876,0.6589556932449341,0.3360316753387451,-0.32292401790618896,5.0,0.7142857142857143,68.54818094009126,0.34482307160337206,0
script3_speakerA_literal.wav,3,A,literal,41,221.0,62.5,0.6598746180534363,0.28143689036369324,-0.37843772768974304,6.0,0.7142857142857143,69.20607567693337,0.6872594154930932,1
script3_speakerA_literal.wav,3,A,literal,42,222.0,27.027027027027028,-0.0060096364468336105,0.057332754135131836,0.06334239058196545,0.0,0.07142857142857142,53.58663457978526,0.3995839581972026,0
script3_speakerA_literal.wav,3,A,literal,42,223.0,37.704918032786885,0.008587435819208622,0.07218517363071442,0.0635977378115058,1.0,0.14285714285714285,42.410648353271306,0.3928323573645424,0
script3_speakerA_literal.wav,3,A,literal,42,224.0,48.17518248175182,0.0806829184293747,0.12288704514503479,0.042204126715660095,2.0,0.14285714285714285,37.635709180521914,0.3683360538389467,0
script3_speakerA_literal.wav,3,A,literal,42,225.0,57.89473684210527,0.31234288215637207,0.24387609958648682,-0.06846678256988525,3.0,0.14285714285714285,47.92494578554799,0.3735562020256666,0
script3_speakerA_literal.wav,3,A,literal,42,226.0,61.64383561643836,0.5817031860351562,0.3325391709804535,-0.24916401505470276,4.0,0.2857142857142857,55.904584980098484,0.3052703772909439,0
script3_speakerA_literal.wav,3,A,literal,42,227.0,58.44155844155844,0.5668558478355408,0.5599442720413208,-0.006911575794219971,5.0,0.35714285714285715,59.32671030003402,0.6557209520587801,1
script3_speakerA_literal.wav,3,A,literal,43,228.0,43.29896907216495,0.39958083629608154,-0.01971285045146942,-0.41929368674755096,0.0,0.2727272727272727,54.46145437672058,0.541894621376021,0
script3_speakerA_literal.wav,3,A,literal,43,229.0,61.261261261261254,0.5063128471374512,0.03545054420828819,-0.470862302929163,1.0,0.5454545454545454,54.33392959166155,0.554291572649387,0
script3_speakerA_literal.wav,3,A,literal,43,230.0,68.70229007633588,0.5274137854576111,0.019245771691203117,-0.508168013766408,2.0,0.7272727272727273,57.754173469920694,0.43313319298846625,0
script3_speakerA_literal.wav,3,A,literal,43,231.0,68.53146853146853,0.5268040895462036,0.10895578563213348,-0.41784830391407013,3.0,0.7272727272727273,66.1650066230219,0.3296016504441668,1
script3_speakerA_literal.wav,3,A,literal,44,232.0,23.25581395348837,0.3460858464241028,0.2402232140302658,-0.10586263239383698,0.0,0.08333333333333333,53.4965241870976,0.28048358840924187,0
script3_speakerA_literal.wav,3,A,literal,44,233.0,54.20560747663552,0.4949250817298889,0.2505236566066742,-0.24440142512321472,1.0,0.3333333333333333,48.66429665386414,0.5835441682795072,0
script3_speakerA_literal.wav,3,A,literal,44,234.0,72.0,0.6004844307899475,0.3552039861679077,-0.2452804446220398,2.0,0.6666666666666666,49.8204738100413,0.5932944708650959,0
script3_speakerA_literal.wav,3,A,literal,44,235.0,69.50354609929079,0.5463366508483887,0.3192010521888733,-0.22713559865951538,3.0,0.6666666666666666,65.23638452530876,0.39758274150635586,0
script3_speakerA_literal.wav,3,A,literal,44,237.0,68.53146853146853,0.3644663393497467,0.27226704359054565,-0.09219929575920105,5.0,0.6666666666666666,70.01167154358644,0.6304020622906149,1
script3_speakerA_literal.wav,3,A,literal,45,238.0,27.6595744680851,0.16454900801181793,0.0388931930065155,-0.12565581500530243,0.0,0.07692307692307693,55.23152969961481,0.4718286811652986,0
script3_speakerA_literal.wav,3,A,literal,45,239.0,50.0,0.19574445486068726,0.03369536250829697,-0.1620490923523903,1.0,0.23076923076923078,48.73034766651788,0.3868432225510429,0
script3_speakerA_literal.wav,3,A,literal,45,240.0,71.53284671532847,0.2866033911705017,0.13766729831695557,-0.14893609285354614,2.0,0.46153846153846156,49.73080706113786,0.5400018838393142,0
script3_speakerA_literal.wav,3,A,literal,45,241.0,68.83116883116884,0.278873085975647,0.1904413402080536,-0.08843174576759338,3.0,0.46153846153846156,63.45467184883244,0.5374042633345711,1
script3_speakerA_literal.wav,3,A,literal,46,242.0,39.252336448598136,0.41721686720848083,0.21455702185630798,-0.20265984535217285,0.0,0.25,59.87211733169848,0.45708101924126915,0
script3_speakerA_literal.wav,3,A,literal,46,243.0,51.66666666666666,0.3613288998603821,0.11649759113788605,-0.24483130872249603,1.0,0.3333333333333333,53.250057315477875,0.5198157519996652,0
script3_speakerA_literal.wav,3,A,literal,46,244.0,60.46511627906976,0.44781675934791565,0.0915025919675827,-0.35631416738033295,2.0,0.4166666666666667,50.46137313144485,0.27024779405429933,0
script3_speakerA_literal.wav,3,A,literal,46,245.0,67.13286713286713,0.500019907951355,0.11624084413051605,-0.38377906382083893,3.0,0.5,59.75488335953452,0.7625816534199614,0
script3_speakerA_literal.wav,3,A,literal,46,246.0,52.17391304347826,0.3871053457260132,0.070149727165699,-0.3169556185603142,4.0,0.5833333333333334,59.92396548513838,0.37965111695911535,1
script3_speakerA_literal.wav,3,A,literal,47,247.0,37.362637362637365,0.27073872089385986,0.15883073210716248,-0.11190798878669739,0.0,0.18181818181818182,52.22313917966092,0.5509907767753812,0
script3_speakerA_literal.wav,3,A,literal,47,248.0,45.36082474226804,0.35552722215652466,0.13702158629894257,-0.2185056358575821,1.0,0.2727272727272727,44.96579171612789,0.40710194157358454,0
script3_speakerA_literal.wav,3,A,literal,47,249.0,68.37606837606837,0.4860261082649231,0.12091866880655289,-0.3651074394583702,2.0,0.45454545454545453,50.366510160324594,0.6360818573850088,0
script3_speakerA_literal.wav,3,A,literal,47,250.0,78.78787878787878,0.5411049127578735,0.1643797755241394,-0.37672513723373413,3.0,0.5454545454545454,64.1749239687384,0.38910800149280694,0
script3_speakerA_literal.wav,3,A,literal,47,251.0,68.18181818181819,0.45122164487838745,0.11549879610538483,-0.3357228487730026,4.0,0.5454545454545454,71.78192178192178,0.3063277919721601,0
script3_speakerA_literal.wav,3,A,literal,47,252.0,59.72222222222222,0.5142617225646973,0.2822558879852295,-0.23200583457946777,5.0,0.5454545454545454,68.8973063973064,0.6878212765369285,1
script3_speakerA_literal.wav,3,A,literal,48,253.0,39.583333333333336,0.45569828152656555,0.016161924228072166,-0.4395363572984934,0.0,0.2857142857142857,55.82912457912458,0.6890310526338447,0
script3_speakerA_literal.wav,3,A,literal,48,254.0,62.06896551724138,0.47179141640663147,0.08474259078502655,-0.3870488256216049,1.0,0.5714285714285714,53.79150702426565,0.6048840132621117,0
script3_speakerA_literal.wav,3,A,literal,48,255.0,84.05797101449275,0.8028472065925598,0.08034133911132812,-0.7225058674812317,2.0,0.8571428571428571,61.903423288355825,0.545585249593225,0
script3_speakerA_literal.wav,3,A,literal,48,256.0,80.55555555555556,0.7393114566802979,0.10543034225702286,-0.633881114423275,3.0,0.8571428571428571,75.56083069576323,0.5279899769445476,1
script3_speakerA_literal.wav,3,A,literal,49,257.0,9.638554216867467,0.6112133860588074,0.15881052613258362,-0.45240285992622375,0.0,0.07142857142857142,58.08402692897192,0.24836080903131236,0
script3_speakerA_literal.wav,3,A,literal,49,258.0,32.6530612244898,0.6944949626922607,0.15991520881652832,-0.5345797538757324,1.0,0.14285714285714285,40.94905699897094,0.4633895987953755,0
script3_speakerA_literal.wav,3,A,literal,49,259.0,49.09090909090909,0.6742047667503357,0.12912458181381226,-0.5450801849365234,2.0,0.21428571428571427,30.46084151075545,0.43922971468878547,0
script3_speakerA_literal.wav,3,A,literal,49,260.0,58.914728682170534,0.7306015491485596,0.20624171197414398,-0.5243598371744156,3.0,0.2857142857142857,46.88623299918981,0.3846325821708797,0
script3_speakerA_literal.wav,3,A,literal,49,261.0,65.69343065693431,0.5681968927383423,0.23001016676425934,-0.33818672597408295,4.0,0.5,57.89968947667131,0.45771701173584706,0
script3_speakerA_literal.wav,3,A,literal,49,262.0,58.992805755395686,0.16906291246414185,0.2144840955734253,0.04542118310928345,5.0,0.5,61.200321698166846,0.35888645052815393,0
script3_speakerA_literal.wav,3,A,literal,49,264.0,48.951048951048946,0.13329695165157318,0.22717779874801636,0.09388084709644318,7.0,0.5,57.87909512112631,0.6002211797680876,1
script3_speakerA_literal.wav,3,A,literal,50,265.0,38.38383838383839,0.11449776589870453,0.06637679040431976,-0.048120975494384766,0.0,0.2727272727272727,48.77589769676101,0.4370684609502244,0
script3_speakerA_literal.wav,3,A,literal,50,266.0,52.100840336134446,0.21560055017471313,0.1716015636920929,-0.04399898648262024,1.0,0.36363636363636365,46.47857589034059,0.3689957686092469,0
script3_speakerA_literal.wav,3,A,literal,50,267.0,71.01449275362319,0.4339587390422821,0.21451690793037415,-0.21944183111190796,2.0,0.6363636363636364,53.83305715786534,0.6183385595155289,0
script3_speakerA_literal.wav,3,A,literal,50,269.0,65.359477124183,0.4441241919994354,0.262274831533432,-0.18184936046600342,4.0,0.6363636363636364,62.82493673798021,0.7200600634650389,1
script3_speakerA_literal.wav,3,A,literal,51,270.0,29.166666666666664,0.10728331655263901,0.07348482310771942,-0.033798493444919586,0.0,0.0,55.18021218149095,0.40165381336038625,0
script3_speakerA_literal.wav,3,A,literal,51,271.0,43.85964912280702,0.18222199380397797,0.051492899656295776,-0.1307290941476822,1.0,0.21428571428571427,46.12859763788556,0.4650669818110571,0
script3_speakerA_literal.wav,3,A,literal,51,272.0,53.125,0.17354480922222137,0.12280695885419846,-0.05073785036802292,2.0,0.2857142857142857,42.050438596491226,0.4031184305389416,0
script3_speakerA_literal.wav,3,A,literal,51,273.0,57.55395683453237,0.2188829928636551,0.14176176488399506,-0.07712122797966003,3.0,0.42857142857142855,51.512868652446464,0.5913038440470089,1
script3_speakerA_literal.wav,3,A,literal,52,274.0,44.89795918367348,0.39552462100982666,0.39552462100982666,0.0,0.0,0.3333333333333333,51.85897200606862,0.6135925978183917,0
script3_speakerA_literal.wav,3,A,literal,52,275.0,56.88073394495412,0.47673511505126953,0.47673511505126953,0.0,1.0,0.5,53.11088332105332,0.4511549034780983,0
script3_speakerA_literal.wav,3,A,literal,52,276.0,56.63716814159292,0.47369468212127686,0.47369468212127686,0.0,2.0,0.5,52.805287090073506,0.4735900790822154,0
script3_speakerA_literal.wav,3,A,literal,52,277.0,64.0625,0.6385751962661743,0.6385751962661743,0.0,3.0,0.5833333333333334,59.193467362182346,0.47966052300178813,0
script3_speakerA_literal.wav,3,A,literal,52,278.0,50.0,0.4961530864238739,0.4961530864238739,0.0,4.0,0.5833333333333334,56.89988938053097,0.37599233257498116,0
script3_speakerA_paraphrase.wav,3,A,paraphrase,0,1.0,23.376623376623375,0.34124213457107544,0.08389938622713089,-0.25734274834394455,0.0,0.14285714285714285,23.376623376623375,0.5832197313817358,0
script3_speakerA_paraphrase.wav,3,A,paraphrase,0,2.0,52.17391304347826,0.5373060703277588,0.16127750277519226,-0.37602856755256653,1.0,0.35714285714285715,37.77526821005082,0.6161251142608721,0
script3_speakerA_paraphrase.wav,3,A,paraphrase,0,3.0,74.3801652892562,0.48643869161605835,0.13751909136772156,-0.3489196002483368,2.0,0.5714285714285714,49.97690056978594,0.3692086248676598,0
script3_speakerA_paraphrase.wav,3,A,paraphrase,0,4.0,87.76978417266187,0.7234612703323364,0.09530246257781982,-0.6281588077545166,3.0,0.8571428571428571,71.44128750179877,0.5150122689764303,0
script3_speakerA_paraphrase.wav,3,A,paraphrase,0,5.0,76.81159420289855,0.6205666065216064,0.10956278443336487,-0.5110038220882416,4.0,0.8571428571428571,79.65384788827221,0.7523500901912165,1
script3_speakerA_paraphrase.wav,3,A,paraphrase,1,6.0,42.00000000000001,0.41645190119743347,0.1594795435667038,-0.2569723576307297,0.0,0.26666666666666666,68.86045945852014,0.4702993597845872,0
script3_speakerA_paraphrase.wav,3,A,paraphrase,1,7.0,53.09734513274336,0.5126112103462219,0.24097421765327454,-0.2716369926929474,1.0,0.3333333333333333,57.302979778547304,0.5033160242403689,0
script3_speakerA_paraphrase.wav,3,A,paraphrase,1,8.0,58.06451612903225,0.5432080626487732,0.19738277792930603,-0.34582528471946716,2.0,0.3333333333333333,51.05395375392521,0.3016855546176392,0
script3_speakerA_paraphrase.wav,3,A,paraphrase,1,9.0,66.20689655172414,0.5472633838653564,0.19733312726020813,-0.3499302566051483,3.0,0.6,59.12291927116658,0.5475068665499851,0
script3_speakerA_paraphrase.wav,3,A,paraphrase,1,10.0,52.23880597014925,0.21657022833824158,0.1857413649559021,-0.030828863382339478,4.0,0.6,58.83673955030188,0.2796171155627916,1
script3_speakerA_paraphrase.wav,3,A,paraphrase,2,11.0,25.49019607843137,0.2864726185798645,0.05666908994317055,-0.22980352863669395,0.0,0.21428571428571427,47.97863286676825,0.4874691177085242,0
script3_speakerA_paraphrase.wav,3,A,paraphrase,2,12.0,46.55172413793104,0.540325403213501,0.1760292798280716,-0.3642961233854294,1.0,0.42857142857142855,41.42690872883722,0.6504814840216723,0
script3_speakerA_paraphrase.wav,3,A,paraphrase,2,13.0,68.02721088435374,0.7274136543273926,0.23423783481121063,-0.49317581951618195,2.0,0.7142857142857143,46.68971036690538,0.5826378675497604,0
script3_speakerA_paraphrase.wav,3,A,paraphrase,2,14.0,85.38011695906434,0.774635910987854,0.28870224952697754,-0.48593366146087646,3.0,0.8571428571428571,66.65301732711637,0.5182192793109648,0
script3_speakerA_paraphrase.wav,3,A,paraphrase,2,15.0,81.17647058823529,0.5789283514022827,0.242363840341568,-0.3365645110607147,4.0,0.9285714285714286,78.19459947721779,0.3407928893237762,0
script3_speakerA_paraphrase.wav,3,A,paraphrase,2,16.0,77.84431137724552,0.4647318720817566,0.24598759412765503,-0.21874427795410156,5.0,0.9285714285714286,81.46696630818171,0.4407165902657938,1
script3_speakerA_paraphrase.wav,3,A,paraphrase,3,17.0,18.965517241379317,0.1092425137758255,0.12357808649539948,0.014335572719573975,0.0,0.07692307692307693,59.32876640228671,0.5391024750679345,0
script3_speakerA_paraphrase.wav,3,A,paraphrase,3,18.0,32.06106870229007,0.40781325101852417,0.22237548232078552,-0.18543776869773865,1.0,0.15384615384615385,42.9569657736383,0.40738952061675654,0
script3_speakerA_paraphrase.wav,3,A,paraphrase,3,19.0,49.66442953020134,0.5563623905181885,0.2321036010980606,-0.32425878942012787,2.0,0.23076923076923078,33.563671824623576,0.3763307771827068,0
script3_speakerA_paraphrase.wav,3,A,paraphrase,3,20.0,61.81818181818181,0.6661104559898376,0.21100403368473053,-0.4551064223051071,3.0,0.38461538461538464,47.84789335022441,0.6217958580834831,0
script3_speakerA_paraphrase.wav,3,A,paraphrase,3,21.0,65.06024096385542,0.7669190764427185,0.23573355376720428,-0.5311855226755142,4.0,0.46153846153846156,58.84761743741286,0.4074623335754038,0
script3_speakerA_paraphrase.wav,3,A,paraphrase,3,22.0,60.97560975609756,0.6885104775428772,0.2042563259601593,-0.4842541515827179,5.0,0.46153846153846156,62.61801084604493,0.36918997601102094,0
script3_speakerA_paraphrase.wav,3,A,paraphrase,3,23.0,47.13375796178344,0.5021480321884155,0.23246148228645325,-0.2696865499019623,6.0,0.46153846153846156,57.72320289391214,0.6573429220405809,1
script3_speakerA_paraphrase.wav,3,A,paraphrase,4,24.0,37.03703703703704,0.37777626514434814,-0.05103730037808418,-0.4288135655224323,0.0,0.3,48.382134918306015,0.5154640101552532,0
script3_speakerA_paraphrase.wav,3,A,paraphrase,4,25.0,65.99999999999999,0.4970625638961792,-0.0023780204355716705,-0.49944058433175087,1.0,0.5,50.056931666273485,0.516824714867644,0
script3_speakerA_paraphrase.wav,3,A,paraphrase,4,26.0,80.35714285714286,0.7520022392272949,0.12008475512266159,-0.6319174841046333,2.0,0.7,61.13139329805996,0.3917873046903512,0
script3_speakerA_paraphrase.wav,3,A,paraphrase,4,27.0,72.44094488188976,0.7048805952072144,0.4064435362815857,-0.29843705892562866,3.0,0.7,72.93269591301087,0.5825471270805636,1
script3_speakerA_paraphrase.wav,3,A,paraphrase,5,28.0,54.054054054054056,0.6162735223770142,0.3005698025226593,-0.31570371985435486,0.0,0.5,68.9507139310289,0.5198863053762361,0
script3_speakerA_paraphrase.wav,3,A,paraphrase,5,29.0,79.12087912087912,0.730704665184021,0.36070236563682556,-0.37000229954719543,1.0,0.875,68.53862601894099,0.4888365289975825,1
script3_speakerA_paraphrase.wav,3,A,paraphrase,6,31.0,25.225225225225223,0.06561682373285294,0.14450190961360931,0.07888508588075638,0.0,0.08333333333333333,52.8000528000528,0.5377035217162451,0
script3_speakerA_paraphrase.wav,3,A,paraphrase,6,32.0,42.74809160305344,0.22102823853492737,0.0701683759689331,-0.15085986256599426,1.0,0.16666666666666666,49.031398649719264,0.37569072193387915,0
script3_speakerA_paraphrase.wav,3,A,paraphrase,6,33.0,52.77777777777778,0.27807074785232544,0.034864649176597595,-0.24320609867572784,2.0,0.3333333333333333,40.25036486868548,0.5015207851523443,0
script3_speakerA_paraphrase.wav,3,A,paraphrase,6,34.0,51.28205128205128,0.28726840019226074,0.06828736513853073,-0.21898103505373,3.0,0.3333333333333333,48.935973554294165,0.29370680396283777,0
script3_speakerA_paraphrase.wav,3,A,paraphrase,6,35.0,48.611111111111114,0.3310355544090271,0.11689915508031845,-0.21413639932870865,4.0,0.3333333333333333,50.89031339031339,0.39249831762924625,0
script3_speakerA_paraphrase.wav,3,A,paraphrase,6,37.0,41.379310344827594,0.4302673935890198,0.24172677099704742,-0.18854062259197235,6.0,0.3333333333333333,47.090824245996664,0.4529367897236335,1
script3_speakerA_paraphrase.wav,3,A,paraphrase,7,38.0,37.142857142857146,0.47206777334213257,0.3007102906703949,-0.17135748267173767,0.0,0.3,42.377759532931954,0.47890210854005233,0
script3_speakerA_paraphrase.wav,3,A,paraphrase,7,39.0,76.59574468085107,0.747983455657959,0.2588813006877899,-0.48910215497016907,1.0,0.6,51.70597072284527,0.6223697945732597,0
script3_speakerA_paraphrase.wav,3,A,paraphrase,7,41.0,71.69811320754718,0.5369620323181152,0.1862703561782837,-0.35069167613983154,3.0,0.6,61.8122383437518,0.3873750425239597,1
script3_speakerA_paraphrase.wav,3,A,paraphrase,8,42.0,38.0,0.1241772472858429,0.027931740507483482,-0.09624550677835941,0.0,0.21428571428571427,62.097952629466086,0.40615256752903,0
script3_speakerA_paraphrase.wav,3,A,paraphrase,8,43.0,47.27272727272728,0.14620071649551392,0.061700671911239624,-0.08450004458427429,1.0,0.2857142857142857,52.32361349342482,0.27667484692169253,0
script3_speakerA_paraphrase.wav,3,A,paraphrase,8,44.0,67.66917293233084,0.25954654812812805,0.08804482221603394,-0.17150172591209412,2.0,0.5714285714285714,50.98063340168604,0.5703519758152418,0
script3_speakerA_paraphrase.wav,3,A,paraphrase,8,45.0,77.77777777777779,0.5275455713272095,0.14238986372947693,-0.38515570759773254,3.0,0.6428571428571429,64.2398926609453,0.4510701225571442,1
script3_speakerA_paraphrase.wav,3,A,paraphrase,9,46.0,20.618556701030933,0.3927077353000641,0.15641319751739502,-0.23629453778266907,0.0,0.15384615384615385,55.355169137046516,0.5107591916503308,0
script3_speakerA_paraphrase.wav,3,A,paraphrase,9,47.0,49.586776859504134,0.6107729077339172,0.20919206738471985,-0.4015808403491974,1.0,0.3076923076923077,49.32770377943762,0.45069136290702805,0
script3_speakerA_paraphrase.wav,3,A,paraphrase,9,48.0,57.57575757575757,0.6618993282318115,0.24999114871025085,-0.41190817952156067,2.0,0.38461538461538464,42.59369704543088,0.49425706813939996,0
script3_speakerA_paraphrase.wav,3,A,paraphrase,9,49.0,63.576158940397356,0.6747434139251709,0.25012731552124023,-0.42461609840393066,3.0,0.46153846153846156,56.91289779188635,0.5843244891060573,0
script3_speakerA_paraphrase.wav,3,A,paraphrase,9,50.0,66.23376623376623,0.40447109937667847,0.1743505299091339,-0.23012056946754456,4.0,0.46153846153846156,62.46189424997372,0.42294128002661935,0
script3_speakerA_paraphrase.wav,3,A,paraphrase,9,51.0,56.11510791366907,0.3304036855697632,0.2849630117416382,-0.045440673828125,5.0,0.5384615384615384,61.97501102927755,0.4328676016511004,1
script3_speakerA_paraphrase.wav,3,A,paraphrase,10,52.0,35.84905660377359,0.2724316418170929,0.19498908519744873,-0.07744255661964417,0.0,0.18181818181818182,52.7326435837363,0.5027492728345296,0
script3_speakerA_paraphrase.wav,3,A,paraphrase,10,53.0,45.90163934426229,0.22411832213401794,0.25239425897598267,0.02827593684196472,1.0,0.2727272727272727,45.955267953901654,0.27102649804199574,0
script3_speakerA_paraphrase.wav,3,A,paraphrase,10,54.0,57.14285714285714,0.26599061489105225,0.27023959159851074,0.004248976707458496,2.0,0.45454545454545453,46.29785103029767,0.4637963208027901,0
script3_speakerA_paraphrase.wav,3,A,paraphrase,10,55.0,58.38509316770186,0.40502119064331055,0.28649547696113586,-0.11852571368217468,3.0,0.45454545454545453,53.80986321827376,0.4289258557743894,1
script3_speakerA_paraphrase.wav,3,A,paraphrase,11,56.0,5.714285714285716,0.2431582808494568,0.23107081651687622,-0.012087464332580566,0.0,0.08333333333333333,40.414078674948236,0.4805482456075978,0
script3_speakerA_paraphrase.wav,3,A,paraphrase,11,57.0,43.956043956043956,0.3314720690250397,0.21025364100933075,-0.12121842801570892,1.0,0.4166666666666667,36.01847427934384,0.45511290781495034,0
script3_speakerA_paraphrase.wav,3,A,paraphrase,11,58.0,57.14285714285714,0.32972097396850586,0.17486241459846497,-0.1548585593700409,2.0,0.5,35.604395604395606,0.37359225933122564,0
script3_speakerA_paraphrase.wav,3,A,paraphrase,11,59.0,64.0625,0.37939468026161194,0.2639465034008026,-0.11544817686080933,3.0,0.5833333333333334,55.053800366300365,0.553020255472308,0
script3_speakerA_paraphrase.wav,3,A,paraphrase,11,60.0,72.59259259259258,0.6531637907028198,0.4041379690170288,-0.24902582168579102,4.0,0.6666666666666666,64.59931657848324,0.3893998337527005,1
script3_speakerA_paraphrase.wav,3,A,paraphrase,12,61.0,30.76923076923077,0.48681753873825073,0.30285993218421936,-0.18395760655403137,0.0,0.08333333333333333,55.80810778727445,0.4217641139887226,0
script3_speakerA_paraphrase.wav,3,A,paraphrase,12,62.0,41.9047619047619,0.6810184121131897,0.33019572496414185,-0.35082268714904785,1.0,0.16666666666666666,48.42219508886175,0.30338176120682186,0
script3_speakerA_paraphrase.wav,3,A,paraphrase,12,63.0,60.8,0.7494438290596008,0.3314208984375,-0.41802293062210083,2.0,0.3333333333333333,44.49133089133089,0.7148161395130208,0
script3_speakerA_paraphrase.wav,3,A,paraphrase,12,64.0,61.74496644295302,0.5802415609359741,0.39975032210350037,-0.18049123883247375,3.0,0.3333333333333333,54.81657611590497,0.2834717841770876,0
script3_speakerA_paraphrase.wav,3,A,paraphrase,12,65.0,59.42028985507246,0.40577757358551025,0.29301023483276367,-0.11276733875274658,4.0,0.3333333333333333,60.65508543267516,0.49129883779400063,1
script3_speakerA_paraphrase.wav,3,A,paraphrase,13,66.0,43.47826086956522,0.8400363922119141,0.25902724266052246,-0.5810091495513916,0.0,0.4,54.8811723891969,0.5458067942341626,0
script3_speakerA_paraphrase.wav,3,A,paraphrase,13,67.0,63.63636363636363,0.856346607208252,0.25824421644210815,-0.5981023907661438,1.0,0.5,55.51163812033377,0.5119555241857772,0
script3_speakerA_paraphrase.wav,3,A,paraphrase,13,68.0,72.99270072992701,0.8124240040779114,0.23943312466144562,-0.5729908794164658,2.0,0.7,60.03577507861862,0.40362042950973287,0
script3_speakerA_paraphrase.wav,3,A,paraphrase,13,69.0,58.95953757225434,0.6583975553512573,0.13817229866981506,-0.5202252566814423,3.0,0.7,65.19620064618167,0.34847158223406216,0
script3_speakerA_paraphrase.wav,3,A,paraphrase,13,70.0,47.13375796178344,0.1751948595046997,0.06838420033454895,-0.10681065917015076,4.0,0.7,59.69533208798826,0.3535452974808944,1
script3_speakerA_paraphrase.wav,3,A,paraphrase,14,71.0,27.160493827160494,0.13019730150699615,0.03712853044271469,-0.09306877106428146,0.0,0.09090909090909091,44.41792978706609,0.38829530560447784,0
script3_speakerA_paraphrase.wav,3,A,paraphrase,14,72.0,52.0,0.261384516954422,0.14750070869922638,-0.11388380825519562,1.0,0.2727272727272727,42.09808392964798,0.5391778864209318,0
script3_speakerA_paraphrase.wav,3,A,paraphrase,14,73.0,79.67479674796748,0.6040369272232056,0.14221473038196564,-0.46182219684123993,2.0,0.6363636363636364,52.94509685837599,0.6272299085956521,0
script3_speakerA_paraphrase.wav,3,A,paraphrase,14,74.0,77.61194029850746,0.5151355266571045,0.061080507934093475,-0.454055018723011,3.0,0.6363636363636364,69.76224568215831,0.34879223697925343,1
script3_speakerA_paraphrase.wav,3,A,paraphrase,15,75.0,27.083333333333336,0.19170227646827698,0.16394467651844025,-0.02775759994983673,0.0,0.15384615384615385,61.45669012660276,0.630513270291474,0
script3_speakerA_paraphrase.wav,3,A,paraphrase,15,76.0,48.69565217391304,0.2392248809337616,0.15500405430793762,-0.08422082662582397,1.0,0.3076923076923077,51.130308601917946,0.5201340598997629,0
script3_speakerA_paraphrase.wav,3,A,paraphrase,15,77.0,56.29629629629629,0.636955738067627,0.4147411584854126,-0.22221457958221436,2.0,0.46153846153846156,44.025093934514224,0.5461012979373705,0
script3_speakerA_paraphrase.wav,3,A,paraphrase,15,78.0,61.904761904761905,0.6400819420814514,0.37009984254837036,-0.26998209953308105,3.0,0.6153846153846154,55.63223679165708,0.25962940373428844,0
script3_speakerA_paraphrase.wav,3,A,paraphrase,15,79.0,61.935483870967744,0.5833848714828491,0.40857774019241333,-0.1748071312904358,4.0,0.6153846153846154,60.04551402400865,0.283595428495671,1
script3_speakerA_paraphrase.wav,3,A,paraphrase,16,80.0,29.54545454545454,0.6708576679229736,0.2954539656639099,-0.3754037022590637,0.0,0.2,51.12856677372806,0.5434764372441322,0
script3_speakerA_paraphrase.wav,3,A,paraphrase,16,81.0,61.946902654867266,0.7282834649085999,0.3289421796798706,-0.39934128522872925,1.0,0.4666666666666667,51.14261369042985,0.5789234140199393,0
script3_speakerA_paraphrase.wav,3,A,paraphrase,16,82.0,71.42857142857143,0.7060373425483704,0.310554563999176,-0.39548277854919434,2.0,0.6,54.30697620963108,0.5713184942406375,0
script3_speakerA_paraphrase.wav,3,A,paraphrase,16,83.0,81.37931034482759,0.6258416771888733,0.2700083255767822,-0.35583335161209106,3.0,0.7333333333333333,71.58492814275543,0.4867202379393811,0
script3_speakerA_paraphrase.wav,3,A,paraphrase,16,84.0,81.69014084507043,0.18498778343200684,0.08394016325473785,-0.10104762017726898,4.0,0.8,78.16600753948981,0.4098010642489263,1
script3_speakerA_paraphrase.wav,3,A,paraphrase,17,85.0,31.999999999999996,0.31735360622406006,0.16713112592697144,-0.15022248029708862,0.0,0.0,65.02315039663267,0.3977742072428352,0
script3_speakerA_paraphrase.wav,3,A,paraphrase,17,86.0,54.700854700854705,0.41784417629241943,0.19327804446220398,-0.22456613183021545,1.0,0.18181818181818182,56.13033184864171,0.5273582167497906,0
script3_speakerA_paraphrase.wav,3,A,paraphrase,17,87.0,65.69343065693431,0.5224823951721191,0.23927117884159088,-0.28321121633052826,2.0,0.45454545454545453,50.798095119263,0.5711177710893602,0
script3_speakerA_paraphrase.wav,3,A,paraphrase,17,88.0,66.21621621621621,0.545921802520752,0.2289305478334427,-0.31699125468730927,3.0,0.45454545454545453,62.20350052466841,0.22138766854820366,0
script3_speakerA_paraphrase.wav,3,A,paraphrase,17,89.0,51.74825174825175,0.3345339596271515,0.09598100185394287,-0.23855295777320862,4.0,0.45454545454545453,61.219299540467425,0.34525231509610904,0
script3_speakerA_paraphrase.wav,3,A,paraphrase,17,90.0,46.043165467625904,0.19078613817691803,0.1173260509967804,-0.07346008718013763,5.0,0.45454545454545453,54.66921114403129,0.33577797645963947,0
script3_speakerA_paraphrase.wav,3,A,paraphrase,17,92.0,38.297872340425535,0.08603014051914215,0.1354506015777588,0.04942046105861664,7.0,0.45454545454545453,45.363096518767726,0.6547406594184518,1
script3_speakerA_paraphrase.wav,3,A,paraphrase,18,93.0,28.57142857142857,0.3116087317466736,0.15913787484169006,-0.15247085690498352,0.0,0.1111111111111111,37.63748879316,0.4847425633995732,0
script3_speakerA_paraphrase.wav,3,A,paraphrase,18,94.0,48.69565217391304,0.262714147567749,0.21980606019496918,-0.042908087372779846,1.0,0.2222222222222222,38.52165102858905,0.5314128293632354,0
script3_speakerA_paraphrase.wav,3,A,paraphrase,18,95.0,53.73134328358209,0.2360854595899582,0.1765439361333847,-0.059541523456573486,2.0,0.2777777777777778,43.66614134297457,0.4966642352389825,0
script3_speakerA_paraphrase.wav,3,A,paraphrase,18,96.0,57.33333333333333,0.413440078496933,0.24782629311084747,-0.1656137853860855,3.0,0.3333333333333333,53.25344293027615,0.4885434660882902,0
script3_speakerA_paraphrase.wav,3,A,paraphrase,18,98.0,42.85714285714286,0.19588503241539001,0.20055779814720154,0.0046727657318115234,5.0,0.3333333333333333,51.30727315801943,0.5768270740193262,1
script3_speakerA_paraphrase.wav,3,A,paraphrase,19,99.0,26.315789473684216,0.12644106149673462,0.07325370609760284,-0.053187355399131775,0.0,0.0,42.1687552213868,0.36530662538825387,0
script3_speakerA_paraphrase.wav,3,A,paraphrase,19,100.0,43.79562043795621,0.22302137315273285,-0.009601758792996407,-0.23262313194572926,1.0,0.125,37.6561842562611,0.3624476083335556,0
script3_speakerA_paraphrase.wav,3,A,paraphrase,19,101.0,61.146496815286625,0.6701367497444153,0.14767983555793762,-0.5224569141864777,2.0,0.25,43.75263557564235,0.6397291496904652,0
script3_speakerA_paraphrase.wav,3,A,paraphrase,19,102.0,67.05882352941177,0.6796372532844543,0.14883580803871155,-0.5308014452457428,3.0,0.375,57.333646927551534,0.44569747848080965,0
script3_speakerA_paraphrase.wav,3,A,paraphrase,19,103.0,60.11560693641618,0.6377870440483093,0.12532968819141388,-0.5124573558568954,4.0,0.4375,62.77364242703819,0.4017837344730782,0
script3_speakerA_paraphrase.wav,3,A,paraphrase,19,104.0,49.079754601227,0.6236740350723267,0.21064770221710205,-0.4130263328552246,5.0,0.4375,58.75139502235165,0.4377147236250847,1
script3_speakerA_paraphrase.wav,3,A,paraphrase,20,105.0,15.384615384615385,0.09659455716609955,0.15324079990386963,0.05664624273777008,0.0,0.0,41.52665897408619,0.3389934702949946,0
script3_speakerA_paraphrase.wav,3,A,paraphrase,20,106.0,40.70796460176991,0.19609534740447998,0.20953986048698425,0.013444513082504272,1.0,0.14285714285714285,35.05744486253743,0.4484181503854536,0
script3_speakerA_paraphrase.wav,3,A,paraphrase,20,107.0,60.150375939849624,0.5186721682548523,0.2481030821800232,-0.2705690860748291,2.0,0.21428571428571427,38.74765197541164,0.4493305236029602,0
script3_speakerA_paraphrase.wav,3,A,paraphrase,20,108.0,68.83116883116884,0.5856883525848389,0.298725426197052,-0.28696292638778687,3.0,0.5,56.56316979092946,0.7032083568194449,0
script3_speakerA_paraphrase.wav,3,A,paraphrase,20,109.0,76.82119205298014,0.6048640012741089,0.30202358961105347,-0.3028404116630554,4.0,0.5714285714285714,68.6009122746662,0.4235880349565513,1
script3_speakerA_paraphrase.wav,3,A,paraphrase,21,110.0,31.304347826086953,0.5784708857536316,0.20703205466270447,-0.3714388310909271,0.0,0.21428571428571427,58.985569570078646,0.5027818027232207,0
script3_speakerA_paraphrase.wav,3,A,paraphrase,21,111.0,46.616541353383454,0.5064435601234436,0.22594383358955383,-0.28049972653388977,1.0,0.21428571428571427,51.58069374415018,0.43713664047907014,0
script3_speakerA_paraphrase.wav,3,A,paraphrase,21,112.0,53.59477124183007,0.5755006074905396,0.1753610074520111,-0.40013960003852844,2.0,0.35714285714285715,43.83855347376682,0.5787155840304662,0
script3_speakerA_paraphrase.wav,3,A,paraphrase,21,113.0,60.24096385542168,0.6537315249443054,0.2008039653301239,-0.4529275596141815,3.0,0.42857142857142855,53.48409215021174,0.27142675758084206,0
script3_speakerA_paraphrase.wav,3,A,paraphrase,21,114.0,67.90123456790124,0.4778176248073578,0.15838363766670227,-0.3194339871406555,4.0,0.5714285714285714,60.57898988838433,0.39943028832708444,0
script3_speakerA_paraphrase.wav,3,A,paraphrase,21,115.0,74.21383647798743,0.593856692314148,0.1691008359193802,-0.42475585639476776,5.0,0.7857142857142857,67.45201163377011,0.5699256855598346,1
script3_speakerA_paraphrase.wav,3,A,paraphrase,22,116.0,22.22222222222222,0.17257386445999146,0.007495325058698654,-0.1650785394012928,0.0,0.07692307692307693,54.77909775603696,0.44388267671597204,0
script3_speakerA_paraphrase.wav,3,A,paraphrase,22,117.0,44.859813084112155,0.28946438431739807,0.08936379849910736,-0.2001005858182907,1.0,0.15384615384615385,47.098623928107266,0.5676658182302947,0
script3_speakerA_paraphrase.wav,3,A,paraphrase,22,118.0,55.118110236220474,0.1768023669719696,0.043240033090114594,-0.133562333881855,2.0,0.3076923076923077,40.73338184751828,0.3454095671458154,0
script3_speakerA_paraphrase.wav,3,A,paraphrase,22,119.0,57.55395683453237,0.25174468755722046,0.045611076056957245,-0.20613361150026321,3.0,0.38461538461538464,52.510626718288336,0.527843424809551,0
script3_speakerA_paraphrase.wav,3,A,paraphrase,22,120.0,70.66666666666667,0.38880836963653564,0.02466820925474167,-0.364140160381794,4.0,0.46153846153846156,61.11291124580651,0.42128034859239866,0
script3_speakerA_paraphrase.wav,3,A,paraphrase,22,121.0,55.55555555555556,0.29066339135169983,0.0020537320524454117,-0.2886096592992544,5.0,0.46153846153846156,61.258726352251536,0.3502687148402755,0
script3_speakerA_paraphrase.wav,3,A,paraphrase,22,122.0,58.156028368794324,0.4111245274543762,0.07354281842708588,-0.33758170902729034,6.0,0.46153846153846156,61.45941686367218,0.6012071277025939,1
script3_speakerA_paraphrase.wav,3,A,paraphrase,23,123.0,52.63157894736843,0.27975520491600037,0.09171433746814728,-0.1880408674478531,0.0,0.4,55.44772095723944,0.4428632049494171,0
script3_speakerA_paraphrase.wav,3,A,paraphrase,23,124.0,68.08510638297872,0.7300705909729004,0.15538470447063446,-0.5746858865022659,1.0,0.5,59.624237899713826,0.5002837231193666,0
script3_speakerA_paraphrase.wav,3,A,paraphrase,23,125.0,70.0,0.7232089638710022,0.16167393326759338,-0.5615350306034088,2.0,0.5,63.57222844344905,0.30817129006899147,1
script3_speakerA_paraphrase.wav,3,A,paraphrase,24,126.0,39.21568627450981,0.4917721450328827,0.204258531332016,-0.2875136137008667,0.0,0.14285714285714285,59.100264219162845,0.3879539530894962,0
script3_speakerA_paraphrase.wav,3,A,paraphrase,24,127.0,43.85964912280702,0.4883267283439636,0.21351173520088196,-0.27481499314308167,1.0,0.21428571428571427,51.02511179910561,0.4948215613583513,0
script3_speakerA_paraphrase.wav,3,A,paraphrase,24,128.0,50.68493150684932,0.6224911212921143,0.23769618570804596,-0.3847949355840683,2.0,0.5,44.586755634722046,0.3295299609336354,0
script3_speakerA_paraphrase.wav,3,A,paraphrase,24,129.0,70.23809523809523,0.773024320602417,0.28478503227233887,-0.4882392883300781,3.0,0.7857142857142857,54.92755862258385,0.5672657546787754,0
script3_speakerA_paraphrase.wav,3,A,paraphrase,24,131.0,59.756097560975604,0.5497386455535889,0.32473114132881165,-0.22500750422477722,5.0,0.7857142857142857,60.22637476864005,0.5123044858952079,1
script3_speakerA_paraphrase.wav,3,A,paraphrase,25,132.0,43.13725490196079,0.22280161082744598,0.11224880814552307,-0.11055280268192291,0.0,0.16666666666666666,57.71048256701054,0.35447152122207887,0
script3_speakerA_paraphrase.wav,3,A,paraphrase,25,133.0,63.934426229508205,0.22633978724479675,0.04575089365243912,-0.18058889359235764,1.0,0.3333333333333333,55.609259564148196,0.5390879327811474,0
script3_speakerA_paraphrase.wav,3,A,paraphrase,25,134.0,69.6969696969697,0.39689624309539795,0.09745335578918457,-0.2994428873062134,2.0,0.5,58.92288360947956,0.3572954285072045,0
script3_speakerA_paraphrase.wav,3,A,paraphrase,25,135.0,72.59259259259258,0.3995260000228882,0.11057563126087189,-0.2889503687620163,3.0,0.5833333333333334,68.74132950635683,0.5317550933121524,1
script3_speakerA_paraphrase.wav,3,A,paraphrase,26,136.0,25.263157894736842,0.0906710997223854,0.08715268224477768,-0.003518417477607727,0.0,0.07142857142857142,55.85090672809971,0.5748304619673849,0
script3_speakerA_paraphrase.wav,3,A,paraphrase,26,137.0,55.00000000000001,0.27699828147888184,0.21316269040107727,-0.06383559107780457,1.0,0.2857142857142857,50.95191682910981,0.3069549334308426,0
script3_speakerA_paraphrase.wav,3,A,paraphrase,26,138.0,55.88235294117647,0.2053496390581131,0.11632096767425537,-0.08902867138385773,2.0,0.35714285714285715,45.38183694530444,0.4047011513926499,0
script3_speakerA_paraphrase.wav,3,A,paraphrase,26,139.0,54.90196078431373,0.41877806186676025,0.1529160439968109,-0.26586201786994934,3.0,0.42857142857142855,55.26143790849674,0.34533772702202625,0
script3_speakerA_paraphrase.wav,3,A,paraphrase,26,140.0,58.59872611464968,0.37019234895706177,0.18224981427192688,-0.1879425346851349,4.0,0.42857142857142855,56.46101328004663,0.33360651231396693,1
script3_speakerA_paraphrase.wav,3,A,paraphrase,27,141.0,23.076923076923073,0.23079511523246765,0.15725213289260864,-0.07354298233985901,0.0,0.09090909090909091,45.52586999196216,0.5870223221269458,0
script3_speakerA_paraphrase.wav,3,A,paraphrase,27,142.0,53.608247422680414,0.5322891473770142,0.1395018845796585,-0.39278726279735565,1.0,0.45454545454545453,45.09463220475106,0.520766671928796,0
script3_speakerA_paraphrase.wav,3,A,paraphrase,27,143.0,69.0909090909091,0.5664464831352234,0.1406344473361969,-0.4258120357990265,2.0,0.6363636363636364,48.59202653017086,0.42824326845844995,0
script3_speakerA_paraphrase.wav,3,A,paraphrase,27,144.0,64.0625,0.5286903977394104,0.20252998173236847,-0.32616041600704193,3.0,0.6363636363636364,62.25388550452983,0.3885178578953264,1
script3_speakerA_paraphrase.wav,3,A,paraphrase,28,145.0,45.36082474226804,0.43845051527023315,0.22225511074066162,-0.21619540452957153,0.0,0.2727272727272727,59.504744611059046,0.5272941986015999,0
script3_speakerA_paraphrase.wav,3,A,paraphrase,28,146.0,57.6271186440678,0.4942917227745056,0.23949864506721497,-0.25479307770729065,1.0,0.36363636363636365,55.68348112877862,0.4325930476441971,0
script3_speakerA_paraphrase.wav,3,A,paraphrase,28,147.0,67.14285714285715,0.5464702844619751,0.24861067533493042,-0.2978596091270447,2.0,0.45454545454545453,56.71026684306433,0.47213030088447094,0
script3_speakerA_paraphrase.wav,3,A,paraphrase,28,148.0,71.69811320754718,0.6267467737197876,0.3204931616783142,-0.3062536120414734,3.0,0.7272727272727273,65.48936299815738,0.5070880689420507,0
script3_speakerA_paraphrase.wav,3,A,paraphrase,28,149.0,69.01408450704226,0.5142877101898193,0.2796920835971832,-0.2345956265926361,4.0,0.7272727272727273,69.28501828581553,0.386925138593764,1
script3_speakerA_paraphrase.wav,3,A,paraphrase,29,150.0,29.90654205607477,0.08351042121648788,0.06176338344812393,-0.021747037768363953,0.0,0.0,56.87291325688807,0.33939949079702314,0
script3_speakerA_paraphrase.wav,3,A,paraphrase,29,151.0,48.4375,0.24478602409362793,0.150197371840477,-0.09458865225315094,1.0,0.15384615384615385,49.11937552103901,0.38352423589059925,0
script3_speakerA_paraphrase.wav,3,A,paraphrase,29,153.0,57.692307692307686,0.27178314328193665,0.1450974941253662,-0.12668564915657043,3.0,0.3076923076923077,45.345449916127485,0.5642887681750076,0
script3_speakerA_paraphrase.wav,3,A,paraphrase,29,154.0,56.96969696969697,0.31402114033699036,0.19471891224384308,-0.11930222809314728,4.0,0.3076923076923077,54.36650155400155,0.4534632347465715,0
script3_speakerA_paraphrase.wav,3,A,paraphrase,29,155.0,57.33333333333333,0.3568274974822998,0.3909478187561035,0.03412032127380371,5.0,0.3076923076923077,57.33177933177933,0.5610274491679113,1
script3_speakerA_paraphrase.wav,3,A,paraphrase,30,156.0,29.47368421052632,0.3327280282974243,0.05991673842072487,-0.27281128987669945,0.0,0.14285714285714285,47.92557150451887,0.5657555192790774,0
script3_speakerA_paraphrase.wav,3,A,paraphrase,30,157.0,48.21428571428571,0.31977200508117676,0.08530345559120178,-0.23446854948997498,1.0,0.2857142857142857,45.00710108604845,0.39663822990390896,0
script3_speakerA_paraphrase.wav,3,A,paraphrase,30,158.0,54.400000000000006,0.28133249282836914,0.06572625041007996,-0.21560624241828918,2.0,0.35714285714285715,44.029323308270676,0.3817306992020734,0
script3_speakerA_paraphrase.wav,3,A,paraphrase,30,159.0,60.0,0.2710711359977722,0.08402110636234283,-0.18705002963542938,3.0,0.35714285714285715,54.2047619047619,0.5041020291243424,0
script3_speakerA_paraphrase.wav,3,A,paraphrase,30,160.0,54.400000000000006,0.1018027812242508,0.005564095452427864,-0.09623868577182293,4.0,0.42857142857142855,56.26666666666667,0.4102212446788692,0
script3_speakerA_paraphrase.wav,3,A,paraphrase,30,161.0,42.01680672268907,0.12883752584457397,-0.028452109545469284,-0.15728963539004326,5.0,0.42857142857142855,52.13893557422969,0.2663881257162504,0
script3_speakerA_paraphrase.wav,3,A,paraphrase,30,162.0,37.398373983739845,0.20585931837558746,0.5206093788146973,0.3147500604391098,6.0,0.42857142857142855,44.60506023547631,0.47227975810929046,1
script3_speakerA_paraphrase.wav,3,A,paraphrase,31,163.0,33.64485981308412,0.2595480978488922,0.1028297170996666,-0.15671838074922562,0.0,0.23529411764705882,37.68668017317101,0.5779925790124262,0
script3_speakerA_paraphrase.wav,3,A,paraphrase,31,164.0,42.73504273504274,0.2542286515235901,0.14129160344600677,-0.11293704807758331,1.0,0.29411764705882354,37.9260921772889,0.38559978041537535,0
script3_speakerA_paraphrase.wav,3,A,paraphrase,31,165.0,54.13533834586466,0.4750959277153015,0.1156046912074089,-0.3594912365078926,2.0,0.47058823529411764,43.505080297997175,0.5615392292302537,0
script3_speakerA_paraphrase.wav,3,A,paraphrase,31,166.0,67.12328767123287,0.4626588821411133,0.12016761302947998,-0.3424912691116333,3.0,0.6470588235294118,54.664556250713424,0.42620034325113504,0
script3_speakerA_paraphrase.wav,3,A,paraphrase,31,167.0,53.333333333333336,0.4935745894908905,0.1447359025478363,-0.3488386869430542,4.0,0.7058823529411765,58.197319783476956,0.4320209135841129,0
script3_speakerA_paraphrase.wav,3,A,paraphrase,31,168.0,51.5625,0.6268717050552368,0.0901951864361763,-0.5366765186190605,5.0,0.7058823529411765,57.33970700152207,0.5781076942777356,1
script3_speakerA_paraphrase.wav,3,A,paraphrase,32,169.0,31.46067415730337,0.3196656107902527,0.15154123306274414,-0.16812437772750854,0.0,0.21428571428571427,45.45216916354557,0.5938718229768374,0
script3_speakerA_paraphrase.wav,3,A,paraphrase,32,170.0,53.21100917431192,0.3850651681423187,0.12483318150043488,-0.26023198664188385,1.0,0.2857142857142857,45.411394443871764,0.31829309275242557,0
script3_speakerA_paraphrase.wav,3,A,paraphrase,32,171.0,61.53846153846154,0.47246500849723816,0.15888382494449615,-0.313581183552742,2.0,0.35714285714285715,48.736714956692275,0.2706752698641183,0
script3_speakerA_paraphrase.wav,3,A,paraphrase,32,172.0,59.25925925925925,0.556164026260376,0.12164650857448578,-0.4345175176858902,3.0,0.42857142857142855,58.00290999067757,0.3808669573783924,0
script3_speakerA_paraphrase.wav,3,A,paraphrase,32,173.0,44.09448818897638,0.3495131731033325,0.059555258601903915,-0.2899579145014286,4.0,0.42857142857142855,54.96406966223239,0.3128862451959279,0
script3_speakerA_paraphrase.wav,3,A,paraphrase,32,175.0,43.75,0.25081557035446167,0.1569320410490036,-0.09388352930545807,6.0,0.42857142857142855,49.03458248274521,0.6626013504843261,1
script3_speakerA_paraphrase.wav,3,A,paraphrase,33,176.0,15.217391304347828,0.4785795509815216,0.17421036958694458,-0.304369181394577,0.0,0.06666666666666667,34.35395983110807,0.39866821111027057,0
script3_speakerA_paraphrase.wav,3,A,paraphrase,33,177.0,38.095238095238095,0.6480253338813782,0.10907646268606186,-0.5389488711953163,1.0,0.26666666666666666,32.35420979986198,0.7179887588247177,0
script3_speakerA_paraphrase.wav,3,A,paraphrase,33,178.0,58.26771653543308,0.5574979186058044,0.08689131587743759,-0.47060660272836685,2.0,0.4,37.193448645006335,0.37031646052821476,0
script3_speakerA_paraphrase.wav,3,A,paraphrase,33,179.0,68.0,0.6596014499664307,0.23756259679794312,-0.42203885316848755,3.0,0.6,54.78765154355706,0.636202066511933,0
script3_speakerA_paraphrase.wav,3,A,paraphrase,33,180.0,66.66666666666667,0.3098524808883667,0.11017138510942459,-0.1996810957789421,4.0,0.6,64.31146106736658,0.3549583995876248,0
script3_speakerA_paraphrase.wav,3,A,paraphrase,33,182.0,55.00000000000001,0.10622633993625641,0.24046307802200317,0.13423673808574677,6.0,0.6,63.22222222222223,0.473554418054673,1
script3_speakerA_paraphrase.wav,3,A,paraphrase,34,183.0,30.434782608695656,0.34068483114242554,0.4061495065689087,0.06546467542648315,0.0,0.25,50.70048309178745,0.3727563854657635,0
script3_speakerA_paraphrase.wav,3,A,paraphrase,34,184.0,62.60869565217391,0.6449897289276123,0.4400205910205841,-0.2049691379070282,1.0,0.5833333333333334,49.34782608695652,0.3809975957543089,0
script3_speakerA_paraphrase.wav,3,A,paraphrase,34,185.0,60.60606060606061,0.6367024183273315,0.4370660185813904,-0.19963639974594116,2.0,0.5833333333333334,51.21651295564339,0.4724339752758529,1
script3_speakerA_paraphrase.wav,3,A,paraphrase,35,186.0,25.581395348837212,0.3095886707305908,0.10334883630275726,-0.20623983442783356,0.0,0.18181818181818182,49.59871720235724,0.7064186643397398,0
script3_speakerA_paraphrase.wav,3,A,paraphrase,35,187.0,45.54455445544554,0.36980703473091125,0.13338923454284668,-0.23641780018806458,1.0,0.2727272727272727,43.91067013678112,0.42922350949820703,0
script3_speakerA_paraphrase.wav,3,A,paraphrase,35,188.0,47.78761061946902,0.5359424352645874,0.14163288474082947,-0.39430955052375793,2.0,0.2727272727272727,39.63785347458393,0.6361313074509198,0
script3_speakerA_paraphrase.wav,3,A,paraphrase,35,189.0,56.91056910569105,0.6083745956420898,0.20230944454669952,-0.4060651510953903,3.0,0.36363636363636365,50.0809113935352,0.35438781821024795,0
script3_speakerA_paraphrase.wav,3,A,paraphrase,35,190.0,60.162601626016254,0.566044807434082,0.21055132150650024,-0.3554934859275818,4.0,0.45454545454545453,54.953593783725445,0.4694322477216307,0
script3_speakerA_paraphrase.wav,3,A,paraphrase,35,191.0,50.0,0.5301578044891357,0.22697168588638306,-0.3031861186027527,5.0,0.45454545454545453,55.6910569105691,0.2998608279616011,0
script3_speakerA_paraphrase.wav,3,A,paraphrase,35,192.0,44.44444444444444,0.35949549078941345,0.21351534128189087,-0.14598014950752258,6.0,0.45454545454545453,51.5356820234869,0.44972843811188773,1
script3_speakerA_paraphrase.wav,3,A,paraphrase,36,193.0,44.705882352941174,0.5197076797485352,0.5208035111427307,0.0010958313941955566,0.0,0.23076923076923078,46.3834422657952,0.46643024684663137,0
script3_speakerA_paraphrase.wav,3,A,paraphrase,36,194.0,63.46153846153846,0.41929182410240173,0.37216541171073914,-0.0471264123916626,1.0,0.38461538461538464,50.87062175297469,0.3972172063798695,0
script3_speakerA_paraphrase.wav,3,A,paraphrase,36,195.0,63.934426229508205,0.4129159152507782,0.3482193648815155,-0.0646965503692627,2.0,0.38461538461538464,57.367282347995946,0.3994699840214707,0
script3_speakerA_paraphrase.wav,3,A,paraphrase,36,196.0,62.121212121212125,0.3687485456466675,0.3226070702075958,-0.046141475439071655,3.0,0.38461538461538464,63.17239227075293,0.4102411320487287,0
script3_speakerA_paraphrase.wav,3,A,paraphrase,36,197.0,49.557522123893804,0.1636672466993332,0.13352258503437042,-0.03014466166496277,4.0,0.38461538461538464,58.53772015820471,0.7183374803042232,1
script3_speakerA_paraphrase.wav,3,A,paraphrase,37,198.0,23.684210526315784,0.45352351665496826,0.45079198479652405,-0.002731531858444214,0.0,0.2222222222222222,45.1209815904739,0.5415113737271859,0
script3_speakerA_paraphrase.wav,3,A,paraphrase,37,199.0,42.22222222222223,0.3530336022377014,0.34268760681152344,-0.010345995426177979,1.0,0.3333333333333333,38.48798495747727,0.46005086980716214,0
script3_speakerA_paraphrase.wav,3,A,paraphrase,37,200.0,49.523809523809526,0.3668729066848755,0.35836589336395264,-0.008507013320922852,2.0,0.4444444444444444,38.47674742411584,0.37757915038740814,0
script3_speakerA_paraphrase.wav,3,A,paraphrase,37,201.0,54.6875,0.264431357383728,0.2798434793949127,0.015412122011184692,3.0,0.4444444444444444,48.811177248677254,0.3771646191500407,0
script3_speakerA_paraphrase.wav,3,A,paraphrase,37,202.0,46.51162790697675,0.14924104511737823,0.1557667851448059,0.006525740027427673,4.0,0.4444444444444444,50.240979143595425,0.2852232522846028,1
script3_speakerA_paraphrase.wav,3,A,paraphrase,38,203.0,40.90909090909091,0.5097583532333374,0.25660204887390137,-0.25315630435943604,0.0,0.3076923076923077,47.36940627202255,0.5570703070203356,0
script3_speakerA_paraphrase.wav,3,A,paraphrase,38,204.0,54.90196078431373,0.3928980827331543,0.15440960228443146,-0.23848848044872284,1.0,0.46153846153846156,47.44089320012713,0.37182008729293026,0
script3_speakerA_paraphrase.wav,3,A,paraphrase,38,205.0,63.33333333333333,0.45311009883880615,0.16647595167160034,-0.2866341471672058,2.0,0.6153846153846154,53.04812834224599,0.4552841002122488,0
script3_speakerA_paraphrase.wav,3,A,paraphrase,38,206.0,65.71428571428571,0.47762244939804077,0.1833774447441101,-0.29424500465393066,3.0,0.6923076923076923,61.31652661064425,0.5744387394323084,0
script3_speakerA_paraphrase.wav,3,A,paraphrase,38,207.0,62.5,0.46261370182037354,0.22064067423343658,-0.24197302758693695,4.0,0.6923076923076923,63.84920634920635,0.5698989040692017,1
script3_speakerA_paraphrase.wav,3,A,paraphrase,39,208.0,34.34343434343434,0.4489060640335083,0.24048011004924774,-0.20842595398426056,0.0,0.23076923076923078,54.18590668590668,0.37892024750891345,0
script3_speakerA_paraphrase.wav,3,A,paraphrase,39,209.0,38.26086956521739,0.43014734983444214,0.23565706610679626,-0.19449028372764587,1.0,0.23076923076923078,45.03476796955058,0.3216720231999029,0
script3_speakerA_paraphrase.wav,3,A,paraphrase,39,210.0,46.03174603174603,0.41721993684768677,0.220512256026268,-0.19670768082141876,2.0,0.3076923076923077,39.545349980132585,0.3952797167230423,0
script3_speakerA_paraphrase.wav,3,A,paraphrase,39,211.0,58.33333333333333,0.448177695274353,0.21369221806526184,-0.2344854772090912,3.0,0.5384615384615384,47.54198297676558,0.47551514280197676,0
script3_speakerA_paraphrase.wav,3,A,paraphrase,39,212.0,58.914728682170534,0.12045390158891678,0.0659552738070488,-0.05449862778186798,4.0,0.5384615384615384,54.42660268241663,0.33603673910914117,0
script3_speakerA_paraphrase.wav,3,A,paraphrase,39,213.0,56.25,0.34037232398986816,0.3145255148410797,-0.025846809148788452,5.0,0.5384615384615384,57.83268733850129,0.7504257546847511,1
script3_speakerA_paraphrase.wav,3,A,paraphrase,40,215.0,37.5,0.24808301031589508,0.32449546456336975,0.07641245424747467,0.0,0.14285714285714285,50.888242894056845,0.3906324289346407,0
script3_speakerA_paraphrase.wav,3,A,paraphrase,40,216.0,39.21568627450981,0.24888402223587036,0.3574714660644531,0.10858744382858276,1.0,0.14285714285714285,44.321895424836605,0.4213302937186289,0
script3_speakerA_paraphrase.wav,3,A,paraphrase,40,217.0,44.628099173553714,0.5027316808700562,0.33046430349349976,-0.1722673773765564,2.0,0.35714285714285715,40.44792848268784,0.41977451165177904,0
script3_speakerA_paraphrase.wav,3,A,paraphrase,40,218.0,50.0,0.5337607264518738,0.34984999895095825,-0.18391072750091553,3.0,0.42857142857142855,44.61459514935451,0.576208555975225,0
script3_speakerA_paraphrase.wav,3,A,paraphrase,40,219.0,48.06201550387597,0.5327459573745728,0.3052087426185608,-0.22753721475601196,4.0,0.42857142857142855,47.56337155914323,0.30693582239204414,1
script3_speakerA_paraphrase.wav,3,A,paraphrase,41,220.0,36.36363636363637,0.550484299659729,0.26496025919914246,-0.28552404046058655,0.0,0.14285714285714285,44.808550622504114,0.5148831283028812,0
script3_speakerA_paraphrase.wav,3,A,paraphrase,41,221.0,52.727272727272734,0.6276606917381287,0.2929823696613312,-0.3346783220767975,1.0,0.21428571428571427,45.71764153159502,0.6716445616984856,0
script3_speakerA_paraphrase.wav,3,A,paraphrase,41,222.0,71.7557251908397,0.8530914187431335,0.3345351815223694,-0.5185562372207642,2.0,0.35714285714285715,53.615544760582935,0.5798238958907143,0
script3_speakerA_paraphrase.wav,3,A,paraphrase,41,223.0,80.51948051948052,0.9129145741462708,0.31520387530326843,-0.5977106988430023,3.0,0.7142857142857143,68.33415947919765,0.6198556022530483,0
script3_speakerA_paraphrase.wav,3,A,paraphrase,41,224.0,69.93006993006993,0.6932626962661743,0.21301013231277466,-0.48025256395339966,4.0,0.7142857142857143,74.06842521346339,0.43637555037823206,0
script3_speakerA_paraphrase.wav,3,A,paraphrase,41,225.0,66.19718309859155,0.7033708691596985,0.23690858483314514,-0.46646228432655334,5.0,0.8571428571428571,72.21557784938067,0.5677702453751284,0
script3_speakerA_paraphrase.wav,3,A,paraphrase,41,227.0,58.50340136054422,0.6616019010543823,0.3296416103839874,-0.3319602906703949,7.0,0.8571428571428571,64.8768847964019,0.6329330216229258,1
script3_speakerA_paraphrase.wav,3,A,paraphrase,42,228.0,29.629629629629626,0.27521389722824097,0.16404296457767487,-0.1111709326505661,0.0,0.14285714285714285,51.44340469625513,0.47904211537054764,0
script3_speakerA_paraphrase.wav,3,A,paraphrase,42,229.0,58.64661654135339,0.39937567710876465,0.11526462435722351,-0.28411105275154114,1.0,0.35714285714285715,48.926549177175744,0.46397203334906584,0
script3_speakerA_paraphrase.wav,3,A,paraphrase,42,230.0,57.33333333333333,0.3623751103878021,0.15312901139259338,-0.20924609899520874,2.0,0.35714285714285715,48.53652650143878,0.3449626431080835,0
script3_speakerA_paraphrase.wav,3,A,paraphrase,42,231.0,53.987730061349694,0.36651289463043213,0.0822572112083435,-0.2842556834220886,3.0,0.35714285714285715,56.65589331201214,0.306807440482112,0
script3_speakerA_paraphrase.wav,3,A,paraphrase,42,232.0,49.079754601227,0.22892321646213531,0.04833081737160683,-0.1805923990905285,4.0,0.35714285714285715,53.46693933197001,0.4077526705009446,1
script3_speakerA_paraphrase.wav,3,A,paraphrase,43,233.0,33.684210526315795,0.16628897190093994,0.03136887401342392,-0.13492009788751602,0.0,0.18181818181818182,45.5838983962975,0.3659681133774644,0
script3_speakerA_paraphrase.wav,3,A,paraphrase,43,234.0,41.81818181818182,0.12039316445589066,0.10796278715133667,-0.012430377304553986,1.0,0.18181818181818182,41.52738231524154,0.46138723074709437,0
script3_speakerA_paraphrase.wav,3,A,paraphrase,43,235.0,56.92307692307692,0.5113838911056519,0.12857818603515625,-0.3828057050704956,2.0,0.36363636363636365,44.14182308919151,0.5457376749265328,0
script3_speakerA_paraphrase.wav,3,A,paraphrase,43,236.0,58.27814569536424,0.5318745970726013,0.13590113818645477,-0.39597345888614655,3.0,0.45454545454545453,52.33980147887433,0.5715136006987641,1
script3_speakerA_paraphrase.wav,3,A,paraphrase,44,237.0,22.72727272727273,0.1885955035686493,0.29583290219306946,0.10723739862442017,0.0,0.08333333333333333,45.97616511523796,0.41953240276270903,0
script3_speakerA_paraphrase.wav,3,A,paraphrase,44,238.0,47.16981132075472,0.21341758966445923,0.2574278712272644,0.044010281562805176,1.0,0.25,42.725076581130566,0.4655189343188686,0
script3_speakerA_paraphrase.wav,3,A,paraphrase,44,239.0,61.01694915254237,0.34134820103645325,0.3113507032394409,-0.02999749779701233,2.0,0.3333333333333333,43.638011066856606,0.3511937419853956,0
script3_speakerA_paraphrase.wav,3,A,paraphrase,44,240.0,76.05633802816901,0.3872383236885071,0.31911444664001465,-0.06812387704849243,3.0,0.6666666666666666,61.414366167155364,0.5809440147809878,0
script3_speakerA_paraphrase.wav,3,A,paraphrase,44,241.0,77.24137931034483,0.5422221422195435,0.3893163204193115,-0.15290582180023193,4.0,0.75,71.4382221636854,0.5313649252765776,0
script3_speakerA_paraphrase.wav,3,A,paraphrase,44,242.0,82.26950354609929,0.6508477926254272,0.33747732639312744,-0.3133704662322998,5.0,0.75,78.52240696153771,0.5270949787146328,1
script3_speakerA_paraphrase.wav,3,A,paraphrase,45,243.0,22.564102564102562,0.07830656319856644,0.1660938262939453,0.08778726309537888,0.0,0.07692307692307693,60.69166180684889,0.2948789542835252,0
script3_speakerA_paraphrase.wav,3,A,paraphrase,45,244.0,21.94513715710723,0.10076386481523514,0.18479686975479126,0.08403300493955612,1.0,0.07692307692307693,42.25958108910302,0.37655251799105105,0
script3_speakerA_paraphrase.wav,3,A,paraphrase,45,245.0,21.62162162162162,0.10856267064809799,0.18641483783721924,0.07785216718912125,2.0,0.07692307692307693,22.043620447610472,0.32792780062281174,0
script3_speakerA_paraphrase.wav,3,A,paraphrase,45,246.0,23.419203747072604,0.13072560727596283,0.19500260055065155,0.06427699327468872,3.0,0.23076923076923078,22.32865417526715,0.5331058479324624,0
script3_speakerA_paraphrase.wav,3,A,paraphrase,45,247.0,45.11278195488722,0.2761804461479187,0.122992143034935,-0.1531883031129837,4.0,0.3076923076923077,30.051202441193816,0.5477033302112445,0
script3_speakerA_paraphrase.wav,3,A,paraphrase,45,248.0,50.38167938931297,0.3192700743675232,0.05268174782395363,-0.26658832654356956,5.0,0.38461538461538464,39.6378883637576,0.34440787187759087,0
script3_speakerA_paraphrase.wav,3,A,paraphrase,45,249.0,54.54545454545454,0.35961389541625977,0.19228780269622803,-0.16732609272003174,6.0,0.38461538461538464,50.01330529655158,0.660240183301382,1
script3_speakerA_paraphrase.wav,3,A,paraphrase,46,250.0,40.0,0.31137192249298096,0.038976848125457764,-0.2723950743675232,0.0,0.25,48.3090446449225,0.47830582055872506,0
script3_speakerA_paraphrase.wav,3,A,paraphrase,46,251.0,55.00000000000001,0.5061043500900269,0.13066597282886505,-0.3754383772611618,1.0,0.4166666666666667,49.84848484848485,0.42536227874651084,0
script3_speakerA_paraphrase.wav,3,A,paraphrase,46,252.0,72.46376811594203,0.5310375094413757,0.1451902538537979,-0.3858472555875778,2.0,0.5,55.82125603864735,0.4800295745435853,0
script3_speakerA_paraphrase.wav,3,A,paraphrase,46,253.0,81.04575163398692,0.628646969795227,0.149259552359581,-0.47938741743564606,3.0,0.6666666666666666,69.50317324997633,0.40112260525446497,0
script3_speakerA_paraphrase.wav,3,A,paraphrase,46,254.0,71.83098591549295,0.6694644689559937,0.2342248260974884,-0.43523964285850525,4.0,0.75,75.11350188847396,0.45242496437101715,1
script3_speakerA_paraphrase.wav,3,A,paraphrase,47,255.0,27.586206896551722,0.4641430974006653,0.06199979782104492,-0.40214329957962036,0.0,0.09090909090909091,60.15431481534387,0.631562186098354,0
script3_speakerA_paraphrase.wav,3,A,paraphrase,47,256.0,39.21568627450981,0.7143018245697021,0.22215142846107483,-0.4921503961086273,1.0,0.09090909090909091,46.210959695518156,0.5717228966408021,0
script3_speakerA_paraphrase.wav,3,A,paraphrase,47,257.0,51.32743362831859,0.8034182190895081,0.19535697996616364,-0.6080612391233444,2.0,0.2727272727272727,39.37644226646004,0.45621621335999357,0
script3_speakerA_paraphrase.wav,3,A,paraphrase,47,258.0,62.59541984732824,0.8375738263130188,0.2378455549478531,-0.5997282713651657,3.0,0.45454545454545453,51.04617991671888,0.5334975395901861,0
script3_speakerA_paraphrase.wav,3,A,paraphrase,47,259.0,64.17910447761194,0.5662779211997986,0.2398829460144043,-0.3263949751853943,4.0,0.45454545454545453,59.36731931775292,0.642685639271157,0
script3_speakerA_paraphrase.wav,3,A,paraphrase,47,260.0,62.99212598425197,0.5355902314186096,0.15736663341522217,-0.37822359800338745,5.0,0.45454545454545453,63.25555010306405,0.2805874685924307,0
script3_speakerA_paraphrase.wav,3,A,paraphrase,47,262.0,55.38461538461539,0.312137246131897,0.3113263249397278,-0.0008109211921691895,7.0,0.45454545454545453,60.8519486154931,0.4130750083662658,1
script3_speakerA_paraphrase.wav,3,A,paraphrase,48,263.0,33.009708737864074,0.2647436857223511,0.20224562287330627,-0.0624980628490448,0.0,0.07142857142857142,50.462150035577146,0.49678176284837017,0
script3_speakerA_paraphrase.wav,3,A,paraphrase,48,264.0,59.20000000000001,0.5384507179260254,0.18208865821361542,-0.35636205971241,1.0,0.35714285714285715,49.19810804082649,0.6421050646438198,0
script3_speakerA_paraphrase.wav,3,A,paraphrase,48,265.0,61.53846153846154,0.5225876569747925,0.215712308883667,-0.3068753480911255,2.0,0.35714285714285715,51.24939009210854,0.5812242868183172,1
script3_speakerA_paraphrase.wav,3,A,paraphrase,49,266.0,26.37362637362637,0.6777487993240356,0.15587525069713593,-0.5218735486268997,0.0,0.14285714285714285,49.03736263736264,0.564926028911506,0
script3_speakerA_paraphrase.wav,3,A,paraphrase,49,267.0,48.5981308411215,0.5807197093963623,0.10687635838985443,-0.4738433510065079,1.0,0.2857142857142857,45.503406251069805,0.4541391580722343,0
script3_speakerA_paraphrase.wav,3,A,paraphrase,49,268.0,53.43511450381679,0.5779041647911072,0.10235505551099777,-0.4755491092801094,2.0,0.35714285714285715,42.802290572854886,0.38400160668673955,0
script3_speakerA_paraphrase.wav,3,A,paraphrase,49,269.0,60.273972602739725,0.5546151995658875,0.1117236316204071,-0.44289156794548035,3.0,0.5,54.10240598255934,0.4927826346802822,0
script3_speakerA_paraphrase.wav,3,A,paraphrase,49,270.0,48.97959183673469,0.47498780488967896,0.11530566215515137,-0.3596821427345276,4.0,0.5714285714285714,54.229559647763736,0.2757734209932978,0
script3_speakerA_paraphrase.wav,3,A,paraphrase,49,271.0,42.028985507246375,0.10934922844171524,0.01639067940413952,-0.09295854903757572,5.0,0.5714285714285714,50.42751664890693,0.23117253767102908,1
script3_speakerA_paraphrase.wav,3,A,paraphrase,50,272.0,46.808510638297875,0.4920887351036072,0.12861329317092896,-0.3634754419326782,0.0,0.36363636363636365,45.93902932742631,0.35674687477627304,0
script3_speakerA_paraphrase.wav,3,A,paraphrase,50,273.0,62.18487394957983,0.6578800678253174,0.21756476163864136,-0.440315306186676,1.0,0.5454545454545454,50.340790031708025,0.40594637287644225,0
script3_speakerA_paraphrase.wav,3,A,paraphrase,50,275.0,62.22222222222222,0.5908548831939697,0.2870733141899109,-0.30378156900405884,3.0,0.6363636363636364,57.07186893669998,0.4387432903592525,0
script3_speakerA_paraphrase.wav,3,A,paraphrase,50,277.0,59.31034482758621,0.5847649574279785,0.28570395708084106,-0.29906100034713745,5.0,0.6363636363636364,61.23914699979609,0.6401647825170463,1
script3_speakerA_paraphrase.wav,3,A,paraphrase,51,278.0,30.927835051546392,0.1220058798789978,0.17370355129241943,0.05169767141342163,0.0,0.07142857142857142,50.82013403378494,0.37473262295495136,0
script3_speakerA_paraphrase.wav,3,A,paraphrase,51,279.0,42.85714285714286,0.10317911207675934,0.20289582014083862,0.09971670806407928,1.0,0.14285714285714285,44.36510757875849,0.35961936323502364,0
script3_speakerA_paraphrase.wav,3,A,paraphrase,51,280.0,57.8125,0.24359527230262756,0.27281105518341064,0.02921578288078308,2.0,0.21428571428571427,43.86582596956308,0.32288701903993333,0
script3_speakerA_paraphrase.wav,3,A,paraphrase,51,281.0,55.033557046979865,0.3164610266685486,0.31880873441696167,0.002347707748413086,3.0,0.2857142857142857,51.901066634707576,0.42121905530636283,0
script3_speakerA_paraphrase.wav,3,A,paraphrase,51,282.0,47.82608695652174,0.40854397416114807,0.34315726161003113,-0.06538671255111694,4.0,0.2857142857142857,53.55738133450053,0.6315401358596042,1
script3_speakerA_paraphrase.wav,3,A,paraphrase,52,283.0,48.93617021276596,0.4436874985694885,0.4436874985694885,0.0,0.0,0.3333333333333333,50.59860473875585,0.5880948467133524,0
script3_speakerA_paraphrase.wav,3,A,paraphrase,52,284.0,71.42857142857143,0.6395385265350342,0.6395385265350342,0.0,1.0,0.6666666666666666,56.06360953261971,0.5037798774315392,0
script3_speakerA_paraphrase.wav,3,A,paraphrase,52,285.0,72.59259259259258,0.5657955408096313,0.5657955408096313,0.0,2.0,0.75,64.31911141130999,0.4058183463058153,0
script3_speakerA_paraphrase.wav,3,A,paraphrase,52,286.0,70.50359712230217,0.5986318588256836,0.5986318588256836,0.0,3.0,0.75,71.50825371448873,0.3462384911878169,0
script3_speakerA_skip.wav,3,A,skip,0,3.0,46.666666666666664,0.497804194688797,0.21083667874336243,-0.28696751594543457,0.0,0.2857142857142857,46.666666666666664,0.627972831865618,0
script3_speakerA_skip.wav,3,A,skip,0,5.0,60.504201680672274,0.34959733486175537,0.14910219609737396,-0.2004951387643814,2.0,0.42857142857142855,53.58543417366947,0.26684998813062444,0
script3_speakerA_skip.wav,3,A,skip,0,6.0,71.64179104477613,0.5235502123832703,0.12749245762825012,-0.39605775475502014,3.0,0.6428571428571429,59.60421979737169,0.5284134485653138,0
script3_speakerA_skip.wav,3,A,skip,0,7.0,63.576158940397356,0.5242581367492676,0.12240102887153625,-0.4018571078777313,4.0,0.6428571428571429,65.24071722194859,0.5272514535892132,1
script3_speakerA_skip.wav,3,A,skip,1,8.0,7.2289156626506035,0.06900838017463684,0.008125151507556438,-0.0608832286670804,0.0,0.0,47.4822885492747,0.3807107726967616,0
script3_speakerA_skip.wav,3,A,skip,1,9.0,40.0,0.44152116775512695,0.1280379593372345,-0.31348320841789246,1.0,0.2,36.93502486768266,0.5032231154007438,0
script3_speakerA_skip.wav,3,A,skip,1,10.0,54.23728813559322,0.41546303033828735,0.11791597306728363,-0.2975470572710037,2.0,0.3333333333333333,33.82206793274794,0.4793093996653815,0
script3_speakerA_skip.wav,3,A,skip,1,12.0,54.81481481481482,0.45201700925827026,0.1129254400730133,-0.33909156918525696,4.0,0.4,49.68403431680268,0.47817600705998276,0
script3_speakerA_skip.wav,3,A,skip,1,13.0,59.31034482758621,0.42274048924446106,0.18616434931755066,-0.2365761399269104,5.0,0.4666666666666667,56.12081592599808,0.7294224905638605,1
script3_speakerA_skip.wav,3,A,skip,2,14.0,47.45762711864406,0.4228866696357727,0.37354421615600586,-0.049342453479766846,0.0,0.35714285714285715,53.860928920348364,0.47642101152872457,0
script3_speakerA_skip.wav,3,A,skip,2,15.0,58.9041095890411,0.37193846702575684,0.3124364912509918,-0.059501975774765015,1.0,0.42857142857142855,55.22402717842379,0.42464987978303625,0
script3_speakerA_skip.wav,3,A,skip,2,16.0,54.437869822485204,0.22548364102840424,0.1572258025407791,-0.06825783848762512,2.0,0.42857142857142855,53.59986884339012,0.2601514527403557,0
script3_speakerA_skip.wav,3,A,skip,2,17.0,52.910052910052904,0.21136794984340668,0.1553247570991516,-0.056043192744255066,3.0,0.42857142857142855,55.41734410719307,0.28328008801994325,0
script3_speakerA_skip.wav,3,A,skip,2,18.0,47.90419161676647,0.16265210509300232,0.2245081663131714,0.06185606122016907,4.0,0.42857142857142855,51.750704783101526,0.3817941851350909,1
script3_speakerA_skip.wav,3,A,skip,3,19.0,25.0,0.4967939555644989,0.29310524463653564,-0.20368871092796326,0.0,0.15384615384615385,41.93808150893979,0.4706579404336957,0
script3_speakerA_skip.wav,3,A,skip,3,20.0,40.90909090909091,0.5640456676483154,0.3013431429862976,-0.2627025246620178,1.0,0.15384615384615385,37.93776084195246,0.38140702449188557,0
script3_speakerA_skip.wav,3,A,skip,3,21.0,54.16666666666667,0.6891225576400757,0.2899399399757385,-0.39918261766433716,2.0,0.23076923076923078,40.025252525252526,0.49973032501803316,0
script3_speakerA_skip.wav,3,A,skip,3,22.0,64.59627329192547,0.7001094222068787,0.2729591727256775,-0.42715024948120117,3.0,0.3076923076923077,53.224010289227685,0.5153344605616854,0
script3_speakerA_skip.wav,3,A,skip,3,23.0,62.19512195121951,0.6677474975585938,0.31555846333503723,-0.3521890342235565,4.0,0.46153846153846156,60.31935396993722,0.3915554197048451,0
script3_speakerA_skip.wav,3,A,skip,3,24.0,53.41614906832298,0.6343648433685303,0.23593953251838684,-0.39842531085014343,5.0,0.5384615384615384,60.06918143715599,0.3683990819323915,1
script3_speakerA_skip.wav,3,A,skip,4,25.0,31.57894736842105,0.23076680302619934,0.23041123151779175,-0.0003555715084075928,0.0,0.2,49.06340612932118,0.7185101912343117,0
script3_speakerA_skip.wav,3,A,skip,4,26.0,52.17391304347826,0.42948514223098755,0.11466947197914124,-0.3148156702518463,1.0,0.4,45.7230031600741,0.3397491438684491,0
script3_speakerA_skip.wav,3,A,skip,4,27.0,66.01941747572815,0.5182514190673828,0.12991119921207428,-0.38834021985530853,2.0,0.5,49.924092629209156,0.4572147156268352,0
script3_speakerA_skip.wav,3,A,skip,4,28.0,60.17699115044248,0.449804425239563,0.1344042271375656,-0.3154001981019974,3.0,0.5,59.45677388988296,0.3201013614973189,0
script3_speakerA_skip.wav,3,A,skip,4,29.0,51.48514851485149,0.4074290096759796,0.014348604716360569,-0.39308040495961905,4.0,0.5,59.22718571367404,0.2057869555453568,1
script3_speakerA_skip.wav,3,A,skip,5,30.0,47.36842105263158,0.4749690294265747,0.22818203270435333,-0.24678699672222137,0.0,0.5,53.01018690597518,0.5646807842802168,0
script3_speakerA_skip.wav,3,A,skip,5,31.0,77.89473684210526,0.604968786239624,0.2363637387752533,-0.3686050474643707,1.0,0.75,58.916102136529446,0.5848145378175679,0
script3_speakerA_skip.wav,3,A,skip,5,32.0,74.28571428571429,0.5325828790664673,0.30425143241882324,-0.22833144664764404,2.0,0.75,66.51629072681705,0.3878196905809899,1
script3_speakerA_skip.wav,3,A,skip,6,33.0,27.450980392156865,0.33427053689956665,0.15172810852527618,-0.18254242837429047,0.0,0.08333333333333333,59.87714383999214,0.45495142889594564,0
script3_speakerA_skip.wav,3,A,skip,6,34.0,54.0983606557377,0.575677216053009,0.1780586540699005,-0.3976185619831085,1.0,0.25,51.94501844453629,0.4534478287547149,0
script3_speakerA_skip.wav,3,A,skip,6,35.0,61.19402985074627,0.6054944396018982,0.2615286707878113,-0.3439657688140869,2.0,0.3333333333333333,47.58112363288028,0.6056363685568799,0
script3_speakerA_skip.wav,3,A,skip,6,36.0,72.36842105263158,0.7211775779724121,0.2521975040435791,-0.468980073928833,3.0,0.5833333333333334,62.55360385303852,0.4224283432934383,0
script3_speakerA_skip.wav,3,A,skip,6,37.0,38.064516129032256,0.6623489856719971,0.2916184663772583,-0.37073051929473877,4.0,0.5833333333333334,57.208989010803364,0.24460477146141768,0
script3_speakerA_skip.wav,3,A,skip,6,38.0,31.16883116883117,0.3428223133087158,0.27117931842803955,-0.07164299488067627,5.0,0.5833333333333334,47.200589450165,0.5906197032223381,1
script3_speakerA_skip.wav,3,A,skip,7,39.0,27.27272727272727,0.43610432744026184,0.13200624287128448,-0.30409808456897736,0.0,0.2,32.16869152353023,0.7119422420932885,0
script3_speakerA_skip.wav,3,A,skip,7,40.0,74.74747474747474,0.5653859972953796,0.26128584146499634,-0.3041001558303833,1.0,0.6,44.39634439634439,0.4273642601149403,0
script3_speakerA_skip.wav,3,A,skip,7,41.0,85.45454545454545,0.70689857006073,0.24455882608890533,-0.46233974397182465,2.0,0.7,62.49158249158249,0.2884859643193192,1
script3_speakerA_skip.wav,3,A,skip,8,42.0,33.333333333333336,0.3509088158607483,0.13177606463432312,-0.21913275122642517,0.0,0.21428571428571427,64.51178451178451,0.37877940608840716,0
script3_speakerA_skip.wav,3,A,skip,8,43.0,64.46280991735537,0.5294151306152344,0.1735438108444214,-0.355871319770813,1.0,0.42857142857142855,61.08356290174472,0.44675763379418115,0
script3_speakerA_skip.wav,3,A,skip,8,44.0,77.03703703703704,0.59337317943573,0.18150442838668823,-0.41186875104904175,2.0,0.6428571428571429,58.27772676257525,0.6405861830664175,0
script3_speakerA_skip.wav,3,A,skip,8,45.0,93.08176100628931,0.8899451494216919,0.2375798523426056,-0.6523652970790863,3.0,0.8571428571428571,78.19386932022724,0.5701323978446208,0
script3_speakerA_skip.wav,3,A,skip,8,46.0,81.87919463087249,0.8041443228721619,0.313593327999115,-0.4905509948730469,4.0,0.8571428571428571,83.99933089139961,0.6267960854758973,1
script3_speakerA_skip.wav,3,A,skip,9,47.0,31.999999999999996,0.40993160009384155,0.10114198923110962,-0.30878961086273193,0.0,0.15384615384615385,68.98698521238727,0.575886357002527,0
script3_speakerA_skip.wav,3,A,skip,9,48.0,57.60000000000001,0.6807994246482849,0.2343166023492813,-0.4464828222990036,1.0,0.38461538461538464,57.15973154362416,0.5577397141703111,0
script3_speakerA_skip.wav,3,A,skip,9,49.0,71.14093959731544,0.6767088770866394,0.2526031732559204,-0.424105703830719,2.0,0.6153846153846154,53.58031319910515,0.373882140585236,0
script3_speakerA_skip.wav,3,A,skip,9,50.0,71.00591715976333,0.6482488512992859,0.21637365221977234,-0.43187519907951355,3.0,0.6153846153846154,66.58228558569293,0.49034172340505117,0
script3_speakerA_skip.wav,3,A,skip,9,51.0,69.6774193548387,0.3414933979511261,0.1293213963508606,-0.2121720016002655,4.0,0.6153846153846154,70.60809203730582,0.39843135771882876,1
script3_speakerA_skip.wav,3,A,skip,10,52.0,30.303030303030297,0.2965933680534363,0.20631101727485657,-0.09028235077857971,0.0,0.18181818181818182,56.995455605877446,0.5683477380086717,0
script3_speakerA_skip.wav,3,A,skip,10,53.0,56.4516129032258,0.5164018273353577,0.22649835050106049,-0.2899034768342972,1.0,0.45454545454545453,52.144020853698265,0.5256058609803967,0
script3_speakerA_skip.wav,3,A,skip,10,54.0,66.18705035971223,0.5249148011207581,0.21806636452674866,-0.3068484365940094,2.0,0.5454545454545454,50.98056452198944,0.675878692379669,0
script3_speakerA_skip.wav,3,A,skip,10,55.0,67.08860759493672,0.47640883922576904,0.1907910406589508,-0.28561779856681824,3.0,0.5454545454545454,63.242423619291586,0.25252456060965023,0
script3_speakerA_skip.wav,3,A,skip,10,56.0,63.41463414634146,0.5181385278701782,0.081128790974617,-0.4370097368955612,4.0,0.5454545454545454,65.56343070033014,0.37054883628592766,0
script3_speakerA_skip.wav,3,A,skip,10,57.0,49.29577464788733,0.464324414730072,0.1551809161901474,-0.3091434985399246,5.0,0.5454545454545454,59.93300546305517,0.47410371488596104,1
script3_speakerA_skip.wav,3,A,skip,11,58.0,43.18181818181818,0.5214399099349976,0.16596072912216187,-0.3554791808128357,0.0,0.3333333333333333,51.964075658682326,0.5181297965312744,0
script3_speakerA_skip.wav,3,A,skip,11,59.0,62.857142857142854,0.5008243322372437,0.1609591692686081,-0.33986516296863556,1.0,0.5,51.77824522894945,0.44749247087337385,0
script3_speakerA_skip.wav,3,A,skip,11,60.0,62.18487394957983,0.4345249533653259,0.17335231602191925,-0.2611726373434067,2.0,0.5833333333333334,56.074611662846955,0.3845422852407928,0
script3_speakerA_skip.wav,3,A,skip,11,61.0,71.31782945736434,0.6693057417869568,0.30932489037513733,-0.35998085141181946,3.0,0.6666666666666666,65.45328208802901,0.34256154642943903,1
script3_speakerA_skip.wav,3,A,skip,12,62.0,22.988505747126442,0.26627251505851746,0.09275805950164795,-0.1735144555568695,0.0,0.08333333333333333,52.1637363846902,0.3884593111280736,0
script3_speakerA_skip.wav,3,A,skip,12,63.0,47.61904761904761,0.6549185514450073,0.20831462740898132,-0.446603924036026,1.0,0.3333333333333333,47.30846094117946,0.5267577956159287,0
script3_speakerA_skip.wav,3,A,skip,12,64.0,69.11764705882352,0.7147376537322998,0.23910200595855713,-0.4756356477737427,2.0,0.5,46.57506680833252,0.4011471204628239,0
script3_speakerA_skip.wav,3,A,skip,12,65.0,71.52317880794702,0.7294400930404663,0.23677243292331696,-0.49266766011714935,3.0,0.5,62.75329116193939,0.27479593231702615,0
script3_speakerA_skip.wav,3,A,skip,12,67.0,68.38709677419355,0.6984515190124512,0.6115293502807617,-0.08692216873168945,5.0,0.5,69.6759742136547,0.5535275560241378,1
script3_speakerA_skip.wav,3,A,skip,13,68.0,20.93023255813954,0.2889040410518646,0.17613452672958374,-0.11276951432228088,0.0,0.1,53.613502713426705,0.33448326844988985,0
script3_speakerA_skip.wav,3,A,skip,13,69.0,42.3728813559322,0.33287009596824646,0.11716938018798828,-0.21570071578025818,1.0,0.2,43.89673689608843,0.3399815953524565,0
script3_speakerA_skip.wav,3,A,skip,13,70.0,44.44444444444444,0.35015860199928284,0.11812150478363037,-0.23203709721565247,2.0,0.2,35.91585278617206,0.3549496224933287,0
script3_speakerA_skip.wav,3,A,skip,13,71.0,45.63758389261745,0.3723328709602356,0.13277363777160645,-0.23955923318862915,3.0,0.3,44.15163656433136,0.4540307159945467,1
script3_speakerA_skip.wav,3,A,skip,14,72.0,34.883720930232556,0.1156424731016159,0.05109015479683876,-0.06455231830477715,0.0,0.09090909090909091,41.655249755764814,0.44639390895970255,0
script3_speakerA_skip.wav,3,A,skip,14,73.0,60.7843137254902,0.2732560932636261,0.12539932131767273,-0.14785677194595337,1.0,0.2727272727272727,47.101872849446735,0.4341480977408138,0
script3_speakerA_skip.wav,3,A,skip,14,74.0,77.58620689655173,0.6953486800193787,0.10547997057437897,-0.5898687094449997,2.0,0.5454545454545454,57.75141385075816,0.5868718351304804,0
script3_speakerA_skip.wav,3,A,skip,14,75.0,75.59055118110236,0.532696545124054,0.04339810833334923,-0.4892984367907047,3.0,0.5454545454545454,71.32035726771477,0.3667110975949558,1
script3_speakerA_skip.wav,3,A,skip,15,76.0,34.693877551020414,0.4341742992401123,0.15367332100868225,-0.28050097823143005,0.0,0.3076923076923077,62.623545209558166,0.5976489753668011,0
script3_speakerA_skip.wav,3,A,skip,15,77.0,60.0,0.5273808240890503,0.26605209708213806,-0.26132872700691223,1.0,0.5384615384615384,56.76147624404092,0.6175578279169385,0
script3_speakerA_skip.wav,3,A,skip,15,78.0,66.18705035971223,0.8623733520507812,0.38052287697792053,-0.4818504750728607,2.0,0.6153846153846154,53.62697597024422,0.5752227219958691,0
script3_speakerA_skip.wav,3,A,skip,15,79.0,79.74683544303798,0.9062883257865906,0.4445589780807495,-0.46172934770584106,3.0,0.8461538461538461,68.64462860091673,0.332030039978807,0
script3_speakerA_skip.wav,3,A,skip,15,80.0,75.52447552447552,0.7040585279464722,0.4995647370815277,-0.20449379086494446,4.0,0.8461538461538461,73.8194537757419,0.3019325838902795,1
script3_speakerA_skip.wav,3,A,skip,16,81.0,24.71910112359551,0.28035521507263184,0.11955218017101288,-0.16080303490161896,0.0,0.13333333333333333,59.996804030369674,0.45146388355292916,0
script3_speakerA_skip.wav,3,A,skip,16,82.0,39.252336448598136,0.43259668350219727,0.1654338538646698,-0.26716282963752747,1.0,0.26666666666666666,46.49863769888972,0.4486020959218132,0
script3_speakerA_skip.wav,3,A,skip,16,83.0,45.52845528455285,0.4123219847679138,0.1489463448524475,-0.2633756399154663,2.0,0.3333333333333333,36.499964285582166,0.4703156221449913,0
script3_speakerA_skip.wav,3,A,skip,16,84.0,60.56338028169015,0.36659762263298035,0.12407007813453674,-0.2425275444984436,3.0,0.4666666666666667,48.44805733828038,0.38073061748196196,0
script3_speakerA_skip.wav,3,A,skip,16,85.0,63.76811594202898,0.13390734791755676,0.02510339953005314,-0.10880394838750362,4.0,0.5333333333333333,56.61998383609066,0.3601766111207958,0
script3_speakerA_skip.wav,3,A,skip,16,86.0,53.968253968253975,-0.018788563087582588,-0.016032719984650612,0.0027558431029319763,5.0,0.5333333333333333,59.43325006399103,0.3716849434672824,1
script3_speakerA_skip.wav,3,A,skip,17,87.0,11.494252873563216,0.2391260266304016,0.20839641988277435,-0.03072960674762726,0.0,0.0,43.07687426128206,0.33917783037018817,0
script3_speakerA_skip.wav,3,A,skip,17,88.0,34.61538461538461,0.33565831184387207,0.24590829014778137,-0.0897500216960907,1.0,0.18181818181818182,33.3592971524006,0.5096528273689057,0
script3_speakerA_skip.wav,3,A,skip,17,89.0,37.03703703703704,0.3671833276748657,0.2526340186595917,-0.11454930901527405,2.0,0.2727272727272727,27.71555817532829,0.5132757086093526,0
script3_speakerA_skip.wav,3,A,skip,17,90.0,47.74193548387097,0.30842873454093933,0.2557554543018341,-0.052673280239105225,3.0,0.2727272727272727,39.79811904543087,0.31703051072631266,0
script3_speakerA_skip.wav,3,A,skip,17,91.0,50.617283950617285,0.10604649782180786,0.05969315767288208,-0.04635334014892578,4.0,0.2727272727272727,45.13208549050843,0.33064320791404883,0
script3_speakerA_skip.wav,3,A,skip,17,92.0,39.743589743589745,0.11309388279914856,0.2089492678642273,0.09585538506507874,5.0,0.2727272727272727,46.034269726026,0.32588190846489024,0
script3_speakerA_skip.wav,3,A,skip,17,93.0,37.735849056603776,0.09445945173501968,0.1673266589641571,0.07286720722913742,6.0,0.2727272727272727,42.6989075836036,0.5187917803285297,1
script3_speakerA_skip.wav,3,A,skip,18,94.0,39.252336448598136,0.1549038589000702,0.15166878700256348,-0.003235071897506714,0.0,0.16666666666666666,38.91059174959722,0.3779650405831625,0
script3_speakerA_skip.wav,3,A,skip,18,95.0,57.36434108527132,0.3489879369735718,0.23933158814907074,-0.10965634882450104,1.0,0.3333333333333333,44.784175530157746,0.40122648902891495,0
script3_speakerA_skip.wav,3,A,skip,18,96.0,61.19402985074627,0.28663063049316406,0.21270641684532166,-0.07392421364784241,2.0,0.3333333333333333,52.603569128205244,0.5671903898419846,0
script3_speakerA_skip.wav,3,A,skip,18,97.0,61.111111111111114,0.25042739510536194,0.13617201149463654,-0.1142553836107254,3.0,0.3333333333333333,59.8898273490429,0.4455941279881943,0
script3_speakerA_skip.wav,3,A,skip,18,98.0,44.11764705882353,0.14810773730278015,-0.012621957808732986,-0.16072969511151314,4.0,0.3333333333333333,55.474262673560304,0.41973624452507924,0
script3_speakerA_skip.wav,3,A,skip,18,99.0,40.0,-0.0583522655069828,-0.09997806698083878,-0.04162580147385597,5.0,0.3333333333333333,48.40958605664488,0.710863537544943,1
script3_speakerA_skip.wav,3,A,skip,19,100.0,18.867924528301884,0.1667555719614029,0.05509048327803612,-0.11166508868336678,0.0,0.125,34.328523862375135,0.5210712768978785,0
script3_speakerA_skip.wav,3,A,skip,19,101.0,35.89743589743589,0.2729591429233551,0.2053527534008026,-0.06760638952255249,1.0,0.25,31.588453475245924,0.4536461050991164,0
script3_speakerA_skip.wav,3,A,skip,19,102.0,65.75342465753424,0.6693195104598999,0.20839165151119232,-0.4609278589487076,2.0,0.3125,40.17292836109067,0.4139123740455319,0
script3_speakerA_skip.wav,3,A,skip,19,103.0,78.10650887573965,0.8955239653587341,0.25435149669647217,-0.641172468662262,3.0,0.5625,59.91912314356993,0.6335949417091891,0
script3_speakerA_skip.wav,3,A,skip,19,104.0,65.49707602339181,0.8326123952865601,0.21380198001861572,-0.6188104152679443,4.0,0.5625,69.7856698522219,0.3327805296278662,0
script3_speakerA_skip.wav,3,A,skip,19,105.0,55.952380952380956,0.7994437217712402,0.2238292396068573,-0.5756144821643829,5.0,0.5625,66.51865528383748,0.6840647764566118,1
script3_speakerA_skip.wav,3,A,skip,23,106.0,52.5,0.41066429018974304,0.18381965160369873,-0.2268446385860443,0.0,0.5,57.98315232525759,0.5070383175769653,0
script3_speakerA_skip.wav,3,A,skip,23,107.0,49.523809523809526,0.3002391755580902,0.15057067573070526,-0.14966849982738495,1.0,0.5,52.65873015873016,0.3318690067241708,0
script3_speakerA_skip.wav,3,A,skip,23,108.0,47.706422018348626,0.3116607666015625,0.14164283871650696,-0.17001792788505554,2.0,0.5,49.910077180719384,0.29923314217456537,1
script3_speakerA_skip.wav,3,A,skip,24,109.0,20.45454545454546,0.12049207091331482,-0.006849214434623718,-0.12734128534793854,0.0,0.21428571428571427,39.228258998901204,0.29821839609568723,0
script3_speakerA_skip.wav,3,A,skip,24,110.0,41.584158415841586,0.26583898067474365,0.0027829743921756744,-0.263056006282568,1.0,0.21428571428571427,36.58170862957856,0.29319033053938603,0
script3_speakerA_skip.wav,3,A,skip,24,111.0,39.6551724137931,0.3572174310684204,0.1087382435798645,-0.2484791874885559,2.0,0.21428571428571427,33.89795876139338,0.531863664548839,0
script3_speakerA_skip.wav,3,A,skip,24,112.0,56.934306569343065,0.4433309733867645,0.15893203020095825,-0.2843989431858063,3.0,0.42857142857142855,46.05787913299258,0.46826028980633716,0
script3_speakerA_skip.wav,3,A,skip,24,113.0,65.71428571428571,0.5025157928466797,0.22291655838489532,-0.27959923446178436,4.0,0.5714285714285714,54.10125489914063,0.4163948331510673,1
script3_speakerA_skip.wav,3,A,skip,25,114.0,5.405405405405405,0.11554337292909622,0.11528226733207703,-0.00026110559701919556,0.0,0.08333333333333333,42.684665896344725,0.5513140001394133,0
script3_speakerA_skip.wav,3,A,skip,25,115.0,46.601941747572816,0.35193294286727905,0.24908000230789185,-0.10285294055938721,1.0,0.4166666666666667,39.24054428908798,0.5332809874030312,0
script3_speakerA_skip.wav,3,A,skip,25,116.0,66.12903225806453,0.448506236076355,0.203602135181427,-0.24490410089492798,2.0,0.5833333333333334,39.37879313701425,0.5436501223253909,0
script3_speakerA_skip.wav,3,A,skip,25,117.0,70.3448275862069,0.4111483097076416,0.14243769645690918,-0.2687106132507324,3.0,0.6666666666666666,61.025267197281416,0.4772220516001184,0
script3_speakerA_skip.wav,3,A,skip,25,119.0,66.23376623376623,0.39998966455459595,0.22729261219501495,-0.172697052359581,5.0,0.6666666666666666,67.56920869267923,0.6135475171949311,1
script3_speakerA_skip.wav,3,A,skip,26,120.0,19.999999999999996,0.1391911804676056,0.01488417200744152,-0.12430700846016407,0.0,0.14285714285714285,52.19286460665771,0.33101373189264577,0
script3_speakerA_skip.wav,3,A,skip,26,121.0,45.87155963302752,0.38278794288635254,0.17280158400535583,-0.2099863588809967,1.0,0.2857142857142857,44.03510862226459,0.458689257558987,0
script3_speakerA_skip.wav,3,A,skip,26,122.0,62.903225806451616,0.5442484021186829,0.18386617302894592,-0.36038222908973694,2.0,0.5,42.92492847982638,0.5177557654504781,0
script3_speakerA_skip.wav,3,A,skip,26,123.0,61.42857142857143,0.41650527715682983,0.1574745774269104,-0.25903069972991943,3.0,0.5,56.73445228935019,0.3688243545016575,0
script3_speakerA_skip.wav,3,A,skip,26,124.0,54.67625899280575,0.4272918701171875,0.12217853218317032,-0.3051133379340172,4.0,0.5,59.66935207594293,0.31408281731052523,1
script3_speakerA_skip.wav,3,A,skip,27,125.0,33.734939759036145,0.2765159010887146,0.11927404999732971,-0.1572418510913849,0.0,0.09090909090909091,49.94659006013777,0.4880302869316549,0
script3_speakerA_skip.wav,3,A,skip,27,126.0,47.916666666666664,0.41230231523513794,0.13589897751808167,-0.2764033377170563,1.0,0.18181818181818182,45.44262180616952,0.40996201871682963,0
script3_speakerA_skip.wav,3,A,skip,27,127.0,62.60869565217391,0.49209272861480713,0.11072418838739395,-0.3813685402274132,2.0,0.5454545454545454,48.08676735929224,0.504095077088753,0
script3_speakerA_skip.wav,3,A,skip,27,128.0,78.78787878787878,0.5179554224014282,0.10105124861001968,-0.41690417379140854,3.0,0.7272727272727273,63.10441370223978,0.3754229206235638,0
script3_speakerA_skip.wav,3,A,skip,27,129.0,61.29032258064516,0.5438965559005737,0.14768823981285095,-0.3962083160877228,4.0,0.7272727272727273,67.56229900689928,0.4980251098385373,1
script3_speakerA_skip.wav,3,A,skip,28,130.0,38.297872340425535,0.5594161748886108,0.06179392710328102,-0.4976222477853298,0.0,0.2727272727272727,59.45869123631649,0.5285386400818638,0
script3_speakerA_skip.wav,3,A,skip,28,131.0,56.07476635514019,0.7726931571960449,0.24071958661079407,-0.5319735705852509,1.0,0.36363636363636365,51.88765375873696,0.3904176499168223,0
script3_speakerA_skip.wav,3,A,skip,28,132.0,74.80916030534351,0.8837594985961914,0.23539981245994568,-0.6483596861362457,2.0,0.6363636363636364,56.39393300030308,0.46068433234647044,0
script3_speakerA_skip.wav,3,A,skip,28,133.0,82.01438848920863,0.9139321446418762,0.234111949801445,-0.6798201948404312,3.0,0.7272727272727273,70.96610504989744,0.33907472534342054,1
script3_speakerA_skip.wav,3,A,skip,29,134.0,30.612244897959183,0.5179411172866821,0.16987541317939758,-0.34806570410728455,0.0,0.23076923076923078,62.478597897503775,0.5566452443087322,0
script3_speakerA_skip.wav,3,A,skip,29,135.0,53.448275862068975,0.6309229135513306,0.2510485053062439,-0.37987440824508667,1.0,0.46153846153846156,55.35830308307893,0.4347668372482881,0
script3_speakerA_skip.wav,3,A,skip,29,136.0,61.224489795918366,0.5485337376594543,0.23438307642936707,-0.3141506612300873,2.0,0.46153846153846156,48.42833685198217,0.39840197020772855,0
script3_speakerA_skip.wav,3,A,skip,29,137.0,61.36363636363637,0.5171300768852234,0.20244772732257843,-0.31468234956264496,3.0,0.5384615384615384,58.67880067387457,0.3717971909151613,0
script3_speakerA_skip.wav,3,A,skip,29,138.0,58.62068965517242,0.18575303256511688,0.17517444491386414,-0.010578587651252747,4.0,0.6153846153846154,60.40293860490905,0.3915804964528012,0
script3_speakerA_skip.wav,3,A,skip,29,139.0,55.08982035928144,0.14521288871765137,0.07631539553403854,-0.06889749318361282,5.0,0.6153846153846154,58.35804879269674,0.27311980123254753,1
script3_speakerA_skip.wav,3,A,skip,30,140.0,23.15789473684211,0.05919737368822098,-0.029467884451150894,-0.08866525813937187,0.0,0.07142857142857142,45.62280158376532,0.546366650370161,0
script3_speakerA_skip.wav,3,A,skip,30,141.0,49.152542372881356,0.4650028347969055,0.25570088624954224,-0.20930194854736328,1.0,0.35714285714285715,42.4667524896683,0.5413796440768397,0
script3_speakerA_skip.wav,3,A,skip,30,142.0,57.36434108527132,0.6358122825622559,0.22017762064933777,-0.4156346619129181,2.0,0.5,43.224926064998265,0.41987683611670956,0
script3_speakerA_skip.wav,3,A,skip,30,143.0,61.038961038961034,0.5256052017211914,0.1681698113679886,-0.3574353903532028,3.0,0.5,55.85194816570457,0.41674939555801227,0
script3_speakerA_skip.wav,3,A,skip,30,144.0,76.25,0.8029370307922363,0.21444541215896606,-0.5884916186332703,4.0,0.7142857142857143,64.88443404141078,0.5836932527898065,0
script3_speakerA_skip.wav,3,A,skip,30,145.0,56.75675675675676,0.5153467655181885,0.06947210431098938,-0.4458746612071991,5.0,0.7142857142857143,64.68190593190593,0.291573859093672,0
script3_speakerA_skip.wav,3,A,skip,30,146.0,49.122807017543856,0.2702536880970001,0.004041586071252823,-0.2662121020257473,6.0,0.7142857142857143,60.70985459143354,0.4419934341813198,1
script3_speakerA_skip.wav,3,A,skip,31,147.0,34.285714285714285,0.3013802170753479,0.2536625564098358,-0.047717660665512085,0.0,0.23529411764705882,46.7217593533383,0.495437242187314,0
script3_speakerA_skip.wav,3,A,skip,31,148.0,50.0,0.22450780868530273,0.28533685207366943,0.0608290433883667,1.0,0.29411764705882354,44.469507101086045,0.5600853267321938,0
script3_speakerA_skip.wav,3,A,skip,31,149.0,60.40268456375839,0.44097059965133667,0.26856303215026855,-0.17240756750106812,2.0,0.47058823529411764,48.22946628315756,0.4835778639420664,0
script3_speakerA_skip.wav,3,A,skip,31,150.0,71.08433734939759,0.45412546396255493,0.3029387295246124,-0.1511867344379425,3.0,0.6470588235294118,60.49567397105199,0.4120599792316901,0
script3_speakerA_skip.wav,3,A,skip,31,153.0,61.904761904761905,0.34259146451950073,0.4291558861732483,0.08656442165374756,6.0,0.6470588235294118,64.46392793930596,0.379709126983589,1
script3_speakerA_skip.wav,3,A,skip,32,154.0,31.11111111111111,0.4692172110080719,0.44280344247817993,-0.026413768529891968,0.0,0.14285714285714285,54.700070121756866,0.48936507535614354,0
script3_speakerA_skip.wav,3,A,skip,32,155.0,49.152542372881356,0.28002631664276123,0.34358036518096924,0.06355404853820801,1.0,0.14285714285714285,47.389471796251456,0.3634840749834718,0
script3_speakerA_skip.wav,3,A,skip,32,156.0,50.74626865671642,0.34954774379730225,0.3696977496147156,0.02015000581741333,2.0,0.21428571428571427,43.669974046902965,0.2418013470314687,0
script3_speakerA_skip.wav,3,A,skip,32,157.0,49.66442953020134,0.33240216970443726,0.38028305768966675,0.04788088798522949,3.0,0.2857142857142857,49.85441351993304,0.501571025292813,1
script3_speakerA_skip.wav,3,A,skip,33,158.0,20.833333333333336,0.43167614936828613,0.10781227052211761,-0.3238638788461685,0.0,0.06666666666666667,40.41467717341703,0.44861724432660716,0
script3_speakerA_skip.wav,3,A,skip,33,160.0,35.29411764705882,0.5958932638168335,0.010551556944847107,-0.5853417068719864,2.0,0.2,35.263960170197834,0.2640665297608792,0
script3_speakerA_skip.wav,3,A,skip,33,161.0,41.7910447761194,0.6270164251327515,0.05549539253115654,-0.5715210326015949,3.0,0.3333333333333333,32.63949858550385,0.5812751736640986,0
script3_speakerA_skip.wav,3,A,skip,33,162.0,48.32214765100671,0.5353953242301941,0.043816208839416504,-0.4915791153907776,4.0,0.3333333333333333,41.80243669139497,0.4426668320393314,0
script3_speakerA_skip.wav,3,A,skip,33,163.0,61.43790849673203,0.2556818127632141,0.06159529462456703,-0.19408651813864708,5.0,0.3333333333333333,50.51703364128605,0.2756178650206522,0
script3_speakerA_skip.wav,3,A,skip,33,165.0,52.77777777777778,0.02630007266998291,0.23349569737911224,0.20719562470912933,7.0,0.3333333333333333,54.17927797517217,0.5825875975770107,1
script3_speakerA_skip.wav,3,A,skip,34,166.0,32.98969072164949,0.3901362717151642,0.12473643571138382,-0.26539983600378036,0.0,0.08333333333333333,49.06845899871976,0.5239273810072854,0
script3_speakerA_skip.wav,3,A,skip,34,167.0,57.8125,0.45221391320228577,0.22868424654006958,-0.2235296666622162,1.0,0.25,47.85998949980909,0.5443389126065021,0
script3_speakerA_skip.wav,3,A,skip,34,168.0,52.702702702702695,0.5090789794921875,0.2691494822502136,-0.23992949724197388,2.0,0.3333333333333333,47.83496447478406,0.5555350484965738,0
script3_speakerA_skip.wav,3,A,skip,34,169.0,54.54545454545454,0.5152432918548584,0.2644493579864502,-0.2507939338684082,3.0,0.3333333333333333,55.02021908271908,0.38784710181670995,1
script3_speakerA_skip.wav,3,A,skip,35,170.0,44.89795918367348,0.6916371583938599,0.10799222439527512,-0.5836449339985847,0.0,0.36363636363636365,50.71537214394357,0.6140758666615075,0
script3_speakerA_skip.wav,3,A,skip,35,172.0,68.90756302521008,0.8973044157028198,0.18695509433746338,-0.7103493213653564,2.0,0.5454545454545454,56.116992251446035,0.35663844982253806,0
script3_speakerA_skip.wav,3,A,skip,35,173.0,81.203007518797,0.9171736240386963,0.21443462371826172,-0.7027390003204346,3.0,0.7272727272727273,65.00284324256019,0.490124901538112,0
script3_speakerA_skip.wav,3,A,skip,35,174.0,84.93150684931507,0.9122573137283325,0.18644769489765167,-0.7258096188306808,4.0,0.8181818181818182,78.34735913110738,0.432624539252467,0
script3_speakerA_skip.wav,3,A,skip,35,175.0,70.83333333333333,0.5105301141738892,0.19604510068893433,-0.31448501348495483,5.0,0.8181818181818182,78.98928256714846,0.49278374243057693,1
script3_speakerA_skip.wav,3,A,skip,36,176.0,46.34146341463414,0.4295443296432495,0.4349299967288971,0.005385667085647583,0.0,0.3076923076923077,67.36876786576084,0.4471244599709715,0
script3_speakerA_skip.wav,3,A,skip,36,177.0,53.21100917431192,0.20880992710590363,0.15028005838394165,-0.058529868721961975,1.0,0.38461538461538464,56.795268640759794,0.4632268734151757,0
script3_speakerA_skip.wav,3,A,skip,36,178.0,52.17391304347826,0.23282864689826965,0.17082637548446655,-0.0620022714138031,2.0,0.38461538461538464,50.57546187747477,0.3273361999560058,0
script3_speakerA_skip.wav,3,A,skip,36,179.0,51.2,0.28090882301330566,0.24575912952423096,-0.03514969348907471,3.0,0.38461538461538464,52.19497407259673,0.39194480430284395,1
script3_speakerA_skip.wav,3,A,skip,37,180.0,19.999999999999996,0.11424195766448975,0.04439105838537216,-0.06985089927911758,0.0,0.1111111111111111,41.12463768115942,0.24673419847893757,0
script3_speakerA_skip.wav,3,A,skip,37,181.0,47.05882352941176,0.27655503153800964,0.15567611157894135,-0.1208789199590683,1.0,0.2222222222222222,39.41960784313726,0.4605656404138805,0
script3_speakerA_skip.wav,3,A,skip,37,182.0,52.727272727272734,0.24603790044784546,0.1252617985010147,-0.12077610194683075,2.0,0.2222222222222222,39.928698752228165,0.40599296429527604,0
script3_speakerA_skip.wav,3,A,skip,37,183.0,57.14285714285714,0.18499773740768433,0.10275926440954208,-0.08223847299814224,3.0,0.3333333333333333,52.309651133180544,0.32426490249504375,0
script3_speakerA_skip.wav,3,A,skip,37,184.0,51.37614678899083,0.21927976608276367,0.15840941667556763,-0.060870349407196045,4.0,0.3333333333333333,53.748758886373565,0.39112950437432886,1
script3_speakerA_skip.wav,3,A,skip,38,185.0,24.096385542168676,0.01722332090139389,-0.09270796924829483,-0.10993129014968872,0.0,0.0,44.20512982467221,0.30949699264569336,0
script3_speakerA_skip.wav,3,A,skip,38,186.0,41.584158415841586,0.10177378356456757,-0.11071568727493286,-0.21248947083950043,1.0,0.15384615384615385,39.01889691566703,0.37274816912390085,0
script3_speakerA_skip.wav,3,A,skip,38,187.0,62.71186440677966,0.2768906056880951,0.05471951141953468,-0.2221710942685604,2.0,0.38461538461538464,42.797469454929974,0.5527181024217911,0
script3_speakerA_skip.wav,3,A,skip,38,189.0,66.16541353383458,0.33919161558151245,0.07613828033208847,-0.263053335249424,4.0,0.46153846153846156,56.82047878548528,0.6248532063561143,1
script3_speakerA_skip.wav,3,A,skip,39,190.0,23.913043478260864,0.15400172770023346,0.18385283648967743,0.02985110878944397,0.0,0.07692307692307693,50.930107139625036,0.4456551304352128,0
script3_speakerA_skip.wav,3,A,skip,39,191.0,42.592592592592595,0.4258813261985779,0.17487092316150665,-0.25101040303707123,1.0,0.07692307692307693,44.22368320156268,0.4373693514556482,0
script3_speakerA_skip.wav,3,A,skip,39,192.0,62.01550387596899,0.4579767882823944,0.16201992332935333,-0.2959568649530411,2.0,0.3076923076923077,42.84037998227415,0.5972403737678239,0
script3_speakerA_skip.wav,3,A,skip,39,193.0,74.64788732394366,0.5479823350906372,0.2022765576839447,-0.3457057774066925,3.0,0.46153846153846156,59.75199459750175,0.4258411389306423,0
script3_speakerA_skip.wav,3,A,skip,39,194.0,72.34042553191489,0.596208930015564,0.3551855683326721,-0.24102336168289185,4.0,0.6153846153846154,69.66793891060918,0.47824714262173174,1
script3_speakerA_skip.wav,3,A,skip,40,195.0,41.666666666666664,0.44405850768089294,0.1289944350719452,-0.31506407260894775,0.0,0.14285714285714285,62.88499317417507,0.4546693797825194,0
script3_speakerA_skip.wav,3,A,skip,40,196.0,55.46218487394958,0.49111732840538025,0.0971355140209198,-0.39398181438446045,1.0,0.2857142857142857,56.48975902417705,0.3533333619660683,0
script3_speakerA_skip.wav,3,A,skip,40,197.0,59.42028985507246,0.5399336218833923,0.12553581595420837,-0.41439780592918396,2.0,0.42857142857142855,52.18304713189624,0.3685482561694677,0
script3_speakerA_skip.wav,3,A,skip,40,198.0,65.27777777777779,0.5793941020965576,0.14637984335422516,-0.43301425874233246,3.0,0.5,60.05341750226661,0.28532112016776234,0
script3_speakerA_skip.wav,3,A,skip,40,199.0,45.51724137931035,0.43530356884002686,0.33733099699020386,-0.097972571849823,4.0,0.5,56.738436337386865,0.36632211027879796,1
script3_speakerA_skip.wav,3,A,skip,41,200.0,30.927835051546392,0.19408997893333435,0.0795036107301712,-0.11458636820316315,0.0,0.14285714285714285,47.240951402878174,0.5498753746676512,0
script3_speakerA_skip.wav,3,A,skip,41,201.0,57.851239669421496,0.45152321457862854,0.1717141568660736,-0.27980905771255493,1.0,0.35714285714285715,44.765438700092744,0.5074931826058978,0
script3_speakerA_skip.wav,3,A,skip,41,202.0,71.32867132867133,0.5921303033828735,0.18689340353012085,-0.4052368998527527,2.0,0.5,53.36924868321307,0.44817271563933425,0
script3_speakerA_skip.wav,3,A,skip,41,203.0,70.0,0.6579568386077881,0.2639063596725464,-0.3940504789352417,3.0,0.5714285714285714,66.39330366603095,0.3830254586612212,0
script3_speakerA_skip.wav,3,A,skip,41,204.0,57.53424657534247,0.6185197830200195,0.243439182639122,-0.3750806003808975,4.0,0.5714285714285714,66.28763930133793,0.4610909358165693,1
script3_speakerA_skip.wav,3,A,skip,42,205.0,38.26086956521739,0.3191801905632019,0.1135144829750061,-0.2056657075881958,0.0,0.2857142857142857,55.26503871351996,0.4522037633379774,0
script3_speakerA_skip.wav,3,A,skip,42,206.0,63.76811594202898,0.453524649143219,0.16437223553657532,-0.2891524136066437,1.0,0.5,53.18774402752961,0.4730565136325716,0
script3_speakerA_skip.wav,3,A,skip,42,207.0,77.12418300653596,0.479026198387146,0.11628668010234833,-0.36273951828479767,2.0,0.6428571428571429,59.71772283792744,0.37877141821078797,0
script3_speakerA_skip.wav,3,A,skip,42,208.0,71.00591715976333,0.5280114412307739,0.14643146097660065,-0.3815799802541733,3.0,0.6428571428571429,70.6327387027761,0.4471973022521566,0
script3_speakerA_skip.wav,3,A,skip,42,209.0,61.53846153846154,0.5226345062255859,0.2129426896572113,-0.30969181656837463,4.0,0.6428571428571429,69.8895205682536,0.3385871479888823,0
script3_speakerA_skip.wav,3,A,skip,42,210.0,46.15384615384615,0.371304988861084,0.2306884378194809,-0.1406165510416031,5.0,0.6428571428571429,59.56607495069034,0.447396329706312,1
script3_speakerA_skip.wav,3,A,skip,43,211.0,25.581395348837212,0.09814979135990143,-0.042408719658851624,-0.14055851101875305,0.0,0.09090909090909091,44.424567680381635,0.40855835403055146,0
script3_speakerA_skip.wav,3,A,skip,43,212.0,36.0,0.1047620102763176,0.014151118695735931,-0.09061089158058167,1.0,0.18181818181818182,35.911747167561124,0.36367527131718164,0
script3_speakerA_skip.wav,3,A,skip,43,213.0,42.01680672268907,0.18957167863845825,0.017125416547060013,-0.17244626209139824,2.0,0.2727272727272727,34.532734023842096,0.39779815170544447,0
script3_speakerA_skip.wav,3,A,skip,43,214.0,54.26356589147288,0.3112470507621765,-0.0014431625604629517,-0.31269021332263947,3.0,0.45454545454545453,44.09345753805398,0.41296987168414817,0
script3_speakerA_skip.wav,3,A,skip,43,215.0,51.85185185185186,0.28055763244628906,0.07552504539489746,-0.2050325870513916,4.0,0.45454545454545453,49.37740815533794,0.5931742554312823,1
script3_speakerA_skip.wav,3,A,skip,44,216.0,29.47368421052632,0.03195412456989288,0.13759595155715942,0.10564182698726654,0.0,0.08333333333333333,45.196367317950354,0.43064632381039514,0
script3_speakerA_skip.wav,3,A,skip,44,217.0,43.63636363636364,0.017375783994793892,0.1433168202638626,0.12594103626906872,1.0,0.16666666666666666,41.65396656624728,0.5225435679839379,0
script3_speakerA_skip.wav,3,A,skip,44,218.0,57.8125,0.36515605449676514,0.3503962755203247,-0.01475977897644043,2.0,0.3333333333333333,43.64084928229666,0.45459782485360445,0
script3_speakerA_skip.wav,3,A,skip,44,220.0,68.42105263157895,0.37948310375213623,0.5188696980476379,0.1393865942955017,4.0,0.4166666666666667,56.623305422647526,0.47928937316814685,1
script3_speakerA_skip.wav,3,A,skip,45,221.0,27.956989247311824,0.2926270067691803,0.13455085456371307,-0.15807615220546722,0.0,0.15384615384615385,51.39684729296359,0.39661103328282377,0
script3_speakerA_skip.wav,3,A,skip,45,222.0,59.32203389830508,0.36781632900238037,0.15016880631446838,-0.217647522687912,1.0,0.38461538461538464,51.90002525906528,0.23476172725188496,0
script3_speakerA_skip.wav,3,A,skip,45,223.0,76.92307692307692,0.4181896150112152,0.2563268542289734,-0.16186276078224182,2.0,0.6153846153846154,54.73403335623127,0.6474077672652602,0
script3_speakerA_skip.wav,3,A,skip,45,224.0,76.62337662337663,0.37660205364227295,0.2404273897409439,-0.13617466390132904,3.0,0.6153846153846154,70.9561624815862,0.45004185148166065,1
script3_speakerA_skip.wav,3,A,skip,46,225.0,26.80412371134021,0.25313225388526917,0.07867828756570816,-0.174453966319561,0.0,0.16666666666666666,60.11685908593125,0.4058484119061241,0
script3_speakerA_skip.wav,3,A,skip,46,226.0,42.85714285714286,0.48647341132164,0.23745015263557434,-0.24902325868606567,1.0,0.25,48.7615477306199,0.4630709886864378,0
script3_speakerA_skip.wav,3,A,skip,46,227.0,63.07692307692307,0.5554447770118713,0.1917981654405594,-0.36364661157131195,2.0,0.4166666666666667,44.24606321513538,0.41724779375786747,0
script3_speakerA_skip.wav,3,A,skip,46,228.0,73.61111111111111,0.5727818012237549,0.2003631889820099,-0.372418612241745,3.0,0.5,59.84839234839235,0.5409816018906963,0
script3_speakerA_skip.wav,3,A,skip,46,229.0,69.50354609929079,0.5422160029411316,0.19064617156982422,-0.3515698313713074,4.0,0.5833333333333334,68.73052676244166,0.4397638625602605,0
script3_speakerA_skip.wav,3,A,skip,46,230.0,64.38356164383562,0.45179569721221924,0.31536805629730225,-0.136427640914917,5.0,0.6666666666666666,69.1660729514125,0.6463604942252735,1
script3_speakerA_skip.wav,3,A,skip,47,231.0,19.512195121951216,0.2755460739135742,0.13216325640678406,-0.14338281750679016,0.0,0.18181818181818182,51.133100955025874,0.3726159940747547,0
script3_speakerA_skip.wav,3,A,skip,47,232.0,49.01960784313726,0.5294058322906494,0.12042082846164703,-0.4089850038290024,1.0,0.36363636363636365,44.30512153630803,0.38076329725542823,0
script3_speakerA_skip.wav,3,A,skip,47,233.0,55.55555555555556,0.46596813201904297,0.08151816576719284,-0.38444996625185013,2.0,0.36363636363636365,41.36245284021468,0.4552543250610326,0
script3_speakerA_skip.wav,3,A,skip,47,234.0,64.0625,0.5289884805679321,0.10320074111223221,-0.4257877394556999,3.0,0.36363636363636365,56.21255446623094,0.39016681115958457,0
script3_speakerA_skip.wav,3,A,skip,47,235.0,58.53658536585367,0.5023269653320312,0.16116303205490112,-0.3411639332771301,4.0,0.36363636363636365,59.384880307136406,0.3673987467680375,1
script3_speakerA_skip.wav,3,A,skip,48,236.0,34.04255319148937,0.3527078330516815,0.10369258373975754,-0.24901524931192398,0.0,0.14285714285714285,52.21387951911434,0.4783046557537035,0
script3_speakerA_skip.wav,3,A,skip,48,237.0,43.69747899159664,0.381401002407074,0.04822671413421631,-0.33317428827285767,1.0,0.35714285714285715,45.42553918297989,0.5042078335855259,0
script3_speakerA_skip.wav,3,A,skip,48,238.0,55.072463768115945,0.41863739490509033,0.050377920269966125,-0.3682594746351242,2.0,0.6428571428571429,44.270831983733984,0.5108281346123417,0
script3_speakerA_skip.wav,3,A,skip,48,239.0,68.42105263157895,0.5626868009567261,0.0035326890647411346,-0.5591541118919849,3.0,0.7857142857142857,55.73033179709718,0.4993716843661588,0
script3_speakerA_skip.wav,3,A,skip,48,240.0,58.57142857142856,0.44677919149398804,0.06729017198085785,-0.3794890195131302,4.0,0.7857142857142857,60.68831499037449,0.5213216915399246,1
script3_speakerA_skip.wav,3,A,skip,49,241.0,17.391304347826086,0.10601291060447693,0.11728370189666748,0.011270791292190552,0.0,0.07142857142857142,48.12792851694453,0.37139177255499256,0
script3_speakerA_skip.wav,3,A,skip,49,242.0,41.73913043478261,0.45843178033828735,0.11251257359981537,-0.345919206738472,1.0,0.35714285714285715,39.23395445134575,0.38577348697288977,0
script3_speakerA_skip.wav,3,A,skip,49,243.0,59.25925925925925,0.5264118909835815,0.1903226673603058,-0.33608922362327576,2.0,0.5,39.463231347289316,0.44730657459427087,0
script3_speakerA_skip.wav,3,A,skip,49,244.0,75.9493670886076,0.5301951169967651,0.19434449076652527,-0.33585062623023987,3.0,0.7142857142857143,58.98258559421649,0.3757272504589923,0
script3_speakerA_skip.wav,3,A,skip,49,245.0,46.37681159420289,0.5821449756622314,0.34120798110961914,-0.2409369945526123,4.0,0.7142857142857143,60.52847931402325,0.3284695273316498,0
script3_speakerA_skip.wav,3,A,skip,49,246.0,38.827838827838825,0.2260916382074356,0.4170258939266205,0.19093425571918488,5.0,0.7142857142857143,53.71800583688311,0.5480110156944114,1
script3_speakerA_skip.wav,3,A,skip,50,247.0,47.916666666666664,0.33266252279281616,0.2043572962284088,-0.12830522656440735,0.0,0.36363636363636365,44.37377236290279,0.6515743240481395,0
script3_speakerA_skip.wav,3,A,skip,50,248.0,73.33333333333334,0.3153923451900482,0.15002086758613586,-0.16537147760391235,1.0,0.7272727272727273,53.35927960927961,0.41197353935346426,0
script3_speakerA_skip.wav,3,A,skip,50,249.0,77.86259541984732,0.24056121706962585,0.10068193823099136,-0.1398792788386345,2.0,0.7272727272727273,66.3708651399491,0.2912829903007536,0
script3_speakerA_skip.wav,3,A,skip,50,250.0,75.0,0.24462154507637024,0.11266285181045532,-0.13195869326591492,3.0,0.7272727272727273,75.39864291772689,0.5922866173747553,1
script3_speakerA_skip.wav,3,A,skip,51,251.0,33.684210526315795,0.262296587228775,0.07748094201087952,-0.1848156452178955,0.0,0.14285714285714285,62.18226864872104,0.5259596759934684,0
script3_speakerA_skip.wav,3,A,skip,51,252.0,44.03669724770643,0.23783376812934875,-0.06391703337430954,-0.3017508015036583,1.0,0.14285714285714285,50.90696925800741,0.36186448549216615,0
script3_speakerA_skip.wav,3,A,skip,51,253.0,47.86324786324786,0.2204102873802185,-0.08257497102022171,-0.3029852584004402,2.0,0.21428571428571427,41.86138521242336,0.4071669126969583,0
script3_speakerA_skip.wav,3,A,skip,51,254.0,53.52112676056338,0.2656663656234741,0.07402342557907104,-0.19164294004440308,3.0,0.2857142857142857,48.47369062383922,0.5226282455569008,0
script3_speakerA_skip.wav,3,A,skip,51,255.0,48.275862068965516,0.21293087303638458,0.07060042023658752,-0.14233045279979706,4.0,0.2857142857142857,49.886745564258916,0.42475017422397143,0
script3_speakerA_skip.wav,3,A,skip,51,257.0,41.717791411042946,0.15955623984336853,0.2941039800643921,0.13454774022102356,6.0,0.35714285714285715,47.838260080190615,0.5295470761782182,1
script3_speakerA_skip.wav,3,A,skip,52,259.0,20.512820512820518,0.22570279240608215,0.22570279240608215,0.0,0.0,0.08333333333333333,36.83549133094299,0.4577081115050411,0
script3_speakerA_skip.wav,3,A,skip,52,260.0,49.46236559139785,0.45000511407852173,0.45000511407852173,0.0,1.0,0.25,37.2309925050871,0.38118698855650035,0
